symbol,exchange,name,country,data,updated_at,fund_score
000100,KQ,,,"{""eps"": 910.0484, ""name"": ""Yuhan Corporation"", ""sector"": ""Health Technology"", ""country"": ""South Korea"", ""peRatio"": 122.41107176277657, ""industry"": ""Pharmaceuticals: Major"", ""marketCap"": 8396014735602.999, ""dividendYield"": 0.44130626}",2026-01-13 11:10:34.052584+00,
000105,KQ,,,"{""eps"": 910.0484, ""name"": ""Yuhan Corporation Pfd Non-Voting"", ""sector"": ""Health Technology"", ""country"": ""South Korea"", ""peRatio"": 110.65345535468224, ""industry"": ""Pharmaceuticals: Major"", ""marketCap"": 8396014735602.999, ""dividendYield"": 0.5019685}",2026-01-13 11:10:34.284615+00,
000150,KQ,,,"{""eps"": 3690.8843, ""name"": ""Doosan Corporation"", ""sector"": ""Producer Manufacturing"", ""country"": ""South Korea"", ""peRatio"": 218.06511845604797, ""industry"": ""Trucks/Construction/Farm Machinery"", ""marketCap"": 12323457512856.0, ""dividendYield"": 0.26773763}",2026-01-13 11:12:19.85178+00,
000180,KQ,,,"{""eps"": -152.6159, ""name"": ""Sungchang Enterprise Holdings Ltd."", ""sector"": ""Non-Energy Minerals"", ""country"": ""South Korea"", ""peRatio"": null, ""industry"": ""Forest Products"", ""marketCap"": 98559013870.0, ""dividendYield"": null}",2026-01-13 10:52:44.204341+00,
000215,KQ,,,"{""eps"": -1195.9806, ""name"": ""DL Holdings Co., Ltd. Pfd Registered Shs Non-Voting"", ""sector"": ""Process Industries"", ""country"": ""South Korea"", ""peRatio"": null, ""industry"": ""Chemicals: Specialty"", ""marketCap"": 770876112390.0, ""dividendYield"": 4.816514}",2026-01-13 11:12:20.73282+00,
000220,KQ,,,"{""eps"": 304.3926, ""name"": ""Yuyu Pharma, Inc."", ""sector"": ""Health Technology"", ""country"": ""South Korea"", ""peRatio"": 75.7173835780842, ""industry"": ""Pharmaceuticals: Major"", ""marketCap"": 70312419047.0, ""dividendYield"": 2.1929824}",2026-01-13 11:12:20.472747+00,
000225,KQ,,,"{""eps"": 304.3926, ""name"": ""Yuyu Pharma, Inc. Pfd Registered II Issue 99"", ""sector"": ""Health Technology"", ""country"": ""South Korea"", ""peRatio"": 83.18610508748706, ""industry"": ""Pharmaceuticals: Major"", ""marketCap"": 70312419047.0, ""dividendYield"": 2.1929824}",2026-01-13 11:10:34.505073+00,
000227,KQ,,,"{""eps"": 304.3926, ""name"": ""Yuyu Pharma, Inc. Pfd Registered Non-Voting/Issue 00"", ""sector"": ""Health Technology"", ""country"": ""South Korea"", ""peRatio"": 188.17744308748362, ""industry"": ""Pharmaceuticals: Major"", ""marketCap"": 70312419047.0, ""dividendYield"": 2.1929824}",2026-01-13 11:12:20.965429+00,
000230,KQ,,,"{""eps"": 5926.2143, ""name"": ""Ildong Holdings Co., Ltd"", ""sector"": ""Health Technology"", ""country"": ""South Korea"", ""peRatio"": 2.365369904553533, ""industry"": ""Pharmaceuticals: Major"", ""marketCap"": 151426919689.0, ""dividendYield"": 0.0}",2026-01-13 11:12:24.725059+00,
000250,KQ,,,"{""eps"": -490.3235, ""name"": ""Sam Chun Dang Pharm. Co., Ltd."", ""sector"": ""Health Technology"", ""country"": ""South Korea"", ""peRatio"": null, ""industry"": ""Pharmaceuticals: Major"", ""marketCap"": 6058571714401.0, ""dividendYield"": 0.08113591}",2026-01-13 11:12:24.267232+00,
000320,KQ,,,"{""eps"": 3183.5963, ""name"": ""Noroo Holdings Co., Ltd"", ""sector"": ""Process Industries"", ""country"": ""South Korea"", ""peRatio"": 6.187970503672215, ""industry"": ""Industrial Specialties"", ""marketCap"": 213254331696.0, ""dividendYield"": 2.682927}",2026-01-13 11:12:24.958141+00,
000325,KQ,,,"{""eps"": 3183.5963, ""name"": ""Noroo Holdings Co Ltd Pfd Registered Shs Non-Voting"", ""sector"": ""Process Industries"", ""country"": ""South Korea"", ""peRatio"": 9.109195157690062, ""industry"": ""Industrial Specialties"", ""marketCap"": 216848070720.0, ""dividendYield"": 1.9104991}",2026-01-12 21:07:46.980661+00,
000390,KQ,,,"{""eps"": 328.805, ""name"": ""Samhwa Paint Industrial Co., Ltd."", ""sector"": ""Process Industries"", ""country"": ""South Korea"", ""peRatio"": 20.255166436033516, ""industry"": ""Industrial Specialties"", ""marketCap"": 166507488937.0, ""dividendYield"": 5.1928782}",2026-01-13 11:12:24.496539+00,
000400,KQ,,,"{""eps"": 115.401, ""name"": ""Lotte Non-Life Insurance Co., Ltd"", ""sector"": ""Finance"", ""country"": ""South Korea"", ""peRatio"": 14.42795123092521, ""industry"": ""Property/Casualty Insurance"", ""marketCap"": 515595557373.0, ""dividendYield"": null}",2026-01-13 11:12:25.184915+00,
000430,KQ,,,"{""eps"": 169.0472, ""name"": ""DAEWON KANG UP Co., Ltd."", ""sector"": ""Producer Manufacturing"", ""country"": ""South Korea"", ""peRatio"": 25.821190768022184, ""industry"": ""Auto Parts: OEM"", ""marketCap"": 263810000000.0, ""dividendYield"": 2.628435}",2026-01-13 11:12:27.37825+00,
000440,KQ,,,"{""eps"": -285.4866, ""name"": ""Joong Ang Enervis Co., Ltd."", ""sector"": ""Distribution Services"", ""country"": ""South Korea"", ""peRatio"": null, ""industry"": ""Wholesale Distributors"", ""marketCap"": 72005480881.0, ""dividendYield"": 2.036919}",2026-01-13 11:12:27.172958+00,
000480,KQ,,,"{""eps"": -492.7216, ""name"": ""CR Holdings Co., LTD."", ""sector"": ""Producer Manufacturing"", ""country"": ""South Korea"", ""peRatio"": null, ""industry"": ""Miscellaneous Manufacturing"", ""marketCap"": 194754394226.0, ""dividendYield"": 8.732695}",2026-01-13 11:12:27.624688+00,
000500,KQ,,,"{""eps"": 3029.6746, ""name"": ""Gaon Cable Co., Ltd."", ""sector"": ""Producer Manufacturing"", ""country"": ""South Korea"", ""peRatio"": 30.762379563798703, ""industry"": ""Electrical Products"", ""marketCap"": 1498806274796.0, ""dividendYield"": null}",2026-01-13 11:12:26.737117+00,
000520,KQ,,,"{""eps"": -1274.8226, ""name"": ""Samil Pharmaceutical Co., Ltd."", ""sector"": ""Health Technology"", ""country"": ""South Korea"", ""peRatio"": null, ""industry"": ""Pharmaceuticals: Major"", ""marketCap"": 204296289139.0, ""dividendYield"": null}",2026-01-13 11:12:26.948843+00,
000540,KQ,,,"{""eps"": 749.8109, ""name"": ""Heungkuk Fire & Marine Insurance Co., Ltd"", ""sector"": ""Finance"", ""country"": ""South Korea"", ""peRatio"": 4.602939131866782, ""industry"": ""Multi-Line Insurance"", ""marketCap"": 224214367170.0, ""dividendYield"": null}",2026-01-13 11:12:30.119047+00,
000545,KQ,,,"{""eps"": 749.8109, ""name"": ""Heungkuk Fire & Marine Insurance Co Ltd Pfd Registered Shs Non-Voting"", ""sector"": ""Finance"", ""country"": ""South Korea"", ""peRatio"": 9.50284207869271, ""industry"": ""Multi-Line Insurance"", ""marketCap"": 224214367170.0, ""dividendYield"": null}",2026-01-13 11:12:30.361434+00,
000640,KQ,,,"{""eps"": 16727.9966, ""name"": ""Dong-A Socio Holdings Co., Ltd."", ""sector"": ""Health Technology"", ""country"": ""South Korea"", ""peRatio"": 6.3366823018125205, ""industry"": ""Pharmaceuticals: Major"", ""marketCap"": 692111266851.0, ""dividendYield"": 1.5674237}",2026-01-13 11:12:29.907426+00,
000650,KQ,,,"{""eps"": -2396.4795, ""name"": ""Chunil Express Co., Ltd"", ""sector"": ""Transportation"", ""country"": ""South Korea"", ""peRatio"": null, ""industry"": ""Other Transportation"", ""marketCap"": 377455764055.0, ""dividendYield"": null}",2026-01-13 11:12:29.418534+00,
000670,KQ,,,"{""eps"": -11469.6151, ""name"": ""Young Poong Corporation"", ""sector"": ""Electronic Technology"", ""country"": ""South Korea"", ""peRatio"": null, ""industry"": ""Electronic Components"", ""marketCap"": 853206236362.0, ""dividendYield"": 0.010338096}",2026-01-13 11:12:29.682009+00,
000680,KQ,,,"{""eps"": -277.8198, ""name"": ""LS Networks Corporation Ltd."", ""sector"": ""Retail Trade"", ""country"": ""South Korea"", ""peRatio"": null, ""industry"": ""Specialty Stores"", ""marketCap"": 252046565018.0, ""dividendYield"": null}",2026-01-13 11:12:33.30527+00,
000700,KQ,,,"{""eps"": 592.7627, ""name"": ""EUSU HOLDINGS CO., LTD."", ""sector"": ""Transportation"", ""country"": ""South Korea"", ""peRatio"": 9.869042029803833, ""industry"": ""Marine Shipping"", ""marketCap"": 151823769188.0, ""dividendYield"": 6.0034304}",2026-01-13 11:12:33.527467+00,
000720,KQ,,,"{""eps"": -2371.1139, ""name"": ""Hyundai Engineering & Construction Co., Ltd"", ""sector"": ""Consumer Durables"", ""country"": ""South Korea"", ""peRatio"": null, ""industry"": ""Homebuilding"", ""marketCap"": 10209162989497.0, ""dividendYield"": 0.7915568}",2026-01-13 11:12:32.147509+00,
000725,KQ,,,"{""eps"": -2371.1139, ""name"": ""Hyundai Engineering and Construction Co Ltd Pfd Registered Shs Non-Voting"", ""sector"": ""Consumer Durables"", ""country"": ""South Korea"", ""peRatio"": null, ""industry"": ""Homebuilding"", ""marketCap"": 10209162989497.0, ""dividendYield"": 1.166966}",2026-01-13 11:12:33.023284+00,
000810,KQ,,,"{""eps"": 46828.7574, ""name"": ""Samsung Fire & Marine Insurance Co., Ltd"", ""sector"": ""Finance"", ""country"": ""South Korea"", ""peRatio"": 10.175371426789129, ""industry"": ""Property/Casualty Insurance"", ""marketCap"": 19278269761920.0, ""dividendYield"": 4.042553}",2026-01-13 11:12:32.692592+00,
000815,KQ,,,"{""eps"": 46828.7574, ""name"": ""Samsung Fire & Marine Insurance Co Ltd Pfd Non-Voting"", ""sector"": ""Finance"", ""country"": ""South Korea"", ""peRatio"": 7.634197870046409, ""industry"": ""Property/Casualty Insurance"", ""marketCap"": 19278269761920.0, ""dividendYield"": 5.2791667}",2026-01-13 11:12:35.250945+00,
000850,KQ,,,"{""eps"": 5937.2529, ""name"": ""Hwacheon Machine Tool Co., Ltd"", ""sector"": ""Producer Manufacturing"", ""country"": ""South Korea"", ""peRatio"": 6.122360056449675, ""industry"": ""Industrial Machinery"", ""marketCap"": 79860001731.0, ""dividendYield"": 2.892562}",2026-01-13 11:12:35.675283+00,
000860,KQ,,,"{""eps"": 454.5215, ""name"": ""Kangnam Jevisco Co.,Ltd"", ""sector"": ""Process Industries"", ""country"": ""South Korea"", ""peRatio"": 33.77177977279403, ""industry"": ""Industrial Specialties"", ""marketCap"": 205400000000.0, ""dividendYield"": 3.170577}",2026-01-13 11:12:35.471634+00,
000880,KQ,,,"{""eps"": 13874.5779, ""name"": ""Hanwha Corp"", ""sector"": ""Process Industries"", ""country"": ""South Korea"", ""peRatio"": 7.609734110544803, ""industry"": ""Industrial Specialties"", ""marketCap"": 6639233498383.0, ""dividendYield"": 2.093596}",2026-01-13 11:12:35.046497+00,
000890,KQ,,,"{""eps"": 57.2489, ""name"": ""Bohae Brewery Co., Ltd."", ""sector"": ""Consumer Non-Durables"", ""country"": ""South Korea"", ""peRatio"": 7.214112410893485, ""industry"": ""Beverages: Alcoholic"", ""marketCap"": 57301370697.0, ""dividendYield"": null}",2026-01-13 11:12:39.297469+00,
000910,KQ,,,"{""eps"": -888.9438, ""name"": ""Union Corporation"", ""sector"": ""Non-Energy Minerals"", ""country"": ""South Korea"", ""peRatio"": null, ""industry"": ""Construction Materials"", ""marketCap"": 70096169291.0, ""dividendYield"": 2.7839644}",2026-01-13 11:12:39.054511+00,
000950,KQ,,,"{""eps"": 26681.82, ""name"": ""Chonbang Co., Ltd"", ""sector"": ""Process Industries"", ""country"": ""South Korea"", ""peRatio"": 1.3248721414056464, ""industry"": ""Textiles"", ""marketCap"": 41191839820.0, ""dividendYield"": 2.8089888}",2026-01-13 11:12:39.77547+00,
000970,KQ,,,"{""eps"": 698.3464, ""name"": ""Korea Cast Iron Pipe Ind. Co., Ltd."", ""sector"": ""Producer Manufacturing"", ""country"": ""South Korea"", ""peRatio"": 9.594092559222759, ""industry"": ""Metal Fabrication"", ""marketCap"": 146274603271.0, ""dividendYield"": 6.0514374}",2026-01-13 11:12:39.545878+00,
000990,KQ,,,"{""eps"": 6061.8823, ""name"": ""DB HiTek Co. LTD"", ""sector"": ""Electronic Technology"", ""country"": ""South Korea"", ""peRatio"": 12.60334599370232, ""industry"": ""Semiconductors"", ""marketCap"": 2911380195618.0, ""dividendYield"": 1.7107093}",2026-01-13 11:12:38.832844+00,
001000,KQ,,,"{""eps"": -4.424, ""name"": ""Silla Textile Co., Ltd."", ""sector"": ""Process Industries"", ""country"": ""South Korea"", ""peRatio"": null, ""industry"": ""Textiles"", ""marketCap"": 53410584259.0, ""dividendYield"": null}",2026-01-13 11:12:42.581711+00,
001020,KQ,,,"{""eps"": -125.7424, ""name"": ""PaperCorea, Inc."", ""sector"": ""Process Industries"", ""country"": ""South Korea"", ""peRatio"": null, ""industry"": ""Pulp & Paper"", ""marketCap"": 108176258789.0, ""dividendYield"": null}",2026-01-13 11:12:42.807416+00,
001040,KQ,,,"{""eps"": 11513.0265, ""name"": ""CJ Corporation"", ""sector"": ""Consumer Non-Durables"", ""country"": ""South Korea"", ""peRatio"": 15.58234926324542, ""industry"": ""Food: Specialty/Candy"", ""marketCap"": 5654720342970.0, ""dividendYield"": 1.6910934}",2026-01-13 11:12:41.846694+00,
001045,KQ,,,"{""eps"": 11513.0265, ""name"": ""CJ Corporation Pfd Shs Non-Voting"", ""sector"": ""Consumer Non-Durables"", ""country"": ""South Korea"", ""peRatio"": 7.78248881820953, ""industry"": ""Food: Specialty/Candy"", ""marketCap"": 5654720342970.0, ""dividendYield"": 3.3333335}",2026-01-13 11:12:42.325346+00,
001060,KQ,,,"{""eps"": 2578.8556, ""name"": ""JW Pharmaceutical Corporation"", ""sector"": ""Health Technology"", ""country"": ""South Korea"", ""peRatio"": 10.644256312761366, ""industry"": ""Pharmaceuticals: Major"", ""marketCap"": 643299711508.0, ""dividendYield"": 1.6453382}",2026-01-13 11:12:42.099526+00,
001065,KQ,,,"{""eps"": 2578.8556, ""name"": ""JW PHARMACEUTICAL CORP Pfd Shs Non-Voting"", ""sector"": ""Health Technology"", ""country"": ""South Korea"", ""peRatio"": 11.10957899310066, ""industry"": ""Pharmaceuticals: Major"", ""marketCap"": 643299711508.0, ""dividendYield"": 1.6267123}",2026-01-13 11:12:44.883862+00,
001067,KQ,,,"{""eps"": 2578.8556, ""name"": ""JW PHARMACEUTICAL CORP Pfd Shs Non-Voting"", ""sector"": ""Health Technology"", ""country"": ""South Korea"", ""peRatio"": 23.072249566823363, ""industry"": ""Pharmaceuticals: Major"", ""marketCap"": 643299711508.0, ""dividendYield"": 1.6453382}",2026-01-13 11:12:45.145671+00,
001070,KQ,,,"{""eps"": -187.4079, ""name"": ""Taihan Textile Co., Ltd"", ""sector"": ""Process Industries"", ""country"": ""South Korea"", ""peRatio"": null, ""industry"": ""Textiles"", ""marketCap"": 22179613729.0, ""dividendYield"": null}",2026-01-13 11:12:44.657915+00,
001120,KQ,,,"{""eps"": 3207.0777, ""name"": ""LX INTERNATIONAL CORP."", ""sector"": ""Distribution Services"", ""country"": ""South Korea"", ""peRatio"": 10.19619823991168, ""industry"": ""Wholesale Distributors"", ""marketCap"": 1176150432587.0, ""dividendYield"": 6.2402496}",2026-01-13 11:12:44.236334+00,
001130,KQ,,,"{""eps"": 36491.6834, ""name"": ""Daehan Flour Mills Co., Ltd."", ""sector"": ""Process Industries"", ""country"": ""South Korea"", ""peRatio"": 3.8419712914641804, ""industry"": ""Agricultural Commodities/Milling"", ""marketCap"": 230002311730.0, ""dividendYield"": 2.4822695}",2026-01-13 11:12:44.43491+00,
001200,KQ,,,"{""eps"": 696.0347, ""name"": ""Eugene Investment & Securities Co., Ltd."", ""sector"": ""Finance"", ""country"": ""South Korea"", ""peRatio"": 4.913548132011234, ""industry"": ""Investment Banks/Brokers"", ""marketCap"": 315008282700.0, ""dividendYield"": 2.9154518}",2026-01-13 11:12:46.67652+00,
001210,KQ,,,"{""eps"": -218.6158, ""name"": ""Kumho Electric, Inc."", ""sector"": ""Electronic Technology"", ""country"": ""South Korea"", ""peRatio"": null, ""industry"": ""Semiconductors"", ""marketCap"": 50674575329.0, ""dividendYield"": null}",2026-01-13 11:12:46.469673+00,
001250,KQ,,,"{""eps"": 357.2637, ""name"": ""GS Global Corp."", ""sector"": ""Distribution Services"", ""country"": ""South Korea"", ""peRatio"": 6.367845375838631, ""industry"": ""Wholesale Distributors"", ""marketCap"": 186851630516.0, ""dividendYield"": 1.1185682}",2026-01-13 11:12:47.045726+00,
001260,KQ,,,"{""eps"": 478.4669, ""name"": ""Namkwang Engineering & Construction Co., Ltd."", ""sector"": ""Industrial Services"", ""country"": ""South Korea"", ""peRatio"": 17.033571183293976, ""industry"": ""Engineering & Construction"", ""marketCap"": 81045642614.0, ""dividendYield"": null}",2026-01-13 11:12:47.257664+00,
001270,KQ,,,"{""eps"": 5073.1826, ""name"": ""Bookook Securities Co., Ltd"", ""sector"": ""Finance"", ""country"": ""South Korea"", ""peRatio"": 10.900455268454165, ""industry"": ""Investment Banks/Brokers"", ""marketCap"": 414385498810.0, ""dividendYield"": 2.6690392}",2026-01-13 11:12:47.493802+00,
001275,KQ,,,"{""eps"": 5073.1826, ""name"": ""Bookook Securities Co., Ltd Non-Cum Pfd Registered Shs Non-Voting"", ""sector"": ""Finance"", ""country"": ""South Korea"", ""peRatio"": 5.5093621112711375, ""industry"": ""Investment Banks/Brokers"", ""marketCap"": 414385498810.0, ""dividendYield"": 5.525847}",2026-01-13 11:12:49.284422+00,
001290,KQ,,,"{""eps"": -182.2429, ""name"": ""SANGSANGININVESTMENT&SECURITIES CO.,LTD."", ""sector"": ""Finance"", ""country"": ""South Korea"", ""peRatio"": null, ""industry"": ""Investment Banks/Brokers"", ""marketCap"": 67265015373.0, ""dividendYield"": null}",2026-01-13 11:12:49.683945+00,
001360,KQ,,,"{""eps"": 566.4714, ""name"": ""SAMSUNG PHARMACEUTICAL.CO.,Ltd."", ""sector"": ""Health Technology"", ""country"": ""South Korea"", ""peRatio"": 2.5155727191169754, ""industry"": ""Pharmaceuticals: Major"", ""marketCap"": 135627352722.00002, ""dividendYield"": null}",2026-01-13 11:12:48.884045+00,
001380,KQ,,,"{""eps"": 109.7342, ""name"": ""SG GLOBAL CO., LTD"", ""sector"": ""Process Industries"", ""country"": ""South Korea"", ""peRatio"": 14.088588607744896, ""industry"": ""Textiles"", ""marketCap"": 70728601124.0, ""dividendYield"": null}",2026-01-13 11:12:49.082888+00,
001420,KQ,,,"{""eps"": 95.335, ""name"": ""TAE WON MULSAN Co., Ltd."", ""sector"": ""Non-Energy Minerals"", ""country"": ""South Korea"", ""peRatio"": 33.25116693764095, ""industry"": ""Construction Materials"", ""marketCap"": 23135952568.0, ""dividendYield"": 6.259781}",2026-01-13 11:12:49.470511+00,
001430,KQ,,,"{""eps"": 111.9653, ""name"": ""SeAH Besteel Holdings Corporation"", ""sector"": ""Non-Energy Minerals"", ""country"": ""South Korea"", ""peRatio"": 614.4760921464061, ""industry"": ""Steel"", ""marketCap"": 2449382904053.0, ""dividendYield"": 0.0}",2026-01-13 11:12:51.449536+00,
001440,KQ,,,"{""eps"": 239.8021, ""name"": ""Taihan Cable & Solution Co., Ltd."", ""sector"": ""Producer Manufacturing"", ""country"": ""South Korea"", ""peRatio"": 110.54439149901114, ""industry"": ""Metal Fabrication"", ""marketCap"": 4987645610046.0, ""dividendYield"": null}",2026-01-13 11:12:51.219144+00,
001450,KQ,,,"{""eps"": 13410.6808, ""name"": ""Hyundai Marine & Fire Insurance Co., Ltd."", ""sector"": ""Finance"", ""country"": ""South Korea"", ""peRatio"": 1.9723085199373322, ""industry"": ""Property/Casualty Insurance"", ""marketCap"": 2117191429138.0002, ""dividendYield"": null}",2026-01-13 11:12:51.672462+00,
001460,KQ,,,"{""eps"": 2329.3388, ""name"": ""BYC Co., Ltd"", ""sector"": ""Consumer Non-Durables"", ""country"": ""South Korea"", ""peRatio"": 18.20259036598712, ""industry"": ""Apparel/Footwear"", ""marketCap"": 304050460911.0, ""dividendYield"": 0.886076}",2026-01-13 11:12:51.874044+00,
001465,KQ,,,"{""eps"": 2329.3388, ""name"": ""BYC Co., Ltd Non-Cum Pfd Registered Shs Non-Voting"", ""sector"": ""Consumer Non-Durables"", ""country"": ""South Korea"", ""peRatio"": 9.95990793610616, ""industry"": ""Apparel/Footwear"", ""marketCap"": 304050460911.0, ""dividendYield"": 1.5268817}",2026-01-13 11:12:52.092007+00,
001515,KQ,,,"{""eps"": 8.3575, ""name"": ""Sk Securities Co Ltd Pfd Shs Non-Voting"", ""sector"": ""Finance"", ""country"": ""South Korea"", ""peRatio"": 277.5949745737362, ""industry"": ""Investment Banks/Brokers"", ""marketCap"": 280090324005.0, ""dividendYield"": 0.26373625}",2026-01-13 11:12:54.457127+00,
001520,KQ,,,"{""eps"": -410.3023, ""name"": ""TONGYANG Incorporated"", ""sector"": ""Non-Energy Minerals"", ""country"": ""South Korea"", ""peRatio"": null, ""industry"": ""Construction Materials"", ""marketCap"": 165309740990.0, ""dividendYield"": null}",2026-01-13 11:12:53.731146+00,
001525,KQ,,,"{""eps"": -410.3023, ""name"": ""TONGYANG Inc Pfd Non-Voting"", ""sector"": ""Non-Energy Minerals"", ""country"": ""South Korea"", ""peRatio"": null, ""industry"": ""Construction Materials"", ""marketCap"": 165309740990.0, ""dividendYield"": null}",2026-01-13 11:12:54.018299+00,
001527,KQ,,,"{""eps"": -410.3023, ""name"": ""TONGYANG Incorporated Pfd Shs Issued Jan 1999"", ""sector"": ""Non-Energy Minerals"", ""country"": ""South Korea"", ""peRatio"": null, ""industry"": ""Construction Materials"", ""marketCap"": 165309740990.0, ""dividendYield"": null}",2026-01-13 11:12:54.241954+00,
001530,KQ,,,"{""eps"": -566.6584, ""name"": ""DI DONG-IL Corporation"", ""sector"": ""Process Industries"", ""country"": ""South Korea"", ""peRatio"": null, ""industry"": ""Textiles"", ""marketCap"": 414265937805.0, ""dividendYield"": 1.1804118}",2026-01-13 11:12:58.325457+00,
001540,KQ,,,"{""eps"": 869.2183, ""name"": ""AHN-GOOK PHARMACEUTICAL Co., Ltd."", ""sector"": ""Health Technology"", ""country"": ""South Korea"", ""peRatio"": 9.134644312021502, ""industry"": ""Pharmaceuticals: Major"", ""marketCap"": 90468305626.0, ""dividendYield"": 5.5}",2026-01-13 11:12:58.570997+00,
001550,KQ,,,"{""eps"": 213.3013, ""name"": ""Chobi Co., Ltd."", ""sector"": ""Process Industries"", ""country"": ""South Korea"", ""peRatio"": 51.945299911439825, ""industry"": ""Chemicals: Agricultural"", ""marketCap"": 57525457020.0, ""dividendYield"": null}",2026-01-13 11:12:58.802349+00,
001560,KQ,,,"{""eps"": 2091.8181, ""name"": ""CHEILGRINDING WHEEL INDUSTRIAL Co., Ltd."", ""sector"": ""Producer Manufacturing"", ""country"": ""South Korea"", ""peRatio"": 4.531942810897372, ""industry"": ""Industrial Machinery"", ""marketCap"": 62908317332.0, ""dividendYield"": 3.329865}",2026-01-13 11:12:59.032849+00,
001620,KQ,,,"{""eps"": 243.627, ""name"": ""KBI DONGKOOK IND CO., LTD."", ""sector"": ""Producer Manufacturing"", ""country"": ""South Korea"", ""peRatio"": 2.0826587879769036, ""industry"": ""Auto Parts: OEM"", ""marketCap"": 54088412476.0, ""dividendYield"": null}",2026-01-13 11:13:02.778141+00,
001630,KQ,,,"{""eps"": 7293.5594, ""name"": ""Chong Kun Dang Holdings Co., Ltd."", ""sector"": ""Health Technology"", ""country"": ""South Korea"", ""peRatio"": 6.101273405684473, ""industry"": ""Pharmaceuticals: Major"", ""marketCap"": 214463143682.0, ""dividendYield"": 3.1145718}",2026-01-13 11:13:02.162964+00,
001680,KQ,,,"{""eps"": 2313.4805, ""name"": ""Daesang Corporation"", ""sector"": ""Consumer Non-Durables"", ""country"": ""South Korea"", ""peRatio"": 9.379806745723597, ""industry"": ""Food: Specialty/Candy"", ""marketCap"": 761365165091.0, ""dividendYield"": 4.0963855}",2026-01-13 11:13:01.911542+00,
001685,KQ,,,"{""eps"": 2313.4805, ""name"": ""Daesang Corporation Pfd Registered Shs Non-Voting"", ""sector"": ""Consumer Non-Durables"", ""country"": ""South Korea"", ""peRatio"": 7.395783106881601, ""industry"": ""Food: Specialty/Candy"", ""marketCap"": 761365165091.0, ""dividendYield"": 5.0827427}",2026-01-13 11:13:02.556184+00,
001750,KQ,,,"{""eps"": 4222.9001, ""name"": ""HANYANG SECURITIES Co., Ltd."", ""sector"": ""Finance"", ""country"": ""South Korea"", ""peRatio"": 4.432972496791956, ""industry"": ""Investment Banks/Brokers"", ""marketCap"": 237132583666.0, ""dividendYield"": 4.5748115}",2026-01-13 11:13:02.358212+00,
001755,KQ,,,"{""eps"": 4222.9001, ""name"": ""Hanyang Securities Co Ltd Pfd Registered Shs Non-Voting"", ""sector"": ""Finance"", ""country"": ""South Korea"", ""peRatio"": 4.36666735260917, ""industry"": ""Investment Banks/Brokers"", ""marketCap"": 237132583666.0, ""dividendYield"": 4.5748115}",2026-01-13 11:13:05.114473+00,
001770,KQ,,,"{""eps"": 3841.5999, ""name"": ""SHIN HWA DYNAMICS CO.,LTD"", ""sector"": ""Non-Energy Minerals"", ""country"": ""South Korea"", ""peRatio"": 4.578821443638626, ""industry"": ""Steel"", ""marketCap"": 21430449371.0, ""dividendYield"": 0.563063}",2026-01-13 11:13:05.526604+00,
001780,KQ,,,"{""eps"": 121.1377, ""name"": ""Aluko Co., Ltd."", ""sector"": ""Non-Energy Minerals"", ""country"": ""South Korea"", ""peRatio"": 17.624571046007972, ""industry"": ""Aluminum"", ""marketCap"": 205279878845.0, ""dividendYield"": null}",2026-01-13 11:13:04.4884+00,
001790,KQ,,,"{""eps"": 655.1966, ""name"": ""TS Corporation"", ""sector"": ""Consumer Non-Durables"", ""country"": ""South Korea"", ""peRatio"": 4.2353699637635485, ""industry"": ""Food: Specialty/Candy"", ""marketCap"": 239321308136.0, ""dividendYield"": 4.4117646}",2026-01-13 11:13:04.69771+00,
001795,KQ,,,"{""eps"": 655.1966, ""name"": ""TS Corporation Pfd Non-Voting"", ""sector"": ""Consumer Non-Durables"", ""country"": ""South Korea"", ""peRatio"": 3.823279913235203, ""industry"": ""Food: Specialty/Candy"", ""marketCap"": 239321308136.0, ""dividendYield"": 4.4117646}",2026-01-13 11:13:04.899195+00,
001800,KQ,,,"{""eps"": 2711.0813, ""name"": ""ORION Holdings Corporation"", ""sector"": ""Consumer Non-Durables"", ""country"": ""South Korea"", ""peRatio"": 7.299670430392479, ""industry"": ""Food: Specialty/Candy"", ""marketCap"": 1183281391220.0, ""dividendYield"": 4.096262}",2026-01-13 11:13:07.554195+00,
001810,KQ,,,"{""eps"": 21.5018, ""name"": ""Moorim SP Co., Ltd."", ""sector"": ""Process Industries"", ""country"": ""South Korea"", ""peRatio"": 67.85478425062088, ""industry"": ""Pulp & Paper"", ""marketCap"": 32342888615.0, ""dividendYield"": 0.6752194}",2026-01-13 11:13:08.238772+00,
001820,KQ,,,"{""eps"": 1485.2099, ""name"": ""SAMWHA CAPACITOR CO., LTD."", ""sector"": ""Electronic Technology"", ""country"": ""South Korea"", ""peRatio"": 19.55952488601106, ""industry"": ""Electronic Components"", ""marketCap"": 299621190643.0, ""dividendYield"": 1.7636684}",2026-01-13 11:13:08.016905+00,
002020,KQ,,,"{""eps"": -8049.3276, ""name"": ""Kolon Corporation"", ""sector"": ""Retail Trade"", ""country"": ""South Korea"", ""peRatio"": null, ""industry"": ""Specialty Stores"", ""marketCap"": 576267090636.0, ""dividendYield"": 1.2910798}",2026-01-13 11:13:07.78376+00,
002025,KQ,,,"{""eps"": -8049.3276, ""name"": ""KOLON Corporation Pfd Registered Shs Non-Voting"", ""sector"": ""Retail Trade"", ""country"": ""South Korea"", ""peRatio"": null, ""industry"": ""Specialty Stores"", ""marketCap"": 576267090636.0, ""dividendYield"": 2.631579}",2026-01-13 11:13:12.304194+00,
002030,KQ,,,"{""eps"": 25938.8529, ""name"": ""Asia Holdings Co., Ltd."", ""sector"": ""Non-Energy Minerals"", ""country"": ""South Korea"", ""peRatio"": 11.796975031228154, ""industry"": ""Construction Materials"", ""marketCap"": 558351976275.0, ""dividendYield"": 1.6734693}",2026-01-13 11:13:11.876253+00,
002070,KQ,,,"{""eps"": -266.3147, ""name"": ""VIVIEN CORPORATION"", ""sector"": ""Consumer Non-Durables"", ""country"": ""South Korea"", ""peRatio"": null, ""industry"": ""Apparel/Footwear"", ""marketCap"": 27253235790.0, ""dividendYield"": null}",2026-01-13 11:13:12.776482+00,
002140,KQ,,,"{""eps"": 370.7792, ""name"": ""Korea Industrial Co., Ltd."", ""sector"": ""Process Industries"", ""country"": ""South Korea"", ""peRatio"": 6.607706149643777, ""industry"": ""Agricultural Commodities/Milling"", ""marketCap"": 60198262711.0, ""dividendYield"": 1.221996}",2026-01-13 11:13:12.532498+00,
002150,KQ,,,"{""eps"": -94.5745, ""name"": ""Dohwa Engineering Co., Ltd."", ""sector"": ""Industrial Services"", ""country"": ""South Korea"", ""peRatio"": null, ""industry"": ""Engineering & Construction"", ""marketCap"": 203770454865.0, ""dividendYield"": 4.61285}",2026-01-13 11:13:12.09457+00,
002170,KQ,,,"{""eps"": 5036.0283, ""name"": ""SAMYANG TONGSANG Co., Ltd."", ""sector"": ""Consumer Non-Durables"", ""country"": ""South Korea"", ""peRatio"": 10.980875544325277, ""industry"": ""Consumer Sundries"", ""marketCap"": 145200005770.0, ""dividendYield"": 2.7472527}",2026-01-13 11:13:15.459168+00,
002200,KQ,,,"{""eps"": -59.9322, ""name"": ""Korea Export Packaging Industrial Co., Ltd."", ""sector"": ""Process Industries"", ""country"": ""South Korea"", ""peRatio"": null, ""industry"": ""Containers/Packaging"", ""marketCap"": 113688421249.0, ""dividendYield"": 2.56}",2026-01-13 11:13:14.984354+00,
002220,KQ,,,"{""eps"": 9.2819, ""name"": ""Hanil Iron & Steel Co., Ltd"", ""sector"": ""Non-Energy Minerals"", ""country"": ""South Korea"", ""peRatio"": 495.049504950495, ""industry"": ""Steel"", ""marketCap"": 111827302208.0, ""dividendYield"": 0.21276595}",2026-01-13 11:13:15.223865+00,
002230,KQ,,,"{""eps"": 635.9484, ""name"": ""PS Tec. Co., Ltd."", ""sector"": ""Electronic Technology"", ""country"": ""South Korea"", ""peRatio"": 17.04540808656803, ""industry"": ""Electronic Equipment/Instruments"", ""marketCap"": 187093933392.0, ""dividendYield"": 2.5125628}",2026-01-13 11:13:14.761087+00,
002290,KQ,,,"{""eps"": 646.0306, ""name"": ""SAMIL ENTERPRISE Co., Ltd."", ""sector"": ""Consumer Durables"", ""country"": ""South Korea"", ""peRatio"": 5.363523028166157, ""industry"": ""Homebuilding"", ""marketCap"": 43213998671.0, ""dividendYield"": 5.6980057}",2026-01-13 11:13:20.851695+00,
002310,KQ,,,"{""eps"": 525.1596, ""name"": ""Asia Paper Manufacturing Co., Ltd."", ""sector"": ""Process Industries"", ""country"": ""South Korea"", ""peRatio"": 14.43370739104836, ""industry"": ""Containers/Packaging"", ""marketCap"": 292706015778.0, ""dividendYield"": 2.8795812}",2026-01-13 11:13:20.200286+00,
002320,KQ,,,"{""eps"": -813.8919, ""name"": ""HANJIN Logistics Corporation"", ""sector"": ""Transportation"", ""country"": ""South Korea"", ""peRatio"": null, ""industry"": ""Trucking"", ""marketCap"": 285835515614.0, ""dividendYield"": 3.0959752}",2026-01-13 11:13:20.631218+00,
002350,KQ,,,"{""eps"": 1574.777, ""name"": ""Nexen Tire Corp"", ""sector"": ""Consumer Durables"", ""country"": ""South Korea"", ""peRatio"": 4.591126235651143, ""industry"": ""Automotive Aftermarket"", ""marketCap"": 726192167892.0, ""dividendYield"": 1.7931035}",2026-01-13 11:13:20.422717+00,
002355,KQ,,,"{""eps"": 1574.777, ""name"": ""Nexen Tire Corp Pfd Registered Shs Non-Voting"", ""sector"": ""Consumer Durables"", ""country"": ""South Korea"", ""peRatio"": 2.2987381705473218, ""industry"": ""Automotive Aftermarket"", ""marketCap"": 726192167892.0, ""dividendYield"": 3.739612}",2026-01-13 11:13:21.04791+00,
002360,KQ,,,"{""eps"": -113.0664, ""name"": ""SH Energy & Chemical Co., Ltd."", ""sector"": ""Process Industries"", ""country"": ""South Korea"", ""peRatio"": null, ""industry"": ""Industrial Specialties"", ""marketCap"": 40204960709.0, ""dividendYield"": null}",2026-01-13 11:13:22.875525+00,
002380,KQ,,,"{""eps"": 160071.2552, ""name"": ""KCC Corporation"", ""sector"": ""Process Industries"", ""country"": ""South Korea"", ""peRatio"": 2.658191187845449, ""industry"": ""Industrial Specialties"", ""marketCap"": 3011532942295.0, ""dividendYield"": 2.5}",2026-01-13 11:13:22.437494+00,
002390,KQ,,,"{""eps"": -3173.6674, ""name"": ""Handok, Inc."", ""sector"": ""Health Technology"", ""country"": ""South Korea"", ""peRatio"": null, ""industry"": ""Pharmaceuticals: Other"", ""marketCap"": 152912858210.0, ""dividendYield"": 1.7985612}",2026-01-13 11:13:22.651995+00,
002450,KQ,,,"{""eps"": 275.1139, ""name"": ""Samick Musical Instruments Co., Ltd"", ""sector"": ""Consumer Durables"", ""country"": ""South Korea"", ""peRatio"": 4.252784028724103, ""industry"": ""Recreational Products"", ""marketCap"": 88499984253.0, ""dividendYield"": 4.2735043}",2026-01-13 11:13:23.097224+00,
002460,KQ,,,"{""eps"": 3507.6342, ""name"": ""HS HWASUNG Co., Ltd."", ""sector"": ""Industrial Services"", ""country"": ""South Korea"", ""peRatio"": 3.241501066445298, ""industry"": ""Engineering & Construction"", ""marketCap"": 109412259789.0, ""dividendYield"": 4.524887}",2026-01-13 11:13:27.817485+00,
002600,KQ,,,"{""eps"": -5168.884, ""name"": ""Choheung Corporation"", ""sector"": ""Consumer Non-Durables"", ""country"": ""South Korea"", ""peRatio"": null, ""industry"": ""Food: Meat/Fish/Dairy"", ""marketCap"": 96000003815.0, ""dividendYield"": 3.7523453}",2026-01-13 11:13:29.336788+00,
002620,KQ,,,"{""eps"": -1915.9743, ""name"": ""JEIL PHARMA HOLDINGS INC."", ""sector"": ""Health Technology"", ""country"": ""South Korea"", ""peRatio"": null, ""industry"": ""Pharmaceuticals: Major"", ""marketCap"": 122041441870.0, ""dividendYield"": 0.6242198}",2026-01-13 11:13:28.455624+00,
002630,KQ,,,"{""eps"": -64.0714, ""name"": ""ORIENTBIO, Inc."", ""sector"": ""Commercial Services"", ""country"": ""South Korea"", ""peRatio"": null, ""industry"": ""Miscellaneous Commercial Services"", ""marketCap"": 69718056244.0, ""dividendYield"": null}",2026-01-13 11:13:27.616294+00,
002680,KQ,,,"{""eps"": -88.4624, ""name"": ""Hantop Inc."", ""sector"": ""Process Industries"", ""country"": ""South Korea"", ""peRatio"": null, ""industry"": ""Agricultural Commodities/Milling"", ""marketCap"": 21928876200.0, ""dividendYield"": null}",2026-01-13 11:13:28.6934+00,
002690,KQ,,,"{""eps"": 379.7261, ""name"": ""DONG IL STEEL MFG Co., Ltd."", ""sector"": ""Non-Energy Minerals"", ""country"": ""South Korea"", ""peRatio"": 4.326802924529023, ""industry"": ""Steel"", ""marketCap"": 31040417061.0, ""dividendYield"": null}",2026-01-13 11:13:34.961704+00,
002700,KQ,,,"{""eps"": 31.9293, ""name"": ""SHINIL ELECTRONICS CO. LTD."", ""sector"": ""Producer Manufacturing"", ""country"": ""South Korea"", ""peRatio"": 40.90286977791558, ""industry"": ""Industrial Machinery"", ""marketCap"": 90689915161.0, ""dividendYield"": 0.76045626}",2026-01-13 11:13:34.550773+00,
002710,KQ,,,"{""eps"": 290.445, ""name"": ""TCC Steel Corp."", ""sector"": ""Producer Manufacturing"", ""country"": ""South Korea"", ""peRatio"": 66.5501045957737, ""industry"": ""Metal Fabrication"", ""marketCap"": 355195600224.0, ""dividendYield"": 0.7662835}",2026-01-13 11:13:34.104052+00,
002720,KQ,,,"{""eps"": 350.4932, ""name"": ""KUKJE PHARMA Co., Ltd."", ""sector"": ""Health Technology"", ""country"": ""South Korea"", ""peRatio"": 11.783395512380839, ""industry"": ""Pharmaceuticals: Major"", ""marketCap"": 84809817266.0, ""dividendYield"": 0.7237636}",2026-01-13 11:13:34.328975+00,
002760,KQ,,,"{""eps"": -9.7926, ""name"": ""Bolak Co., Ltd"", ""sector"": ""Process Industries"", ""country"": ""South Korea"", ""peRatio"": null, ""industry"": ""Chemicals: Specialty"", ""marketCap"": 61337601562.0, ""dividendYield"": 0.492126}",2026-01-13 11:13:34.747714+00,
002780,KQ,,,"{""eps"": 62.281, ""name"": ""Chinhung International Inc."", ""sector"": ""Industrial Services"", ""country"": ""South Korea"", ""peRatio"": 11.255439058460848, ""industry"": ""Engineering & Construction"", ""marketCap"": 101789523315.0, ""dividendYield"": null}",2026-01-13 11:13:36.906893+00,
002785,KQ,,,"{""eps"": 62.281, ""name"": ""Chinhung International Inc. Non-Cum Pfd Registered Shs Non-Voting"", ""sector"": ""Industrial Services"", ""country"": ""South Korea"", ""peRatio"": 55.39410092965752, ""industry"": ""Engineering & Construction"", ""marketCap"": 101789523315.0, ""dividendYield"": null}",2026-01-13 11:13:37.404192+00,
002787,KQ,,,"{""eps"": 62.281, ""name"": ""Chinhung International Inc. Non-Cum Pfd Registered Shs Non-Voting"", ""sector"": ""Industrial Services"", ""country"": ""South Korea"", ""peRatio"": 130.858528283104, ""industry"": ""Engineering & Construction"", ""marketCap"": 101789523315.0, ""dividendYield"": null}",2026-01-13 11:13:37.622589+00,
002790,KQ,,,"{""eps"": 1388.3023, ""name"": ""AMOREPACIFIC Holdings Corp."", ""sector"": ""Consumer Non-Durables"", ""country"": ""South Korea"", ""peRatio"": 18.691894409452466, ""industry"": ""Household/Personal Care"", ""marketCap"": 2114793262414.9998, ""dividendYield"": 1.2667947}",2026-01-13 11:13:36.672871+00,
002795,KQ,,,"{""eps"": 1388.3023, ""name"": ""AMOREPACIFIC Holdings Corp. Pfd Registered 1 Non-Voting"", ""sector"": ""Consumer Non-Durables"", ""country"": ""South Korea"", ""peRatio"": 8.269092401561245, ""industry"": ""Household/Personal Care"", ""marketCap"": 2114793262414.9998, ""dividendYield"": 2.8904228}",2026-01-13 11:13:37.175095+00,
002800,KQ,,,"{""eps"": 428.5432, ""name"": ""Sinsin Pharmaceutical Co., Ltd."", ""sector"": ""Health Technology"", ""country"": ""South Korea"", ""peRatio"": 13.277541214047965, ""industry"": ""Pharmaceuticals: Major"", ""marketCap"": 88899128838.0, ""dividendYield"": 1.0238909}",2026-01-13 11:13:40.693194+00,
002810,KQ,,,"{""eps"": 3326.4719, ""name"": ""Samyung Trading Co., Ltd"", ""sector"": ""Distribution Services"", ""country"": ""South Korea"", ""peRatio"": 4.5844367421230885, ""industry"": ""Wholesale Distributors"", ""marketCap"": 268299731560.0, ""dividendYield"": 0.0}",2026-01-13 11:13:41.266626+00,
002820,KQ,,,"{""eps"": -316.6485, ""name"": ""SUN&L CO.,LTD"", ""sector"": ""Non-Energy Minerals"", ""country"": ""South Korea"", ""peRatio"": null, ""industry"": ""Forest Products"", ""marketCap"": 29796113415.0, ""dividendYield"": null}",2026-01-13 11:13:41.824096+00,
002840,KQ,,,"{""eps"": 9556.0782, ""name"": ""Miwon Commercial Co., Ltd"", ""sector"": ""Process Industries"", ""country"": ""South Korea"", ""peRatio"": 15.539847717026845, ""industry"": ""Chemicals: Major Diversified"", ""marketCap"": 683541431046.0, ""dividendYield"": 1.3568522}",2026-01-13 11:13:40.990971+00,
002870,KQ,,,"{""eps"": 3.5704, ""name"": ""SHINPOONG INC."", ""sector"": ""Process Industries"", ""country"": ""South Korea"", ""peRatio"": 294.9249383822541, ""industry"": ""Containers/Packaging"", ""marketCap"": 29645827503.0, ""dividendYield"": null}",2026-01-13 11:13:41.522485+00,
002880,KQ,,,"{""eps"": -42.6152, ""name"": ""Dayou Automotive Seat Technology Co., Ltd"", ""sector"": ""Consumer Durables"", ""country"": ""South Korea"", ""peRatio"": null, ""industry"": ""Electronics/Appliances"", ""marketCap"": 50503101196.0, ""dividendYield"": null}",2026-01-13 11:13:46.372119+00,
002900,KQ,,,"{""eps"": 986.6642, ""name"": ""TYM CORPORATION"", ""sector"": ""Producer Manufacturing"", ""country"": ""South Korea"", ""peRatio"": 6.4054214189589525, ""industry"": ""Trucks/Construction/Farm Machinery"", ""marketCap"": 235003463478.0, ""dividendYield"": 1.7322835}",2026-01-13 11:13:45.908557+00,
002920,KQ,,,"{""eps"": 97.8953, ""name"": ""Yoosung Enterprise Co., Ltd"", ""sector"": ""Producer Manufacturing"", ""country"": ""South Korea"", ""peRatio"": 22.064389199481486, ""industry"": ""Auto Parts: OEM"", ""marketCap"": 55911548004.0, ""dividendYield"": 1.8099549}",2026-01-13 11:13:46.833812+00,
002960,KQ,,,"{""eps"": 31329.9178, ""name"": ""Hankook Shell Oil Co., Ltd"", ""sector"": ""Energy Minerals"", ""country"": ""South Korea"", ""peRatio"": 13.804696289372327, ""industry"": ""Integrated Oil"", ""marketCap"": 564849979281.0, ""dividendYield"": 6.257242}",2026-01-13 11:13:46.139505+00,
002990,KQ,,,"{""eps"": 606.4483, ""name"": ""KUMHO Engineering & Construction Co., Ltd."", ""sector"": ""Consumer Durables"", ""country"": ""South Korea"", ""peRatio"": 7.073974813681562, ""industry"": ""Automotive Aftermarket"", ""marketCap"": 160468454258.0, ""dividendYield"": null}",2026-01-13 11:13:46.624178+00,
002995,KQ,,,"{""eps"": 606.4483, ""name"": ""KUMHO Engineering & Construction Co., Ltd. Pfd Registered Shs Non-Voting"", ""sector"": ""Consumer Durables"", ""country"": ""South Korea"", ""peRatio"": 26.498549010690606, ""industry"": ""Automotive Aftermarket"", ""marketCap"": 160468454258.0, ""dividendYield"": null}",2026-01-13 11:13:50.156087+00,
003000,KQ,,,"{""eps"": 126.6055, ""name"": ""Bukwang Pharmaceutical Co., Ltd."", ""sector"": ""Health Technology"", ""country"": ""South Korea"", ""peRatio"": 29.540580780455823, ""industry"": ""Pharmaceuticals: Major"", ""marketCap"": 368512553101.0, ""dividendYield"": 0.0}",2026-01-13 11:13:49.305621+00,
003010,KQ,,,"{""eps"": 982.7469, ""name"": ""Hae In Corp."", ""sector"": ""Distribution Services"", ""country"": ""South Korea"", ""peRatio"": 5.342168975552098, ""industry"": ""Wholesale Distributors"", ""marketCap"": 56213731594.0, ""dividendYield"": 3.4416823}",2026-01-13 11:13:49.839057+00,
003030,KQ,,,"{""eps"": 13507.4863, ""name"": ""SeAH Steel Holdings Corporation"", ""sector"": ""Non-Energy Minerals"", ""country"": ""South Korea"", ""peRatio"": 8.735896330318692, ""industry"": ""Steel"", ""marketCap"": 474754174948.0, ""dividendYield"": 1.531915}",2026-01-13 11:13:49.048784+00,
003060,KQ,,,"{""eps"": -983.3709, ""name"": ""Aprogen Biologics"", ""sector"": ""Health Technology"", ""country"": ""South Korea"", ""peRatio"": null, ""industry"": ""Pharmaceuticals: Major"", ""marketCap"": 104120873474.0, ""dividendYield"": null}",2026-01-13 11:13:49.57452+00,
003070,KQ,,,"{""eps"": 3980.7175, ""name"": ""Kolon Global Corp"", ""sector"": ""Industrial Services"", ""country"": ""South Korea"", ""peRatio"": 2.2282415167617393, ""industry"": ""Engineering & Construction"", ""marketCap"": 237483747513.0, ""dividendYield"": 4.6029916}",2026-01-13 11:13:52.298848+00,
003075,KQ,,,"{""eps"": 3980.7175, ""name"": ""Kolon Global Corp Pfd Non-Voting"", ""sector"": ""Industrial Services"", ""country"": ""South Korea"", ""peRatio"": 3.6877773918897785, ""industry"": ""Engineering & Construction"", ""marketCap"": 237483747513.0, ""dividendYield"": 3.0425963}",2026-01-13 11:13:52.957838+00,
003080,KQ,,,"{""eps"": 2093.8545, ""name"": ""SBSUNGBO Co., Ltd."", ""sector"": ""Process Industries"", ""country"": ""South Korea"", ""peRatio"": 1.3420225712913672, ""industry"": ""Chemicals: Agricultural"", ""marketCap"": 54748522139.0, ""dividendYield"": 4.900182}",2026-01-13 11:13:52.740199+00,
003090,KQ,,,"{""eps"": 1895.5237, ""name"": ""Daewoong Co., Ltd."", ""sector"": ""Health Technology"", ""country"": ""South Korea"", ""peRatio"": 11.078732489601686, ""industry"": ""Pharmaceuticals: Major"", ""marketCap"": 881194859505.0, ""dividendYield"": 0.9302325}",2026-01-13 11:13:52.06682+00,
003100,KQ,,,"{""eps"": 5481.1842, ""name"": ""Sun Kwang Co., Ltd."", ""sector"": ""Transportation"", ""country"": ""South Korea"", ""peRatio"": 3.4317401703084527, ""industry"": ""Other Transportation"", ""marketCap"": 119006799278.0, ""dividendYield"": 2.3936172}",2026-01-13 11:13:52.505976+00,
003120,KQ,,,"{""eps"": 340.7593, ""name"": ""ILSUNG IS CO., LTD."", ""sector"": ""Health Technology"", ""country"": ""South Korea"", ""peRatio"": 58.98591762572584, ""industry"": ""Pharmaceuticals: Major"", ""marketCap"": 244692737675.0, ""dividendYield"": 5.007511}",2026-01-13 11:13:55.687837+00,
003160,KQ,,,"{""eps"": 864.111, ""name"": ""DI Corporation"", ""sector"": ""Electronic Technology"", ""country"": ""South Korea"", ""peRatio"": 34.42844727124177, ""industry"": ""Electronic Equipment/Instruments"", ""marketCap"": 653760021973.0, ""dividendYield"": 0.34965035}",2026-01-13 11:13:55.05798+00,
003200,KQ,,,"{""eps"": 1174.0989, ""name"": ""Ilshin Spinning Co., Ltd"", ""sector"": ""Process Industries"", ""country"": ""South Korea"", ""peRatio"": 9.445541597901165, ""industry"": ""Textiles"", ""marketCap"": 255401449757.0, ""dividendYield"": 1.7636684}",2026-01-13 11:13:55.475294+00,
003220,KQ,,,"{""eps"": -748.2089, ""name"": ""Daewon Pharmaceutical Co., Ltd"", ""sector"": ""Health Technology"", ""country"": ""South Korea"", ""peRatio"": null, ""industry"": ""Pharmaceuticals: Major"", ""marketCap"": 251172883301.0, ""dividendYield"": 2.6501768}",2026-01-13 11:13:55.272558+00,
003230,KQ,,,"{""eps"": 49599.2389, ""name"": ""Samyang Foods Co., Ltd"", ""sector"": ""Consumer Non-Durables"", ""country"": ""South Korea"", ""peRatio"": 24.032626839360635, ""industry"": ""Food: Major Diversified"", ""marketCap"": 8919921058655.0, ""dividendYield"": 0.33167496}",2026-01-13 11:13:54.817889+00,
003300,KQ,,,"{""eps"": 1459.806, ""name"": ""Hanil Holdings Co., Ltd."", ""sector"": ""Non-Energy Minerals"", ""country"": ""South Korea"", ""peRatio"": 10.830206205482098, ""industry"": ""Construction Materials"", ""marketCap"": 494251127872.0, ""dividendYield"": 5.8898034}",2026-01-13 11:13:57.893296+00,
003310,KQ,,,"{""eps"": 234.8401, ""name"": ""Daejoo Inc."", ""sector"": ""Electronic Technology"", ""country"": ""South Korea"", ""peRatio"": 12.859813975551875, ""industry"": ""Electronic Components"", ""marketCap"": 110424141541.0, ""dividendYield"": 1.3355592}",2026-01-13 11:13:57.457776+00,
003350,KQ,,,"{""eps"": 7713.0259, ""name"": ""Hankook Cosmetics Manufacturing Co., Ltd"", ""sector"": ""Consumer Non-Durables"", ""country"": ""South Korea"", ""peRatio"": 6.210273454416898, ""industry"": ""Household/Personal Care"", ""marketCap"": 176900349045.0, ""dividendYield"": 0.40485832}",2026-01-13 11:13:57.687511+00,
003380,KQ,,,"{""eps"": 1214.2974, ""name"": ""Harim Holdings Co., Ltd."", ""sector"": ""Distribution Services"", ""country"": ""South Korea"", ""peRatio"": 8.498741741520652, ""industry"": ""Wholesale Distributors"", ""marketCap"": 1053338547592.0001, ""dividendYield"": 1.0471205}",2026-01-13 11:13:57.231091+00,
003460,KQ,,,"{""eps"": 216.4471, ""name"": ""Yuhwa Securities Co., Ltd."", ""sector"": ""Finance"", ""country"": ""South Korea"", ""peRatio"": 12.474179603237927, ""industry"": ""Investment Banks/Brokers"", ""marketCap"": 164603305321.0, ""dividendYield"": 5.9590316}",2026-01-13 11:13:58.114838+00,
003465,KQ,,,"{""eps"": 216.4471, ""name"": ""Yuhwa Securities Co Ltd Pfd Non-Voting"", ""sector"": ""Finance"", ""country"": ""South Korea"", ""peRatio"": 12.566580933632283, ""industry"": ""Investment Banks/Brokers"", ""marketCap"": 164603305321.0, ""dividendYield"": 6.227106}",2026-01-13 11:14:00.653965+00,
003470,KQ,,,"{""eps"": 357.7486, ""name"": ""Yuanta Securities Korea Co., Ltd."", ""sector"": ""Finance"", ""country"": ""South Korea"", ""peRatio"": 10.496197609159058, ""industry"": ""Investment Banks/Brokers"", ""marketCap"": 766867582397.0, ""dividendYield"": 5.390836}",2026-01-13 11:13:59.942589+00,
003475,KQ,,,"{""eps"": 357.7486, ""name"": ""Yuanta Securities Korea Co., Ltd. Pfd Registered Shs 1 Non-Voting"", ""sector"": ""Finance"", ""country"": ""South Korea"", ""peRatio"": 10.60800796984251, ""industry"": ""Investment Banks/Brokers"", ""marketCap"": 766867582397.0, ""dividendYield"": 6.6489363}",2026-01-13 11:14:00.425175+00,
003480,KQ,,,"{""eps"": 2565.1695, ""name"": ""Hanjin Heavy Industries & Construction Holdings Co., Ltd."", ""sector"": ""Utilities"", ""country"": ""South Korea"", ""peRatio"": 1.8361359746402723, ""industry"": ""Gas Distributors"", ""marketCap"": 124838277798.0, ""dividendYield"": 2.5396826}",2026-01-13 11:14:00.173194+00,
003490,KQ,,,"{""eps"": 2569.2256, ""name"": ""Korean Air Lines Co., Ltd."", ""sector"": ""Transportation"", ""country"": ""South Korea"", ""peRatio"": 8.660197064827626, ""industry"": ""Airlines"", ""marketCap"": 8163112653482.0, ""dividendYield"": 3.3936653}",2026-01-13 11:13:59.721312+00,
003495,KQ,,,"{""eps"": 2569.2256, ""name"": ""Korean Air Lines Co., Ltd. Pfd Registered Shs Non-Voting"", ""sector"": ""Transportation"", ""country"": ""South Korea"", ""peRatio"": 8.932652702822203, ""industry"": ""Airlines"", ""marketCap"": 8163112653482.0, ""dividendYield"": 3.49345}",2026-01-13 11:14:05.576432+00,
003520,KQ,,,"{""eps"": -4.4787, ""name"": ""YUNGJIN PHARM. CO. LTD"", ""sector"": ""Health Technology"", ""country"": ""South Korea"", ""peRatio"": null, ""industry"": ""Pharmaceuticals: Major"", ""marketCap"": 346946989136.0, ""dividendYield"": null}",2026-01-13 11:14:05.370449+00,
003530,KQ,,,"{""eps"": 303.1897, ""name"": ""HANWHA INVESTMENT&SECURITIES Co. Ltd."", ""sector"": ""Finance"", ""country"": ""South Korea"", ""peRatio"": 16.14500756457096, ""industry"": ""Investment Banks/Brokers"", ""marketCap"": 1080010918588.9999, ""dividendYield"": null}",2026-01-13 11:14:04.924888+00,
003535,KQ,,,"{""eps"": 303.1897, ""name"": ""HANWHA INVESTMENT&SECURITIES CO LTD Pfd Registered Non-Voting"", ""sector"": ""Finance"", ""country"": ""South Korea"", ""peRatio"": 25.0668146048497, ""industry"": ""Investment Banks/Brokers"", ""marketCap"": 1080010918588.9999, ""dividendYield"": null}",2026-01-13 11:14:05.778708+00,
003540,KQ,,,"{""eps"": 3074.456, ""name"": ""Daishin Securities Co., Ltd"", ""sector"": ""Finance"", ""country"": ""South Korea"", ""peRatio"": 8.75270546967674, ""industry"": ""Investment Banks/Brokers"", ""marketCap"": 1593188879299.0, ""dividendYield"": 4.624277}",2026-01-13 11:14:05.149316+00,
003545,KQ,,,"{""eps"": 3074.456, ""name"": ""Daishin Securities Co Ltd Pfd Non-Voting"", ""sector"": ""Finance"", ""country"": ""South Korea"", ""peRatio"": 6.985332249838168, ""industry"": ""Investment Banks/Brokers"", ""marketCap"": 1593188879299.0, ""dividendYield"": 6.0096154}",2026-01-13 11:14:07.607756+00,
003547,KQ,,,"{""eps"": 3074.456, ""name"": ""Daishin Securities Co Ltd Pfd Registered Shs Non-voting No.2"", ""sector"": ""Finance"", ""country"": ""South Korea"", ""peRatio"": 6.716018235386575, ""industry"": ""Investment Banks/Brokers"", ""marketCap"": 1593188879299.0, ""dividendYield"": 6.018054}",2026-01-13 11:14:08.242983+00,
003550,KQ,,,"{""eps"": 4594.1653, ""name"": ""LG Corp"", ""sector"": ""Consumer Durables"", ""country"": ""South Korea"", ""peRatio"": 17.674592596831467, ""industry"": ""Electronics/Appliances"", ""marketCap"": 11988936926126.0, ""dividendYield"": 3.8605232}",2026-01-13 11:14:07.382258+00,
003555,KQ,,,"{""eps"": 4594.1653, ""name"": ""LG Corp Pfd Registered Shs Non-Voting"", ""sector"": ""Consumer Durables"", ""country"": ""South Korea"", ""peRatio"": 14.126614033674409, ""industry"": ""Electronics/Appliances"", ""marketCap"": 11988936926126.0, ""dividendYield"": 4.8238897}",2026-01-13 11:14:08.026723+00,
003610,KQ,,,"{""eps"": 195.8096, ""name"": ""Pangrim Co., Ltd"", ""sector"": ""Process Industries"", ""country"": ""South Korea"", ""peRatio"": 28.241720528513415, ""industry"": ""Textiles"", ""marketCap"": 180222004166.0, ""dividendYield"": 1.2477719}",2026-01-13 11:14:07.812738+00,
003620,KQ,,,"{""eps"": 14.6027, ""name"": ""KG Mobility"", ""sector"": ""Consumer Durables"", ""country"": ""South Korea"", ""peRatio"": 239.33930026638907, ""industry"": ""Motor Vehicles"", ""marketCap"": 704264681396.0, ""dividendYield"": null}",2026-01-13 11:14:10.534309+00,
003680,KQ,,,"{""eps"": -47.0232, ""name"": ""Hansung Enterprise Co., Ltd"", ""sector"": ""Process Industries"", ""country"": ""South Korea"", ""peRatio"": null, ""industry"": ""Agricultural Commodities/Milling"", ""marketCap"": 30160614109.0, ""dividendYield"": null}",2026-01-13 11:14:11.180829+00,
003690,KQ,,,"{""eps"": 1683.5146, ""name"": ""Korean Reinsurance Company"", ""sector"": ""Finance"", ""country"": ""South Korea"", ""peRatio"": 6.409210825970859, ""industry"": ""Multi-Line Insurance"", ""marketCap"": 1933328164673.0, ""dividendYield"": 4.5818505}",2026-01-13 11:14:10.326711+00,
003780,KQ,,,"{""eps"": 569.2879, ""name"": ""CHIN YANG INDUSTRY Co., Ltd."", ""sector"": ""Process Industries"", ""country"": ""South Korea"", ""peRatio"": 11.206983320741578, ""industry"": ""Chemicals: Specialty"", ""marketCap"": 84890000000.0, ""dividendYield"": 4.390625}",2026-01-13 11:14:10.743718+00,
003800,KQ,,,"{""eps"": 6037.8865, ""name"": ""Ace Bed Co., Ltd."", ""sector"": ""Consumer Durables"", ""country"": ""South Korea"", ""peRatio"": 4.968626025017198, ""industry"": ""Home Furnishings"", ""marketCap"": 320931123352.0, ""dividendYield"": 4.669887}",2026-01-13 11:14:10.942838+00,
003830,KQ,,,"{""eps"": 7121.3873, ""name"": ""Daehan Synthetic Fiber Co., Ltd."", ""sector"": ""Process Industries"", ""country"": ""South Korea"", ""peRatio"": 15.811525936807284, ""industry"": ""Textiles"", ""marketCap"": 123063893962.0, ""dividendYield"": 0.66079295}",2026-01-13 11:14:13.772904+00,
003850,KQ,,,"{""eps"": 678.0776, ""name"": ""Boryung Corporation"", ""sector"": ""Health Technology"", ""country"": ""South Korea"", ""peRatio"": 12.77636269508878, ""industry"": ""Pharmaceuticals: Major"", ""marketCap"": 729723054581.0, ""dividendYield"": 1.1350738}",2026-01-13 11:14:12.877049+00,
003920,KQ,,,"{""eps"": 2854.0757, ""name"": ""Namyang Dairy Products Co., Ltd"", ""sector"": ""Consumer Non-Durables"", ""country"": ""South Korea"", ""peRatio"": 17.343618461136124, ""industry"": ""Food: Meat/Fish/Dairy"", ""marketCap"": 349964077425.0, ""dividendYield"": 0.2006018}",2026-01-13 11:14:13.556154+00,
003925,KQ,,,"{""eps"": 2854.0757, ""name"": ""Namyang Dairy Products Co Ltd Pfd Non-Voting"", ""sector"": ""Consumer Non-Durables"", ""country"": ""South Korea"", ""peRatio"": 11.492337081318482, ""industry"": ""Food: Meat/Fish/Dairy"", ""marketCap"": 349964077425.0, ""dividendYield"": 0.3181818}",2026-01-13 11:14:13.112846+00,
003960,KQ,,,"{""eps"": 6224.3495, ""name"": ""Sajodaerim Corporation"", ""sector"": ""Consumer Non-Durables"", ""country"": ""South Korea"", ""peRatio"": 5.759638015185362, ""industry"": ""Food: Meat/Fish/Dairy"", ""marketCap"": 260935542583.0, ""dividendYield"": 0.8310249}",2026-01-13 11:14:13.315789+00,
004000,KQ,,,"{""eps"": 2370.4834, ""name"": ""LOTTE Fine Chemical Co,. Ltd."", ""sector"": ""Process Industries"", ""country"": ""South Korea"", ""peRatio"": 18.39287294734905, ""industry"": ""Chemicals: Specialty"", ""marketCap"": 1097756970406.0, ""dividendYield"": 3.2979977}",2026-01-13 11:14:16.147785+00,
004020,KQ,,,"{""eps"": -170.1694, ""name"": ""Hyundai Steel Company"", ""sector"": ""Non-Energy Minerals"", ""country"": ""South Korea"", ""peRatio"": null, ""industry"": ""Steel"", ""marketCap"": 3979258350372.0, ""dividendYield"": 2.5684931}",2026-01-13 11:14:15.634533+00,
004060,KQ,,,"{""eps"": -20.4275, ""name"": ""SG Corporation"", ""sector"": ""Consumer Non-Durables"", ""country"": ""South Korea"", ""peRatio"": null, ""industry"": ""Apparel/Footwear"", ""marketCap"": 64455658722.0, ""dividendYield"": null}",2026-01-13 11:14:16.361604+00,
004080,KQ,,,"{""eps"": 483.9395, ""name"": ""Shinhung Co., Ltd"", ""sector"": ""Health Technology"", ""country"": ""South Korea"", ""peRatio"": 28.929235989209396, ""industry"": ""Medical Specialties"", ""marketCap"": 132030792732.0, ""dividendYield"": 2.075877}",2026-01-13 11:14:16.561671+00,
004090,KQ,,,"{""eps"": 648.3094, ""name"": ""KOREA PETROLEUM INDUSTRIES CO"", ""sector"": ""Non-Energy Minerals"", ""country"": ""South Korea"", ""peRatio"": 22.181625564872974, ""industry"": ""Construction Materials"", ""marketCap"": 182806880722.0, ""dividendYield"": 0.8559201}",2026-01-13 11:14:15.944486+00,
004100,KQ,,,"{""eps"": -163.8082, ""name"": ""Taeyang Metal Industrial Co., Ltd."", ""sector"": ""Producer Manufacturing"", ""country"": ""South Korea"", ""peRatio"": null, ""industry"": ""Auto Parts: OEM"", ""marketCap"": 78857653961.0, ""dividendYield"": 0.4491018}",2026-01-13 11:14:19.123631+00,
004105,KQ,,,"{""eps"": -163.8082, ""name"": ""Taeyang Metal Industrial Co., Ltd. Pfd Registered Non-Voting"", ""sector"": ""Producer Manufacturing"", ""country"": ""South Korea"", ""peRatio"": null, ""industry"": ""Auto Parts: OEM"", ""marketCap"": 78857653961.0, ""dividendYield"": 0.4491018}",2026-01-13 11:14:19.522264+00,
004140,KQ,,,"{""eps"": 319.7802, ""name"": ""Dongbang Transport & Logistics Co. Ltd."", ""sector"": ""Transportation"", ""country"": ""South Korea"", ""peRatio"": 7.724055460594497, ""industry"": ""Air Freight/Couriers"", ""marketCap"": 119964957085.0, ""dividendYield"": 0.7968128}",2026-01-13 11:14:18.914431+00,
004150,KQ,,,"{""eps"": 178.5759, ""name"": ""Hansol Holdings Co., Ltd."", ""sector"": ""Retail Trade"", ""country"": ""South Korea"", ""peRatio"": 16.463587751762695, ""industry"": ""Specialty Stores"", ""marketCap"": 121233659019.0, ""dividendYield"": 4.0955634}",2026-01-13 11:14:19.311542+00,
004170,KQ,,,"{""eps"": 4300.7269, ""name"": ""Shinsegae Co., Ltd"", ""sector"": ""Retail Trade"", ""country"": ""South Korea"", ""peRatio"": 62.896344336581805, ""industry"": ""Department Stores"", ""marketCap"": 2354122381210.0, ""dividendYield"": 1.7274473}",2026-01-13 11:14:18.703842+00,
004250,KQ,,,"{""eps"": -232.6408, ""name"": ""National Plastic Co. Ltd."", ""sector"": ""Process Industries"", ""country"": ""South Korea"", ""peRatio"": null, ""industry"": ""Containers/Packaging"", ""marketCap"": 134262198057.0, ""dividendYield"": 2.9126215}",2026-01-13 11:14:21.411884+00,
004255,KQ,,,"{""eps"": -232.6408, ""name"": ""National Plastic Co. Ltd. Pfd Non-Voting"", ""sector"": ""Process Industries"", ""country"": ""South Korea"", ""peRatio"": null, ""industry"": ""Containers/Packaging"", ""marketCap"": 134262198057.0, ""dividendYield"": 4.4}",2026-01-13 11:14:22.06012+00,
004270,KQ,,,"{""eps"": 143.3499, ""name"": ""Namsung Corporation"", ""sector"": ""Electronic Technology"", ""country"": ""South Korea"", ""peRatio"": 5.810956268542915, ""industry"": ""Electronic Equipment/Instruments"", ""marketCap"": 26091631569.0, ""dividendYield"": null}",2026-01-13 11:14:21.855938+00,
004310,KQ,,,"{""eps"": 98.8139, ""name"": ""Hyundai Pharmaceutical Co., Ltd."", ""sector"": ""Health Technology"", ""country"": ""South Korea"", ""peRatio"": null, ""industry"": ""Pharmaceuticals: Major"", ""marketCap"": 214051353607.0, ""dividendYield"": 0.36945814}",2026-01-13 11:14:21.19139+00,
004365,KQ,,,"{""eps"": 2712.7182, ""name"": ""Sebang Co., Ltd. Pfd Registered Shs Non-Voting"", ""sector"": ""Transportation"", ""country"": ""South Korea"", ""peRatio"": 3.2734693931717644, ""industry"": ""Other Transportation"", ""marketCap"": 280482679234.0, ""dividendYield"": 3.430821}",2026-01-13 11:14:21.653139+00,
004370,KQ,,,"{""eps"": 28347.7071, ""name"": ""Nongshim Co., Ltd."", ""sector"": ""Consumer Non-Durables"", ""country"": ""South Korea"", ""peRatio"": 15.215754504814548, ""industry"": ""Food: Specialty/Candy"", ""marketCap"": 2365092340946.0, ""dividendYield"": 1.2300123}",2026-01-13 11:14:23.578987+00,
004410,KQ,,,"{""eps"": -7.0021, ""name"": ""Seoul Foods Industrial Co., Ltd."", ""sector"": ""Consumer Non-Durables"", ""country"": ""South Korea"", ""peRatio"": null, ""industry"": ""Food: Specialty/Candy"", ""marketCap"": 59775091643.0, ""dividendYield"": null}",2026-01-13 11:14:23.984805+00,
004415,KQ,,,"{""eps"": -7.0021, ""name"": ""Seoul Foods Industrial Co., Ltd. Non-Cum Pfd Registered Shs Non-Voting"", ""sector"": ""Consumer Non-Durables"", ""country"": ""South Korea"", ""peRatio"": null, ""industry"": ""Food: Specialty/Candy"", ""marketCap"": 59775091643.0, ""dividendYield"": null}",2026-01-13 11:14:24.186757+00,
004430,KQ,,,"{""eps"": 893.0, ""name"": ""Songwon Industrial Co., Ltd."", ""sector"": ""Process Industries"", ""country"": ""South Korea"", ""peRatio"": 9.798432250839866, ""industry"": ""Chemicals: Major Diversified"", ""marketCap"": 210240000000.0, ""dividendYield"": 3.4722223}",2026-01-13 11:14:23.76442+00,
004440,KQ,,,"{""eps"": -49.5765, ""name"": ""SAMIL C&S Co., Ltd."", ""sector"": ""Non-Energy Minerals"", ""country"": ""South Korea"", ""peRatio"": null, ""industry"": ""Construction Materials"", ""marketCap"": 76519001141.0, ""dividendYield"": null}",2026-01-13 11:14:28.072336+00,
004450,KQ,,,"{""eps"": 2468.7938, ""name"": ""Samhwa Crown & Closure Co., Ltd"", ""sector"": ""Producer Manufacturing"", ""country"": ""South Korea"", ""peRatio"": 11.827638258002755, ""industry"": ""Miscellaneous Manufacturing"", ""marketCap"": 53133354628.0, ""dividendYield"": 4.1450777}",2026-01-13 11:14:28.495671+00,
004490,KQ,,,"{""eps"": 10054.7151, ""name"": ""SEBANG GLOBAL BATTERY Co., Ltd."", ""sector"": ""Producer Manufacturing"", ""country"": ""South Korea"", ""peRatio"": 6.196097987898235, ""industry"": ""Electrical Products"", ""marketCap"": 834160614395.0, ""dividendYield"": 1.7770598}",2026-01-13 11:14:27.662835+00,
004560,KQ,,,"{""eps"": 809.7939, ""name"": ""Hyundai BNG Steel Co., Ltd."", ""sector"": ""Non-Energy Minerals"", ""country"": ""South Korea"", ""peRatio"": 14.78153885822059, ""industry"": ""Steel"", ""marketCap"": 172200018101.0, ""dividendYield"": 0.8888889}",2026-01-13 11:14:27.878838+00,
004590,KQ,,,"{""eps"": 1189.7591, ""name"": ""Korea Furniture Co., Ltd."", ""sector"": ""Consumer Durables"", ""country"": ""South Korea"", ""peRatio"": 4.000809911855265, ""industry"": ""Home Furnishings"", ""marketCap"": 70050000000.0, ""dividendYield"": 4.421053}",2026-01-13 11:14:28.291155+00,
004650,KQ,,,"{""eps"": 1474.0067, ""name"": ""Changhae Ethanol Co., Ltd."", ""sector"": ""Consumer Non-Durables"", ""country"": ""South Korea"", ""peRatio"": 6.465370883320952, ""industry"": ""Beverages: Alcoholic"", ""marketCap"": 72459200573.0, ""dividendYield"": 6.256517}",2026-01-13 11:14:30.993896+00,
004690,KQ,,,"{""eps"": 29137.7943, ""name"": ""Samchully Co., Ltd"", ""sector"": ""Utilities"", ""country"": ""South Korea"", ""peRatio"": 4.152682209030489, ""industry"": ""Gas Distributors"", ""marketCap"": 412252588367.0, ""dividendYield"": 2.5083613}",2026-01-13 11:14:30.344945+00,
004700,KQ,,,"{""eps"": 3586.6302, ""name"": ""Chokwang Leather Co., Ltd."", ""sector"": ""Process Industries"", ""country"": ""South Korea"", ""peRatio"": 18.234386137717795, ""industry"": ""Textiles"", ""marketCap"": 233427054405.0, ""dividendYield"": null}",2026-01-13 11:14:31.227137+00,
004710,KQ,,,"{""eps"": 439.1364, ""name"": ""Hansol Technics Co., Ltd"", ""sector"": ""Electronic Technology"", ""country"": ""South Korea"", ""peRatio"": 12.934477761351598, ""industry"": ""Electronic Production Equipment"", ""marketCap"": 178451494904.0, ""dividendYield"": 2.640845}",2026-01-13 11:14:30.569795+00,
004770,KQ,,,"{""eps"": 115.7615, ""name"": ""Sunny Electronics Corporation"", ""sector"": ""Electronic Technology"", ""country"": ""South Korea"", ""peRatio"": 13.4932598489135, ""industry"": ""Electronic Production Equipment"", ""marketCap"": 53355148563.0, ""dividendYield"": 1.9292604}",2026-01-13 11:14:30.792278+00,
004780,KQ,,,"{""eps"": 562.7246, ""name"": ""DAERYUK CAN CO., LTD."", ""sector"": ""Process Industries"", ""country"": ""South Korea"", ""peRatio"": 6.3796748889243515, ""industry"": ""Containers/Packaging"", ""marketCap"": 57092485113.0, ""dividendYield"": 3.4188037}",2026-01-13 11:14:33.955961+00,
004830,KQ,,,"{""eps"": 510.988, ""name"": ""Ducksung Co., Ltd."", ""sector"": ""Process Industries"", ""country"": ""South Korea"", ""peRatio"": 9.188082694701246, ""industry"": ""Textiles"", ""marketCap"": 75192130632.0, ""dividendYield"": 2.173913}",2026-01-13 11:14:33.270427+00,
004835,KQ,,,"{""eps"": 510.988, ""name"": ""Ducksung Co., Ltd. Pfd Registered Non-Voting"", ""sector"": ""Process Industries"", ""country"": ""South Korea"", ""peRatio"": 13.914221077598691, ""industry"": ""Textiles"", ""marketCap"": 75192130632.0, ""dividendYield"": 1.480959}",2026-01-13 11:14:33.71473+00,
004840,KQ,,,"{""eps"": 610.0454, ""name"": ""DRB Holding Co., Ltd."", ""sector"": ""Producer Manufacturing"", ""country"": ""South Korea"", ""peRatio"": 8.06497352492126, ""industry"": ""Industrial Machinery"", ""marketCap"": 94916391039.0, ""dividendYield"": 2.0283976}",2026-01-13 11:14:33.492859+00,
004890,KQ,,,"{""eps"": 2367.5478, ""name"": ""Dongil Industries Co., Ltd"", ""sector"": ""Non-Energy Minerals"", ""country"": ""South Korea"", ""peRatio"": 16.282670195718964, ""industry"": ""Steel"", ""marketCap"": 83519513369.0, ""dividendYield"": 3.2216494}",2026-01-13 11:14:34.170276+00,
004910,KQ,,,"{""eps"": 0.6339, ""name"": ""Chokwang Paint Ltd."", ""sector"": ""Process Industries"", ""country"": ""South Korea"", ""peRatio"": null, ""industry"": ""Industrial Specialties"", ""marketCap"": 48307109756.0, ""dividendYield"": 4.166667}",2026-01-13 11:14:40.044267+00,
004920,KQ,,,"{""eps"": 7.0081, ""name"": ""CITECH CO., LTD."", ""sector"": ""Process Industries"", ""country"": ""South Korea"", ""peRatio"": 171.94389349467045, ""industry"": ""Textiles"", ""marketCap"": 63659442139.0, ""dividendYield"": null}",2026-01-13 11:14:39.808698+00,
004960,KQ,,,"{""eps"": 1161.5047, ""name"": ""Hanshin Construction Co., Ltd."", ""sector"": ""Consumer Durables"", ""country"": ""South Korea"", ""peRatio"": 8.368455159931768, ""industry"": ""Homebuilding"", ""marketCap"": 116516974707.0, ""dividendYield"": 0.999001}",2026-01-13 11:14:39.241899+00,
004980,KQ,,,"{""eps"": 757.0754, ""name"": ""Sungshin Cement Co., Ltd"", ""sector"": ""Non-Energy Minerals"", ""country"": ""South Korea"", ""peRatio"": 12.614331412696808, ""industry"": ""Construction Materials"", ""marketCap"": 244415913314.0, ""dividendYield"": 3.7674918}",2026-01-13 11:14:39.538211+00,
004985,KQ,,,"{""eps"": 757.0754, ""name"": ""Sungshin Cement Co Ltd Pfd Registered Shs Non-Voting"", ""sector"": ""Non-Energy Minerals"", ""country"": ""South Korea"", ""peRatio"": 15.097571523259111, ""industry"": ""Construction Materials"", ""marketCap"": 244415913314.0, ""dividendYield"": 3.5746202}",2026-01-13 11:14:40.285909+00,
004990,KQ,,,"{""eps"": -13989.9791, ""name"": ""Lotte Corp"", ""sector"": ""Consumer Non-Durables"", ""country"": ""South Korea"", ""peRatio"": null, ""industry"": ""Food: Specialty/Candy"", ""marketCap"": 1979918144792.0, ""dividendYield"": 0.0}",2026-01-13 11:14:55.553928+00,
005010,KQ,,,"{""eps"": 514.5064, ""name"": ""Husteel Co., Ltd"", ""sector"": ""Non-Energy Minerals"", ""country"": ""South Korea"", ""peRatio"": 7.696697261686152, ""industry"": ""Steel"", ""marketCap"": 225314184837.0, ""dividendYield"": 3.7593982}",2026-01-13 11:14:56.589273+00,
005090,KQ,,,"{""eps"": -1785.0452, ""name"": ""SGC Energy Co., Ltd."", ""sector"": ""Utilities"", ""country"": ""South Korea"", ""peRatio"": null, ""industry"": ""Electric Utilities"", ""marketCap"": 300390991974.0, ""dividendYield"": 8.095239}",2026-01-13 11:14:56.33527+00,
005160,KQ,,,"{""eps"": -448.7854, ""name"": ""Dongkuk Industries Co., Ltd."", ""sector"": ""Non-Energy Minerals"", ""country"": ""South Korea"", ""peRatio"": null, ""industry"": ""Steel"", ""marketCap"": 132932978439.0, ""dividendYield"": 5.058366}",2026-01-13 11:14:56.820067+00,
005180,KQ,,,"{""eps"": 9089.7168, ""name"": ""Binggrae Co., Ltd"", ""sector"": ""Consumer Non-Durables"", ""country"": ""South Korea"", ""peRatio"": 8.2180778173419, ""industry"": ""Food: Meat/Fish/Dairy"", ""marketCap"": 629859564018.0, ""dividendYield"": 4.4594593}",2026-01-13 11:14:56.134188+00,
005250,KQ,,,"{""eps"": 2831.3485, ""name"": ""Green Cross Holdings Corporation"", ""sector"": ""Health Technology"", ""country"": ""South Korea"", ""peRatio"": 5.304892703953611, ""industry"": ""Pharmaceuticals: Major"", ""marketCap"": 691945934816.0, ""dividendYield"": 3.2701113}",2026-01-13 11:15:06.054615+00,
005257,KQ,,,"{""eps"": 2831.3485, ""name"": ""Green Cross Holdings Corp Pfd Registered Shs Issued Jan 98"", ""sector"": ""Health Technology"", ""country"": ""South Korea"", ""peRatio"": 8.511845150817711, ""industry"": ""Pharmaceuticals: Major"", ""marketCap"": 691945934816.0, ""dividendYield"": 1.9960079}",2026-01-13 11:15:06.483846+00,
005290,KQ,,,"{""eps"": 2060.9676, ""name"": ""Dongjin Semichem Co., Ltd"", ""sector"": ""Electronic Technology"", ""country"": ""South Korea"", ""peRatio"": 19.359838553502733, ""industry"": ""Electronic Production Equipment"", ""marketCap"": 2072004244232.0, ""dividendYield"": 1.4925373}",2026-01-13 11:15:05.255788+00,
005300,KQ,,,"{""eps"": 6923.0619, ""name"": ""Lotte Chilsung Beverage Co., Ltd"", ""sector"": ""Consumer Non-Durables"", ""country"": ""South Korea"", ""peRatio"": 18.156706066718833, ""industry"": ""Beverages: Non-Alcoholic"", ""marketCap"": 1205577409923.0, ""dividendYield"": 0.0}",2026-01-13 11:15:05.831867+00,
005305,KQ,,,"{""eps"": 6923.0619, ""name"": ""Lotte Chilsung Beverage Co Ltd Pfd Non-Voting"", ""sector"": ""Consumer Non-Durables"", ""country"": ""South Korea"", ""peRatio"": 10.905579220662466, ""industry"": ""Beverages: Non-Alcoholic"", ""marketCap"": 1205577409923.0, ""dividendYield"": 4.5219126}",2026-01-13 11:15:06.266634+00,
005320,KQ,,,"{""eps"": -57.633, ""name"": ""ONTIDE Corp."", ""sector"": ""Consumer Non-Durables"", ""country"": ""South Korea"", ""peRatio"": null, ""industry"": ""Apparel/Footwear"", ""marketCap"": 30066482780.0, ""dividendYield"": null}",2026-01-13 11:15:13.109742+00,
005360,KQ,,,"{""eps"": -342.8351, ""name"": ""MonAmi Co., Ltd."", ""sector"": ""Producer Manufacturing"", ""country"": ""South Korea"", ""peRatio"": null, ""industry"": ""Office Equipment/Supplies"", ""marketCap"": 36622979885.0, ""dividendYield"": 1.5440041}",2026-01-13 11:15:12.486798+00,
005385,KQ,,,"{""eps"": 40934.5602, ""name"": ""Hyundai Motor Co Ltd Pfd Shs Non-Voting"", ""sector"": ""Consumer Durables"", ""country"": ""South Korea"", ""peRatio"": 5.924089542312952, ""industry"": ""Motor Vehicles"", ""marketCap"": 87554671766520.0, ""dividendYield"": 5.9170303}",2026-01-13 11:15:11.693795+00,
005387,KQ,,,"{""eps"": 40934.5602, ""name"": ""Hyundai Motor Co Ltd Pfd. Shs 2"", ""sector"": ""Consumer Durables"", ""country"": ""South Korea"", ""peRatio"": 6.082879571282166, ""industry"": ""Motor Vehicles"", ""marketCap"": 87554671766520.0, ""dividendYield"": 5.7383966}",2026-01-13 11:15:11.181623+00,
005389,KQ,,,"{""eps"": 40934.5602, ""name"": ""Hyundai Motor Co Ltd Pfd. Shs 3"", ""sector"": ""Consumer Durables"", ""country"": ""South Korea"", ""peRatio"": 5.86301645424787, ""industry"": ""Motor Vehicles"", ""marketCap"": 87554671766520.0, ""dividendYield"": 5.9429827}",2026-01-13 11:15:12.073806+00,
005430,KQ,,,"{""eps"": 11575.6062, ""name"": ""Korea Airport Service Co., Ltd."", ""sector"": ""Transportation"", ""country"": ""South Korea"", ""peRatio"": 5.770756092238176, ""industry"": ""Other Transportation"", ""marketCap"": 202147737169.0, ""dividendYield"": 1.6339871}",2026-01-13 11:15:18.129512+00,
005440,KQ,,,"{""eps"": 3424.2373, ""name"": ""HYUNDAI G.F. HOLDINGS CO. LTD."", ""sector"": ""Consumer Durables"", ""country"": ""South Korea"", ""peRatio"": 2.330445965295688, ""industry"": ""Home Furnishings"", ""marketCap"": 1162598887634.0, ""dividendYield"": 2.6481714}",2026-01-13 11:15:17.757387+00,
005490,KQ,,,"{""eps"": 6011.8422, ""name"": ""POSCO Holdings Inc."", ""sector"": ""Non-Energy Minerals"", ""country"": ""South Korea"", ""peRatio"": 58.6342735343253, ""industry"": ""Steel"", ""marketCap"": 23404631702423.0, ""dividendYield"": 2.1045277}",2026-01-13 11:15:17.344933+00,
005500,KQ,,,"{""eps"": 1799.4903, ""name"": ""Samjin Pharmaceutical Co., Ltd."", ""sector"": ""Health Technology"", ""country"": ""South Korea"", ""peRatio"": 10.558545383656694, ""industry"": ""Pharmaceuticals: Major"", ""marketCap"": 225664327145.0, ""dividendYield"": 4.1841006}",2026-01-13 11:15:18.514115+00,
005610,KQ,,,"{""eps"": 3982.7963, ""name"": ""SPC SAMLIP CO., LTD."", ""sector"": ""Consumer Non-Durables"", ""country"": ""South Korea"", ""peRatio"": 12.88058455256352, ""industry"": ""Food: Specialty/Candy"", ""marketCap"": 415797924614.0, ""dividendYield"": 3.515625}",2026-01-13 11:15:18.793671+00,
005670,KQ,,,"{""eps"": 893.4391, ""name"": ""Foodwell Corp."", ""sector"": ""Consumer Non-Durables"", ""country"": ""South Korea"", ""peRatio"": 6.894706085730969, ""industry"": ""Food: Specialty/Candy"", ""marketCap"": 58455193329.0, ""dividendYield"": 2.016129}",2026-01-13 11:15:25.218666+00,
005680,KQ,,,"{""eps"": 600.6595, ""name"": ""SAMYOUNG ELECTRONICS Co., Ltd."", ""sector"": ""Electronic Technology"", ""country"": ""South Korea"", ""peRatio"": 16.93138958095227, ""industry"": ""Electronic Components"", ""marketCap"": 193072517395.0, ""dividendYield"": 2.944063}",2026-01-13 11:15:24.87854+00,
005690,KQ,,,"{""eps"": 479.4834, ""name"": ""Pharmicell Co., Ltd"", ""sector"": ""Health Technology"", ""country"": ""South Korea"", ""peRatio"": 28.572417731249924, ""industry"": ""Pharmaceuticals: Major"", ""marketCap"": 827455392723.0, ""dividendYield"": 0.14492755}",2026-01-13 11:15:24.133891+00,
005710,KQ,,,"{""eps"": 5602.3671, ""name"": ""Daewon Sanup Co., Ltd."", ""sector"": ""Producer Manufacturing"", ""country"": ""South Korea"", ""peRatio"": 2.24726437508888, ""industry"": ""Auto Parts: OEM"", ""marketCap"": 248466234589.0, ""dividendYield"": 1.5564202}",2026-01-13 11:15:24.655568+00,
005720,KQ,,,"{""eps"": 1833.4331, ""name"": ""Nexen Corporation"", ""sector"": ""Consumer Durables"", ""country"": ""South Korea"", ""peRatio"": 3.027107997559333, ""industry"": ""Automotive Aftermarket"", ""marketCap"": 282794252431.0, ""dividendYield"": 2.4021351}",2026-01-13 11:15:25.438338+00,
005725,KQ,,,"{""eps"": 1833.4331, ""name"": ""Nexen Corporation Pfd Non-Voting"", ""sector"": ""Consumer Durables"", ""country"": ""South Korea"", ""peRatio"": 2.399869403470462, ""industry"": ""Automotive Aftermarket"", ""marketCap"": 282794252431.0, ""dividendYield"": 3.1390135}",2026-01-13 11:15:28.99315+00,
005750,KQ,,,"{""eps"": 617.3391, ""name"": ""DAELIM BATH"", ""sector"": ""Producer Manufacturing"", ""country"": ""South Korea"", ""peRatio"": 7.726709680303742, ""industry"": ""Building Products"", ""marketCap"": 79693303871.0, ""dividendYield"": 3.218884}",2026-01-13 11:15:28.487793+00,
005810,KQ,,,"{""eps"": 5446.0975, ""name"": ""Poongsan Holdings Corp."", ""sector"": ""Producer Manufacturing"", ""country"": ""South Korea"", ""peRatio"": 7.225357239748279, ""industry"": ""Miscellaneous Manufacturing"", ""marketCap"": 534052798557.0, ""dividendYield"": 3.6363635}",2026-01-13 11:15:28.256563+00,
005820,KQ,,,"{""eps"": 1816.9485, ""name"": ""Wonlim Corporation"", ""sector"": ""Process Industries"", ""country"": ""South Korea"", ""peRatio"": 8.101495446899017, ""industry"": ""Industrial Specialties"", ""marketCap"": 30646769500.0, ""dividendYield"": 2.6845639}",2026-01-13 11:15:28.749155+00,
005830,KQ,,,"{""eps"": 26521.5425, ""name"": ""DB INSURANCE CO. LTD"", ""sector"": ""Finance"", ""country"": ""South Korea"", ""peRatio"": 4.554787867259229, ""industry"": ""Multi-Line Insurance"", ""marketCap"": 7379342275620.0, ""dividendYield"": 5.5016184}",2026-01-13 11:15:27.95686+00,
005850,KQ,,,"{""eps"": 6826.0023, ""name"": ""SL Corporation"", ""sector"": ""Producer Manufacturing"", ""country"": ""South Korea"", ""peRatio"": 6.7902116001338, ""industry"": ""Auto Parts: OEM"", ""marketCap"": 1958091159058.0, ""dividendYield"": 2.605863}",2026-01-13 11:15:33.675803+00,
005860,KQ,,,"{""eps"": 132.8987, ""name"": ""Hanil Feed Co., Ltd."", ""sector"": ""Process Industries"", ""country"": ""South Korea"", ""peRatio"": 22.347848398818048, ""industry"": ""Agricultural Commodities/Milling"", ""marketCap"": 118014029713.0, ""dividendYield"": 1.6694492}",2026-01-13 11:15:34.641691+00,
005880,KQ,,,"{""eps"": 449.805, ""name"": ""Korea Line Corporation"", ""sector"": ""Transportation"", ""country"": ""South Korea"", ""peRatio"": 3.990618156756817, ""industry"": ""Marine Shipping"", ""marketCap"": 555790720215.0, ""dividendYield"": null}",2026-01-13 11:15:34.118841+00,
005940,KQ,,,"{""eps"": 2428.4921, ""name"": ""NH INVESTMENT & SECURITIES CO.LTD."", ""sector"": ""Finance"", ""country"": ""South Korea"", ""peRatio"": 8.770874733337614, ""industry"": ""Investment Banks/Brokers"", ""marketCap"": 7831784001389.0, ""dividendYield"": 4.556355}",2026-01-13 11:15:33.872088+00,
005945,KQ,,,"{""eps"": 2428.4921, ""name"": ""NH INVESTMENT & SECURITIES CO.LTD. Pfd Registered Shs 1 Non-Voting"", ""sector"": ""Finance"", ""country"": ""South Korea"", ""peRatio"": 8.066734085731635, ""industry"": ""Investment Banks/Brokers"", ""marketCap"": 7831784001389.0, ""dividendYield"": 5.1203275}",2026-01-13 11:15:34.407915+00,
005950,KQ,,,"{""eps"": -1569.776, ""name"": ""ISU CHEMICAL CO. LTD."", ""sector"": ""Process Industries"", ""country"": ""South Korea"", ""peRatio"": null, ""industry"": ""Chemicals: Specialty"", ""marketCap"": 210332749557.0, ""dividendYield"": null}",2026-01-13 11:15:39.150843+00,
005990,KQ,,,"{""eps"": 1693.2943, ""name"": ""Maeil Holdings Co., Ltd."", ""sector"": ""Consumer Non-Durables"", ""country"": ""South Korea"", ""peRatio"": 6.384005426581782, ""industry"": ""Food: Meat/Fish/Dairy"", ""marketCap"": 133694323692.0, ""dividendYield"": 2.3105361}",2026-01-13 11:15:39.950431+00,
006040,KQ,,,"{""eps"": 7524.7992, ""name"": ""Dongwon Industries Co., Ltd"", ""sector"": ""Transportation"", ""country"": ""South Korea"", ""peRatio"": 5.408782203782926, ""industry"": ""Air Freight/Couriers"", ""marketCap"": 1796750735474.0, ""dividendYield"": 2.7127004}",2026-01-13 11:15:38.922471+00,
006050,KQ,,,"{""eps"": 79.1566, ""name"": ""KUKYOUNG G&M Co., Ltd."", ""sector"": ""Industrial Services"", ""country"": ""South Korea"", ""peRatio"": 15.993612661483692, ""industry"": ""Engineering & Construction"", ""marketCap"": 43250327240.0, ""dividendYield"": 0.7824726}",2026-01-13 11:15:39.427445+00,
006090,KQ,,,"{""eps"": 430.3469, ""name"": ""Oyang Corporation"", ""sector"": ""Consumer Services"", ""country"": ""South Korea"", ""peRatio"": 20.37890827144334, ""industry"": ""Hotels/Resorts/Cruise lines"", ""marketCap"": 83108533001.0, ""dividendYield"": 1.7026106}",2026-01-13 11:15:39.715641+00,
006110,KQ,,,"{""eps"": -1102.0605, ""name"": ""Sam-A Aluminium Co., Ltd."", ""sector"": ""Non-Energy Minerals"", ""country"": ""South Korea"", ""peRatio"": null, ""industry"": ""Aluminum"", ""marketCap"": 342787642097.0, ""dividendYield"": 0.10822511}",2026-01-13 11:15:47.606021+00,
006140,KQ,,,"{""eps"": 639.9969, ""name"": ""PJ Electronics Co., Ltd."", ""sector"": ""Electronic Technology"", ""country"": ""South Korea"", ""peRatio"": 14.765696521342525, ""industry"": ""Computer Peripherals"", ""marketCap"": 140176947842.0, ""dividendYield"": 2.2167487}",2026-01-13 11:15:47.386279+00,
006200,KQ,,,"{""eps"": 40.403, ""name"": ""KEC Holdings Co., Ltd."", ""sector"": ""Electronic Technology"", ""country"": ""South Korea"", ""peRatio"": 15.667153429200802, ""industry"": ""Electronic Components"", ""marketCap"": 27760777336.0, ""dividendYield"": 3.1201248}",2026-01-13 11:15:48.09188+00,
006220,KQ,,,"{""eps"": 218.6569, ""name"": ""Jeju Bank"", ""sector"": ""Finance"", ""country"": ""South Korea"", ""peRatio"": 52.95968249801401, ""industry"": ""Major Banks"", ""marketCap"": 433927437592.0, ""dividendYield"": 0.87108016}",2026-01-13 11:15:47.826781+00,
006260,KQ,,,"{""eps"": 8199.3853, ""name"": ""LS Corp."", ""sector"": ""Producer Manufacturing"", ""country"": ""South Korea"", ""peRatio"": 25.5918648335169, ""industry"": ""Electrical Products"", ""marketCap"": 5692094398499.0, ""dividendYield"": 0.81280786}",2026-01-13 11:15:46.707506+00,
006280,KQ,,,"{""eps"": 4935.9733, ""name"": ""GC Biopharma Corp."", ""sector"": ""Health Technology"", ""country"": ""South Korea"", ""peRatio"": 32.617680488668775, ""industry"": ""Pharmaceuticals: Major"", ""marketCap"": 1826108398438.0, ""dividendYield"": 0.95907927}",2026-01-13 11:15:50.158214+00,
006340,KQ,,,"{""eps"": 142.3169, ""name"": ""Daewon Cable Co., Ltd."", ""sector"": ""Producer Manufacturing"", ""country"": ""South Korea"", ""peRatio"": 25.260527737745832, ""industry"": ""Electrical Products"", ""marketCap"": 288845100151.0, ""dividendYield"": null}",2026-01-13 11:15:50.586494+00,
006345,KQ,,,"{""eps"": 142.3169, ""name"": ""Daewon Cable Co Ltd Pfd Registered Shs Non-Voting"", ""sector"": ""Producer Manufacturing"", ""country"": ""South Korea"", ""peRatio"": 25.119996289969777, ""industry"": ""Electrical Products"", ""marketCap"": 288845100151.0, ""dividendYield"": null}",2026-01-13 11:15:51.042353+00,
006360,KQ,,,"{""eps"": 243.7996, ""name"": ""GS Engineering & Construction Corporation"", ""sector"": ""Consumer Durables"", ""country"": ""South Korea"", ""peRatio"": 76.74335806949642, ""industry"": ""Homebuilding"", ""marketCap"": 1615435781403.0, ""dividendYield"": 1.6068559}",2026-01-13 11:15:50.384794+00,
006370,KQ,,,"{""eps"": -3495.3065, ""name"": ""Daegu Department Store Co., Ltd"", ""sector"": ""Retail Trade"", ""country"": ""South Korea"", ""peRatio"": null, ""industry"": ""Department Stores"", ""marketCap"": 44916296768.0, ""dividendYield"": null}",2026-01-13 11:15:50.823183+00,
006405,KQ,,,"{""eps"": -8075.6766, ""name"": ""Samsung SDI Co Ltd Pfd Non-Voting"", ""sector"": ""Producer Manufacturing"", ""country"": ""South Korea"", ""peRatio"": null, ""industry"": ""Electrical Products"", ""marketCap"": 21707402883780.0, ""dividendYield"": 0.6743738}",2026-01-13 11:16:04.832124+00,
006490,KQ,,,"{""eps"": -275.1974, ""name"": ""Inscobee, Inc."", ""sector"": ""Communications"", ""country"": ""South Korea"", ""peRatio"": null, ""industry"": ""Wireless Telecommunications"", ""marketCap"": 91986922119.0, ""dividendYield"": null}",2026-01-13 11:16:05.955098+00,
006570,KQ,,,"{""eps"": -1073.3878, ""name"": ""Daelim Trading Co., Ltd"", ""sector"": ""Consumer Durables"", ""country"": ""South Korea"", ""peRatio"": null, ""industry"": ""Home Furnishings"", ""marketCap"": 33744415588.000004, ""dividendYield"": null}",2026-01-13 11:16:06.196223+00,
006620,KQ,,,"{""eps"": 28.4856, ""name"": ""DongKoo Bio & Pharm Co. Ltd."", ""sector"": ""Health Technology"", ""country"": ""South Korea"", ""peRatio"": 613.9250987721499, ""industry"": ""Pharmaceuticals: Generic"", ""marketCap"": 142241480865.0, ""dividendYield"": 0.0}",2026-01-13 11:16:05.676032+00,
006650,KQ,,,"{""eps"": 8808.1055, ""name"": ""Korea Petro Chemical Ind. Co., Ltd."", ""sector"": ""Process Industries"", ""country"": ""South Korea"", ""peRatio"": 15.780919063696501, ""industry"": ""Chemicals: Specialty"", ""marketCap"": 860330765390.0, ""dividendYield"": 0.77459335}",2026-01-13 11:16:13.363476+00,
006660,KQ,,,"{""eps"": 1545.2555, ""name"": ""Samsung Climate Control Co., Ltd"", ""sector"": ""Producer Manufacturing"", ""country"": ""South Korea"", ""peRatio"": 8.79466211251149, ""industry"": ""Auto Parts: OEM"", ""marketCap"": 106277555428.0, ""dividendYield"": 0.591716}",2026-01-13 11:16:13.632283+00,
006730,KQ,,,"{""eps"": 1062.4881, ""name"": ""Seobu T&D Co., Ltd."", ""sector"": ""Energy Minerals"", ""country"": ""South Korea"", ""peRatio"": 12.000134401505296, ""industry"": ""Oil Refining/Marketing"", ""marketCap"": 802230490112.0, ""dividendYield"": 0.7855459}",2026-01-13 11:16:13.111354+00,
006740,KQ,,,"{""eps"": -450.9393, ""name"": ""Blue Industrial Development"", ""sector"": ""Process Industries"", ""country"": ""South Korea"", ""peRatio"": null, ""industry"": ""Pulp & Paper"", ""marketCap"": 43127516407.0, ""dividendYield"": null}",2026-01-13 11:16:14.329202+00,
006840,KQ,,,"{""eps"": -9701.3502, ""name"": ""AK Holdings, Inc."", ""sector"": ""Process Industries"", ""country"": ""South Korea"", ""peRatio"": null, ""industry"": ""Chemicals: Specialty"", ""marketCap"": 103842140465.0, ""dividendYield"": 4.9504952}",2026-01-13 11:16:13.94174+00,
006890,KQ,,,"{""eps"": 611.5639, ""name"": ""TAEKYUNG CHEMICAL CO. LTD"", ""sector"": ""Process Industries"", ""country"": ""South Korea"", ""peRatio"": 12.607022749380727, ""industry"": ""Chemicals: Major Diversified"", ""marketCap"": 87271026134.0, ""dividendYield"": 2.3195875}",2026-01-13 11:16:17.35244+00,
006910,KQ,,,"{""eps"": 426.7423, ""name"": ""Bosung Power Technology Co., Ltd."", ""sector"": ""Producer Manufacturing"", ""country"": ""South Korea"", ""peRatio"": 12.700873571708264, ""industry"": ""Metal Fabrication"", ""marketCap"": 267156843567.0, ""dividendYield"": null}",2026-01-13 11:16:16.4557+00,
006920,KQ,,,"{""eps"": -36.8815, ""name"": ""Mohenz Co., Ltd"", ""sector"": ""Non-Energy Minerals"", ""country"": ""South Korea"", ""peRatio"": null, ""industry"": ""Construction Materials"", ""marketCap"": 32042593575.0, ""dividendYield"": null}",2026-01-13 11:16:17.138137+00,
007070,KQ,,,"{""eps"": 1012.7742, ""name"": ""GS Retail Co., Ltd."", ""sector"": ""Retail Trade"", ""country"": ""South Korea"", ""peRatio"": 20.14269320841704, ""industry"": ""Food Retail"", ""marketCap"": 1713094749451.0, ""dividendYield"": 2.5176234}",2026-01-13 11:16:16.715313+00,
007110,KQ,,,"{""eps"": -8.0662, ""name"": ""Ilshin Stone Co., Ltd"", ""sector"": ""Non-Energy Minerals"", ""country"": ""South Korea"", ""peRatio"": null, ""industry"": ""Construction Materials"", ""marketCap"": 129151586151.0, ""dividendYield"": null}",2026-01-13 11:16:16.93736+00,
007210,KQ,,,"{""eps"": 320.9332, ""name"": ""Byucksan Corp."", ""sector"": ""Non-Energy Minerals"", ""country"": ""South Korea"", ""peRatio"": 5.116329504083716, ""industry"": ""Forest Products"", ""marketCap"": 91810296021.0, ""dividendYield"": 2.271332}",2026-01-13 11:16:19.374696+00,
007310,KQ,,,"{""eps"": 29602.4971, ""name"": ""OTOKI Corporation"", ""sector"": ""Consumer Non-Durables"", ""country"": ""South Korea"", ""peRatio"": 12.769193042164, ""industry"": ""Food: Specialty/Candy"", ""marketCap"": 1397452079296.0, ""dividendYield"": 0.0}",2026-01-13 11:16:18.944843+00,
007330,KQ,,,"{""eps"": 1494.3731, ""name"": ""PUREUN SAVINGS BANK"", ""sector"": ""Finance"", ""country"": ""South Korea"", ""peRatio"": 6.658310431310627, ""industry"": ""Savings Banks"", ""marketCap"": 116243756104.0, ""dividendYield"": 6.474104}",2026-01-13 11:16:19.181753+00,
007340,KQ,,,"{""eps"": 4799.5082, ""name"": ""DN AUTOMOTIVE CORPORATION"", ""sector"": ""Producer Manufacturing"", ""country"": ""South Korea"", ""peRatio"": 5.000512344160596, ""industry"": ""Auto Parts: OEM"", ""marketCap"": 1246899901772.0, ""dividendYield"": 4.5548654}",2026-01-13 11:16:18.729497+00,
007370,KQ,,,"{""eps"": 478.7356, ""name"": ""Jin Yang Pharmaceutical Co., Ltd."", ""sector"": ""Health Technology"", ""country"": ""South Korea"", ""peRatio"": 10.148781131386121, ""industry"": ""Pharmaceuticals: Major"", ""marketCap"": 64298752556.0, ""dividendYield"": 3.0927835}",2026-01-13 11:16:19.573706+00,
007390,KQ,,,"{""eps"": -44.5127, ""name"": ""NATURECELL Co., Ltd."", ""sector"": ""Consumer Non-Durables"", ""country"": ""South Korea"", ""peRatio"": null, ""industry"": ""Beverages: Non-Alcoholic"", ""marketCap"": 1314475039673.0, ""dividendYield"": null}",2026-01-13 11:16:21.308637+00,
007460,KQ,,,"{""eps"": -172.5442, ""name"": ""Aprogen, Inc"", ""sector"": ""Health Technology"", ""country"": ""South Korea"", ""peRatio"": null, ""industry"": ""Pharmaceuticals: Major"", ""marketCap"": 221227693634.0, ""dividendYield"": null}",2026-01-13 11:16:21.531335+00,
007530,KQ,,,"{""eps"": 266.4273, ""name"": ""YM CO. LTD."", ""sector"": ""Producer Manufacturing"", ""country"": ""South Korea"", ""peRatio"": 8.989319037501037, ""industry"": ""Metal Fabrication"", ""marketCap"": 49098027096.0, ""dividendYield"": 1.2269938}",2026-01-13 11:16:21.966693+00,
007540,KQ,,,"{""eps"": 6233.8707, ""name"": ""SEMPIO COMPANY"", ""sector"": ""Consumer Non-Durables"", ""country"": ""South Korea"", ""peRatio"": 7.635705373228225, ""industry"": ""Food: Specialty/Candy"", ""marketCap"": 96238602757.0, ""dividendYield"": 0.4166667}",2026-01-13 11:16:21.749794+00,
007590,KQ,,,"{""eps"": 577.3896, ""name"": ""Dongbang Agro Corp"", ""sector"": ""Process Industries"", ""country"": ""South Korea"", ""peRatio"": 10.25304231319719, ""industry"": ""Chemicals: Agricultural"", ""marketCap"": 79361691589.0, ""dividendYield"": 5.059022}",2026-01-13 11:16:38.897029+00,
007660,KQ,,,"{""eps"": 1987.1223, ""name"": ""ISU Petasys Co., Ltd."", ""sector"": ""Electronic Technology"", ""country"": ""South Korea"", ""peRatio"": 58.526845579660595, ""industry"": ""Electronic Components"", ""marketCap"": 8104377648926.0, ""dividendYield"": 0.13711151}",2026-01-13 11:16:37.985758+00,
007680,KQ,,,"{""eps"": -748.1777, ""name"": ""DAEWON CO., LTD."", ""sector"": ""Industrial Services"", ""country"": ""South Korea"", ""peRatio"": null, ""industry"": ""Engineering & Construction"", ""marketCap"": 56048403091.0, ""dividendYield"": 2.8368793}",2026-01-13 11:16:39.160904+00,
007690,KQ,,,"{""eps"": 2950.098, ""name"": ""Kukdo Chemical Co., Ltd."", ""sector"": ""Process Industries"", ""country"": ""South Korea"", ""peRatio"": 11.380354550516541, ""industry"": ""Chemicals: Specialty"", ""marketCap"": 275621389961.0, ""dividendYield"": 1.8376161}",2026-01-13 11:16:38.662857+00,
007700,KQ,,,"{""eps"": 2832.276, ""name"": ""F&F Holdings Co., Ltd."", ""sector"": ""Consumer Non-Durables"", ""country"": ""South Korea"", ""peRatio"": 6.461234710176551, ""industry"": ""Apparel/Footwear"", ""marketCap"": 733341889420.0, ""dividendYield"": 2.4311182}",2026-01-13 11:16:57.151914+00,
007720,KQ,,,"{""eps"": -125.9511, ""name"": ""SoNo Square Co.,Ltd."", ""sector"": ""Distribution Services"", ""country"": ""South Korea"", ""peRatio"": null, ""industry"": ""Wholesale Distributors"", ""marketCap"": 61488271790.0, ""dividendYield"": null}",2026-01-13 11:16:57.437032+00,
007770,KQ,,,"{""eps"": -1670.2134, ""name"": ""Hanil Chemical Industry Co., Ltd."", ""sector"": ""Process Industries"", ""country"": ""South Korea"", ""peRatio"": null, ""industry"": ""Chemicals: Specialty"", ""marketCap"": 27834299924.0, ""dividendYield"": 0.625}",2026-01-13 11:16:57.996102+00,
007815,KQ,,,"{""eps"": -3094.2169, ""name"": ""Korea Circuit Co Ltd Pfd Non-Voting"", ""sector"": ""Electronic Technology"", ""country"": ""South Korea"", ""peRatio"": null, ""industry"": ""Electronic Components"", ""marketCap"": 1229972091821.0, ""dividendYield"": null}",2026-01-13 11:16:56.435708+00,
00781K,KQ,,,"{""eps"": -3094.2169, ""name"": ""Korea Circuit Co Ltd Pfd. Shs 2 Non-Voting"", ""sector"": ""Electronic Technology"", ""country"": ""South Korea"", ""peRatio"": null, ""industry"": ""Electronic Components"", ""marketCap"": 1229972091821.0, ""dividendYield"": null}",2026-01-13 11:16:57.646438+00,
007820,KQ,,,"{""eps"": 152.3571, ""name"": ""SMCore, Inc."", ""sector"": ""Producer Manufacturing"", ""country"": ""South Korea"", ""peRatio"": 29.60150856113696, ""industry"": ""Industrial Machinery"", ""marketCap"": 89022569361.0, ""dividendYield"": null}",2026-01-13 11:17:05.704995+00,
007860,KQ,,,"{""eps"": 4659.8932, ""name"": ""SEOYON CO. LTD"", ""sector"": ""Commercial Services"", ""country"": ""South Korea"", ""peRatio"": 2.1245122098506464, ""industry"": ""Miscellaneous Commercial Services"", ""marketCap"": 205567988262.0, ""dividendYield"": 2.1052632}",2026-01-13 11:17:05.170021+00,
007980,KQ,,,"{""eps"": 693.882, ""name"": ""TP Inc."", ""sector"": ""Process Industries"", ""country"": ""South Korea"", ""peRatio"": 2.648865369039693, ""industry"": ""Textiles"", ""marketCap"": 86743929108.0, ""dividendYield"": 2.736727}",2026-01-13 11:17:06.228243+00,
008040,KQ,,,"{""eps"": 176.706, ""name"": ""SAJODONGAONE CO., LTD."", ""sector"": ""Process Industries"", ""country"": ""South Korea"", ""peRatio"": 6.049596504929092, ""industry"": ""Agricultural Commodities/Milling"", ""marketCap"": 150107684097.0, ""dividendYield"": 1.8761727}",2026-01-13 11:17:06.463022+00,
008060,KQ,,,"{""eps"": 330.6118, ""name"": ""DAEDUCK Co., Ltd."", ""sector"": ""Electronic Technology"", ""country"": ""South Korea"", ""peRatio"": 29.158063928752693, ""industry"": ""Electronic Components"", ""marketCap"": 327717732735.0, ""dividendYield"": 5.235602}",2026-01-13 11:17:05.94968+00,
008250,KQ,,,"{""eps"": -593.0345, ""name"": ""Eagon Industrial Co., Ltd."", ""sector"": ""Non-Energy Minerals"", ""country"": ""South Korea"", ""peRatio"": null, ""industry"": ""Forest Products"", ""marketCap"": 42942329979.0, ""dividendYield"": 2.4038463}",2026-01-13 11:17:12.203916+00,
008260,KQ,,,"{""eps"": 632.2758, ""name"": ""N.I. Steel Co., Ltd."", ""sector"": ""Non-Energy Minerals"", ""country"": ""South Korea"", ""peRatio"": 5.361584295967044, ""industry"": ""Steel"", ""marketCap"": 95695902004.0, ""dividendYield"": 3.0075188}",2026-01-13 11:17:11.952549+00,
008290,KQ,,,"{""eps"": -79.186, ""name"": ""Wonpung Mulsan Co., Ltd."", ""sector"": ""Consumer Non-Durables"", ""country"": ""South Korea"", ""peRatio"": null, ""industry"": ""Apparel/Footwear"", ""marketCap"": 17700241562.0, ""dividendYield"": null}",2026-01-13 11:17:12.496297+00,
008350,KQ,,,"{""eps"": -226.7145, ""name"": ""Namsun Aluminum Co., Ltd."", ""sector"": ""Non-Energy Minerals"", ""country"": ""South Korea"", ""peRatio"": null, ""industry"": ""Aluminum"", ""marketCap"": 164469896389.0, ""dividendYield"": null}",2026-01-13 11:17:10.852546+00,
008355,KQ,,,"{""eps"": -226.7145, ""name"": ""Namsun Aluminum Co., Ltd. Non-Cum Pfd Registered Shs Non-Voting"", ""sector"": ""Non-Energy Minerals"", ""country"": ""South Korea"", ""peRatio"": null, ""industry"": ""Aluminum"", ""marketCap"": 164469896389.0, ""dividendYield"": null}",2026-01-13 11:17:11.277665+00,
008370,KQ,,,"{""eps"": 625.5309, ""name"": ""Wonpoong Corporation"", ""sector"": ""Process Industries"", ""country"": ""South Korea"", ""peRatio"": 7.67348183758788, ""industry"": ""Industrial Specialties"", ""marketCap"": 50410218148.0, ""dividendYield"": 5.13347}",2026-01-13 11:17:22.017204+00,
008420,KQ,,,"{""eps"": 214.7043, ""name"": ""Moonbae Steel Co., Ltd."", ""sector"": ""Non-Energy Minerals"", ""country"": ""South Korea"", ""peRatio"": 9.548015573046278, ""industry"": ""Steel"", ""marketCap"": 37692805424.0, ""dividendYield"": 2.4691358}",2026-01-13 11:17:22.524965+00,
008470,KQ,,,"{""eps"": 373.0592, ""name"": ""Booster Co., Ltd"", ""sector"": ""Producer Manufacturing"", ""country"": ""South Korea"", ""peRatio"": 10.440702172738268, ""industry"": ""Building Products"", ""marketCap"": 31559471765.0, ""dividendYield"": 1.2722646}",2026-01-13 11:17:22.288192+00,
008490,KQ,,,"{""eps"": 3549.6538, ""name"": ""Suheung Co. Ltd."", ""sector"": ""Process Industries"", ""country"": ""South Korea"", ""peRatio"": 5.648438165998048, ""industry"": ""Chemicals: Major Diversified"", ""marketCap"": 224606081963.0, ""dividendYield"": 0.96618354}",2026-01-13 11:17:21.755596+00,
008600,KQ,,,"{""eps"": -413.1819, ""name"": ""Willbes & Co., Ltd"", ""sector"": ""Consumer Non-Durables"", ""country"": ""South Korea"", ""peRatio"": null, ""industry"": ""Apparel/Footwear"", ""marketCap"": 20332012344.0, ""dividendYield"": null}",2026-01-13 11:17:20.937084+00,
008700,KQ,,,"{""eps"": 75.0189, ""name"": ""Anam Electronics Co., Ltd"", ""sector"": ""Consumer Durables"", ""country"": ""South Korea"", ""peRatio"": 18.79526359357442, ""industry"": ""Electronics/Appliances"", ""marketCap"": 109203803650.0, ""dividendYield"": null}",2026-01-13 11:17:25.243472+00,
008730,KQ,,,"{""eps"": -816.0335, ""name"": ""Youlchon Chemical Co., Ltd."", ""sector"": ""Process Industries"", ""country"": ""South Korea"", ""peRatio"": null, ""industry"": ""Containers/Packaging"", ""marketCap"": 636119980431.0, ""dividendYield"": 0.9823183}",2026-01-13 11:17:25.015814+00,
008830,KQ,,,"{""eps"": -451.2244, ""name"": ""DAEDONG GEAR Co., Ltd."", ""sector"": ""Producer Manufacturing"", ""country"": ""South Korea"", ""peRatio"": null, ""industry"": ""Auto Parts: OEM"", ""marketCap"": 156292960005.0, ""dividendYield"": 0.23215322}",2026-01-13 11:17:24.780317+00,
008870,KQ,,,"{""eps"": 2636.0738, ""name"": ""KUMBI Co., Ltd."", ""sector"": ""Process Industries"", ""country"": ""South Korea"", ""peRatio"": 19.08140811535701, ""industry"": ""Industrial Specialties"", ""marketCap"": 42152749091.0, ""dividendYield"": 2.4072218}",2026-01-13 11:17:25.474722+00,
008930,KQ,,,"{""eps"": 1109.6954, ""name"": ""Hanmi Science Co., Ltd"", ""sector"": ""Distribution Services"", ""country"": ""South Korea"", ""peRatio"": 32.936966306249445, ""industry"": ""Medical Distributors"", ""marketCap"": 2610363109589.0, ""dividendYield"": 0.5208334}",2026-01-13 11:17:24.552961+00,
008970,KQ,,,"{""eps"": -8.6923, ""name"": ""KBI Dong Yang Steel Pipe"", ""sector"": ""Non-Energy Minerals"", ""country"": ""South Korea"", ""peRatio"": null, ""industry"": ""Steel"", ""marketCap"": 176684288078.0, ""dividendYield"": null}",2026-01-13 11:17:30.078055+00,
009070,KQ,,,"{""eps"": 741.5832, ""name"": ""KCTC"", ""sector"": ""Transportation"", ""country"": ""South Korea"", ""peRatio"": 8.347006782246416, ""industry"": ""Marine Shipping"", ""marketCap"": 194686434288.0, ""dividendYield"": 1.1346445}",2026-01-13 11:17:29.555484+00,
009140,KQ,,,"{""eps"": 3340.4577, ""name"": ""Kyung In Electronics Co., Ltd."", ""sector"": ""Electronic Technology"", ""country"": ""South Korea"", ""peRatio"": 5.90637624299209, ""industry"": ""Electronic Components"", ""marketCap"": 26115866137.0, ""dividendYield"": 1.75}",2026-01-13 11:17:30.358664+00,
009150,KQ,,,"{""eps"": 9155.7458, ""name"": ""Samsung Electro-Mechanics Co., Ltd"", ""sector"": ""Electronic Technology"", ""country"": ""South Korea"", ""peRatio"": 31.564878089996775, ""industry"": ""Semiconductors"", ""marketCap"": 20637093753767.0, ""dividendYield"": 0.6766917}",2026-01-13 11:17:29.298344+00,
009155,KQ,,,"{""eps"": 9155.7458, ""name"": ""Samsung Electro-Mechanics Co Ltd Pfd Registered Shs Non-Voting"", ""sector"": ""Electronic Technology"", ""country"": ""South Korea"", ""peRatio"": 13.871070994566056, ""industry"": ""Semiconductors"", ""marketCap"": 20637093753767.0, ""dividendYield"": 1.5301902}",2026-01-13 11:17:29.788962+00,
009180,KQ,,,"{""eps"": 427.0708, ""name"": ""Hansol Logistics Co., Ltd."", ""sector"": ""Transportation"", ""country"": ""South Korea"", ""peRatio"": 6.345552072396427, ""industry"": ""Other Transportation"", ""marketCap"": 76847140160.0, ""dividendYield"": 7.3529415}",2026-01-13 11:17:32.777753+00,
009190,KQ,,,"{""eps"": -283.9409, ""name"": ""Daiyang Metal Co., Ltd."", ""sector"": ""Non-Energy Minerals"", ""country"": ""South Korea"", ""peRatio"": null, ""industry"": ""Steel"", ""marketCap"": 53855388088.0, ""dividendYield"": null}",2026-01-13 11:17:32.978649+00,
009200,KQ,,,"{""eps"": 68.2624, ""name"": ""Moorim Paper Co., Ltd"", ""sector"": ""Process Industries"", ""country"": ""South Korea"", ""peRatio"": 27.877718919932494, ""industry"": ""Pulp & Paper"", ""marketCap"": 79473782387.0, ""dividendYield"": 5.2110476}",2026-01-13 11:17:32.563703+00,
009240,KQ,,,"{""eps"": 2291.258, ""name"": ""Hanssem Co., Ltd"", ""sector"": ""Consumer Durables"", ""country"": ""South Korea"", ""peRatio"": 18.709314907827487, ""industry"": ""Home Furnishings"", ""marketCap"": 703853683472.0, ""dividendYield"": null}",2026-01-13 11:17:32.152973+00,
009270,KQ,,,"{""eps"": -26.488, ""name"": ""Shinwon Corporation"", ""sector"": ""Consumer Non-Durables"", ""country"": ""South Korea"", ""peRatio"": null, ""industry"": ""Apparel/Footwear"", ""marketCap"": 125869972458.0, ""dividendYield"": 4.830918}",2026-01-13 11:17:32.351806+00,
009290,KQ,,,"{""eps"": 738.1035, ""name"": ""Kwang Dong Pharmaceutical Co., Ltd."", ""sector"": ""Health Technology"", ""country"": ""South Korea"", ""peRatio"": 7.83088008660032, ""industry"": ""Pharmaceuticals: Other"", ""marketCap"": 240321581268.0, ""dividendYield"": 0.0}",2026-01-13 11:17:35.543023+00,
009300,KQ,,,"{""eps"": 2160.5595, ""name"": ""Sam-A Pharm. Co., Ltd."", ""sector"": ""Health Technology"", ""country"": ""South Korea"", ""peRatio"": 7.044471582476669, ""industry"": ""Pharmaceuticals: Major"", ""marketCap"": 92709758592.0, ""dividendYield"": 5.2253428}",2026-01-13 11:17:35.795501+00,
009310,KQ,,,"{""eps"": -1287.2337, ""name"": ""Charm Engineering Co., Ltd"", ""sector"": ""Producer Manufacturing"", ""country"": ""South Korea"", ""peRatio"": null, ""industry"": ""Industrial Machinery"", ""marketCap"": 16915029812.0, ""dividendYield"": null}",2026-01-13 11:17:36.027472+00,
009320,KQ,,,"{""eps"": 111.1178, ""name"": ""AJIN ELECTRONIC COMPONENTS CO. LTD"", ""sector"": ""Electronic Technology"", ""country"": ""South Korea"", ""peRatio"": 9.935401888806293, ""industry"": ""Electronic Components"", ""marketCap"": 52553555199.0, ""dividendYield"": null}",2026-01-13 11:17:35.303523+00,
009450,KQ,,,"{""eps"": 8282.5022, ""name"": ""Kyung Dong Navien Co., Ltd."", ""sector"": ""Consumer Durables"", ""country"": ""South Korea"", ""peRatio"": 6.6405053294160306, ""industry"": ""Electronics/Appliances"", ""marketCap"": 787684761524.0, ""dividendYield"": 1.1363636}",2026-01-13 11:17:54.724222+00,
009460,KQ,,,"{""eps"": -75.1297, ""name"": ""Hanchang Paper Co., Ltd"", ""sector"": ""Process Industries"", ""country"": ""South Korea"", ""peRatio"": null, ""industry"": ""Pulp & Paper"", ""marketCap"": 31146426796.0, ""dividendYield"": null}",2026-01-13 11:17:55.18272+00,
009470,KQ,,,"{""eps"": 1335.59, ""name"": ""Samwha Electric Co., Ltd"", ""sector"": ""Electronic Technology"", ""country"": ""South Korea"", ""peRatio"": 22.79891284001827, ""industry"": ""Electronic Components"", ""marketCap"": 201721497774.0, ""dividendYield"": 1.6920474}",2026-01-13 11:17:54.960209+00,
009520,KQ,,,"{""eps"": -85.9472, ""name"": ""POSCO M-TECH Co., Ltd."", ""sector"": ""Process Industries"", ""country"": ""South Korea"", ""peRatio"": null, ""industry"": ""Containers/Packaging"", ""marketCap"": 647495109558.0, ""dividendYield"": 0.13289036}",2026-01-13 11:17:54.536993+00,
009540,KQ,,,"{""eps"": 28641.2257, ""name"": ""HD KOREA SHIPBUILDING & OFFSHORE ENGINEERING CO. LTD."", ""sector"": ""Producer Manufacturing"", ""country"": ""South Korea"", ""peRatio"": 16.14805193200932, ""industry"": ""Trucks/Construction/Farm Machinery"", ""marketCap"": 31856940872192.0, ""dividendYield"": 0.0}",2026-01-13 11:17:53.857178+00,
009580,KQ,,,"{""eps"": -201.3636, ""name"": ""Moorim P&P Co., Ltd."", ""sector"": ""Process Industries"", ""country"": ""South Korea"", ""peRatio"": null, ""industry"": ""Pulp & Paper"", ""marketCap"": 153726710701.0, ""dividendYield"": 4.1753654}",2026-01-13 11:18:04.625126+00,
009680,KQ,,,"{""eps"": 1405.6336, ""name"": ""Motonic Corporation"", ""sector"": ""Producer Manufacturing"", ""country"": ""South Korea"", ""peRatio"": 7.178257548766621, ""industry"": ""Auto Parts: OEM"", ""marketCap"": 214546016235.0, ""dividendYield"": 6.0240965}",2026-01-13 11:18:03.711318+00,
009770,KQ,,,"{""eps"": 10526.8722, ""name"": ""Sam Jung Pulp Co., Ltd"", ""sector"": ""Process Industries"", ""country"": ""South Korea"", ""peRatio"": 2.9163458448749857, ""industry"": ""Pulp & Paper"", ""marketCap"": 78249089575.0, ""dividendYield"": 3.3500838}",2026-01-13 11:18:05.025013+00,
009780,KQ,,,"{""eps"": 1374.9431, ""name"": ""MSC Co., Ltd"", ""sector"": ""Consumer Non-Durables"", ""country"": ""South Korea"", ""peRatio"": 5.3020375897737155, ""industry"": ""Food: Specialty/Candy"", ""marketCap"": 130240002823.0, ""dividendYield"": 1.4647137}",2026-01-13 11:18:04.366804+00,
009810,KQ,,,"{""eps"": 82.2675, ""name"": ""Playgram Co., Ltd."", ""sector"": ""Producer Manufacturing"", ""country"": ""South Korea"", ""peRatio"": 2.9537788312517095, ""industry"": ""Miscellaneous Manufacturing"", ""marketCap"": 37210081558.0, ""dividendYield"": null}",2026-01-13 11:18:04.818468+00,
009830,KQ,,,"{""eps"": -2581.5856, ""name"": ""HANWHA SOLUTIONS CORPORATION"", ""sector"": ""Electronic Technology"", ""country"": ""South Korea"", ""peRatio"": null, ""industry"": ""Semiconductors"", ""marketCap"": 4615973593009.0, ""dividendYield"": 1.1494253}",2026-01-13 11:18:06.858589+00,
009835,KQ,,,"{""eps"": -2581.5856, ""name"": ""HANWHA SOLUTIONS CORPORATION Pfd Registered Shs Non-Voting"", ""sector"": ""Electronic Technology"", ""country"": ""South Korea"", ""peRatio"": null, ""industry"": ""Semiconductors"", ""marketCap"": 4615973593009.0, ""dividendYield"": 1.728395}",2026-01-13 11:18:07.549252+00,
009970,KQ,,,"{""eps"": 27952.5494, ""name"": ""Youngone Holdings Co., Ltd."", ""sector"": ""Consumer Non-Durables"", ""country"": ""South Korea"", ""peRatio"": 6.736415963547139, ""industry"": ""Apparel/Footwear"", ""marketCap"": 2152708662986.9998, ""dividendYield"": 2.8397028}",2026-01-13 11:18:07.326947+00,
010040,KQ,,,"{""eps"": -414.9676, ""name"": ""Korea Refractories Co., Ltd."", ""sector"": ""Non-Energy Minerals"", ""country"": ""South Korea"", ""peRatio"": null, ""industry"": ""Construction Materials"", ""marketCap"": 72823247223.0, ""dividendYield"": 4.8543687}",2026-01-13 11:18:07.756538+00,
010100,KQ,,,"{""eps"": 979.4904, ""name"": ""KOREA MOVENEX CO. LTD."", ""sector"": ""Producer Manufacturing"", ""country"": ""South Korea"", ""peRatio"": 5.441605144879419, ""industry"": ""Auto Parts: OEM"", ""marketCap"": 163214253235.0, ""dividendYield"": 2.0408163}",2026-01-13 11:18:07.101962+00,
010120,KQ,,,"{""eps"": 8954.564, ""name"": ""LS Electric Co., Ltd."", ""sector"": ""Producer Manufacturing"", ""country"": ""South Korea"", ""peRatio"": 55.44658567407637, ""industry"": ""Electrical Products"", ""marketCap"": 14733457641602.0, ""dividendYield"": 0.6092437}",2026-01-13 11:18:10.137645+00,
010130,KQ,,,"{""eps"": 17445.2822, ""name"": ""Korea Zinc Co., Ltd."", ""sector"": ""Non-Energy Minerals"", ""country"": ""South Korea"", ""peRatio"": 76.23837692920782, ""industry"": ""Other Metals/Minerals"", ""marketCap"": 24635024673462.0, ""dividendYield"": 1.7513136}",2026-01-13 11:18:09.783134+00,
010170,KQ,,,"{""eps"": -513.4926, ""name"": ""Taihan Fiberoptics Co., Ltd"", ""sector"": ""Producer Manufacturing"", ""country"": ""South Korea"", ""peRatio"": null, ""industry"": ""Electrical Products"", ""marketCap"": 481228249283.0, ""dividendYield"": null}",2026-01-13 11:18:10.576952+00,
010240,KQ,,,"{""eps"": 1032.4115, ""name"": ""Heungkuk Metaltech Co., Ltd."", ""sector"": ""Producer Manufacturing"", ""country"": ""South Korea"", ""peRatio"": 4.8527161892326856, ""industry"": ""Metal Fabrication"", ""marketCap"": 55235914683.0, ""dividendYield"": 4.4176707}",2026-01-13 11:18:10.985884+00,
010280,KQ,,,"{""eps"": 192.4803, ""name"": ""ITCENENTEC CO. LTD."", ""sector"": ""Technology Services"", ""country"": ""South Korea"", ""peRatio"": 5.247290242170238, ""industry"": ""Information Technology Services"", ""marketCap"": 65709885612.0, ""dividendYield"": null}",2026-01-13 11:18:11.244451+00,
010470,KQ,,,"{""eps"": 725.9018, ""name"": ""ORICOM, Inc."", ""sector"": ""Commercial Services"", ""country"": ""South Korea"", ""peRatio"": 7.962509529525895, ""industry"": ""Advertising/Marketing Services"", ""marketCap"": 66179662704.0, ""dividendYield"": 4.7202797}",2026-01-13 11:18:15.102411+00,
010660,KQ,,,"{""eps"": 204.4361, ""name"": ""Hwacheon Machinery Co., Ltd."", ""sector"": ""Producer Manufacturing"", ""country"": ""South Korea"", ""peRatio"": 21.547075100728296, ""industry"": ""Industrial Machinery"", ""marketCap"": 96360000000.0, ""dividendYield"": 0.9269988}",2026-01-13 11:18:14.894188+00,
010690,KQ,,,"{""eps"": 1892.363, ""name"": ""Hwashin Co., Ltd"", ""sector"": ""Producer Manufacturing"", ""country"": ""South Korea"", ""peRatio"": 4.399481659135502, ""industry"": ""Auto Parts: OEM"", ""marketCap"": 283199753189.0, ""dividendYield"": 1.831502}",2026-01-13 11:18:14.685022+00,
010770,KQ,,,"{""eps"": 1335.0883, ""name"": ""Pyung Hwa Holdings Co., Ltd."", ""sector"": ""Producer Manufacturing"", ""country"": ""South Korea"", ""peRatio"": 2.853743831026008, ""industry"": ""Auto Parts: OEM"", ""marketCap"": 52519707060.0, ""dividendYield"": 4.1265473}",2026-01-13 11:18:28.495393+00,
010780,KQ,,,"{""eps"": -6265.4327, ""name"": ""IS Dongseo Co., Ltd."", ""sector"": ""Industrial Services"", ""country"": ""South Korea"", ""peRatio"": null, ""industry"": ""Engineering & Construction"", ""marketCap"": 692919507408.0, ""dividendYield"": 4.2918453}",2026-01-13 11:18:28.019493+00,
010820,KQ,,,"{""eps"": 303.1603, ""name"": ""Firstec Co., Ltd"", ""sector"": ""Electronic Technology"", ""country"": ""South Korea"", ""peRatio"": 13.045903437884181, ""industry"": ""Aerospace & Defense"", ""marketCap"": 192921503639.0, ""dividendYield"": null}",2026-01-13 11:18:27.563142+00,
010950,KQ,,,"{""eps"": -1544.8635, ""name"": ""S-Oil Corporation"", ""sector"": ""Energy Minerals"", ""country"": ""South Korea"", ""peRatio"": null, ""industry"": ""Oil Refining/Marketing"", ""marketCap"": 9990177365112.0, ""dividendYield"": null}",2026-01-13 11:18:27.208923+00,
010955,KQ,,,"{""eps"": -1544.8635, ""name"": ""S-Oil Corp Pfd Shs Non-Voting"", ""sector"": ""Energy Minerals"", ""country"": ""South Korea"", ""peRatio"": null, ""industry"": ""Oil Refining/Marketing"", ""marketCap"": 9990177365112.0, ""dividendYield"": 0.31948882}",2026-01-13 11:18:28.283525+00,
010960,KQ,,,"{""eps"": 842.7879, ""name"": ""Samho Development Co., Ltd"", ""sector"": ""Industrial Services"", ""country"": ""South Korea"", ""peRatio"": 4.486396177186385, ""industry"": ""Engineering & Construction"", ""marketCap"": 79261198311.0, ""dividendYield"": 4.1152263}",2026-01-13 11:18:48.77029+00,
011000,KQ,,,"{""eps"": -628.2591, ""name"": ""GeneOne Life Science, Inc."", ""sector"": ""Health Technology"", ""country"": ""South Korea"", ""peRatio"": null, ""industry"": ""Biotechnology"", ""marketCap"": 151230834198.0, ""dividendYield"": null}",2026-01-13 11:18:49.005852+00,
011040,KQ,,,"{""eps"": 307.2538, ""name"": ""KYUNG DONG PHARMACEUTICAL Co., Ltd"", ""sector"": ""Health Technology"", ""country"": ""South Korea"", ""peRatio"": 18.55143858269613, ""industry"": ""Pharmaceuticals: Generic"", ""marketCap"": 155561329765.0, ""dividendYield"": 5.199307}",2026-01-13 11:18:49.466094+00,
011070,KQ,,,"{""eps"": 13194.7449, ""name"": ""LG Innotek Co., Ltd"", ""sector"": ""Electronic Technology"", ""country"": ""South Korea"", ""peRatio"": 21.447932653855247, ""industry"": ""Electronic Production Equipment"", ""marketCap"": 6365752359390.0, ""dividendYield"": 0.79923517}",2026-01-13 11:18:48.541493+00,
011080,KQ,,,"{""eps"": -175.3941, ""name"": ""HYUNGJI Innovation & Creative Co., Ltd."", ""sector"": ""Consumer Non-Durables"", ""country"": ""South Korea"", ""peRatio"": null, ""industry"": ""Apparel/Footwear"", ""marketCap"": 32216588974.0, ""dividendYield"": null}",2026-01-13 11:18:49.24068+00,
011150,KQ,,,"{""eps"": 56.6904, ""name"": ""CJ Seafood Corporation"", ""sector"": ""Consumer Non-Durables"", ""country"": ""South Korea"", ""peRatio"": 49.39107856003839, ""industry"": ""Food: Meat/Fish/Dairy"", ""marketCap"": 104598438542.0, ""dividendYield"": null}",2026-01-13 11:19:17.454692+00,
011155,KQ,,,"{""eps"": 56.6904, ""name"": ""CJ Seafood Corporation Pfd Registered Shs Non-Voting"", ""sector"": ""Consumer Non-Durables"", ""country"": ""South Korea"", ""peRatio"": 272.8857090442121, ""industry"": ""Food: Meat/Fish/Dairy"", ""marketCap"": 104598438542.0, ""dividendYield"": null}",2026-01-13 11:19:17.981501+00,
011170,KQ,,,"{""eps"": -42252.1615, ""name"": ""Lotte Chemical Corporation"", ""sector"": ""Process Industries"", ""country"": ""South Korea"", ""peRatio"": null, ""industry"": ""Chemicals: Specialty"", ""marketCap"": 2901099822998.0, ""dividendYield"": 2.2421525}",2026-01-13 11:19:17.204757+00,
011210,KQ,,,"{""eps"": 5431.6944, ""name"": ""Hyundai Wia Corporation"", ""sector"": ""Producer Manufacturing"", ""country"": ""South Korea"", ""peRatio"": 16.587825706836526, ""industry"": ""Auto Parts: OEM"", ""marketCap"": 2310870626450.0, ""dividendYield"": 1.2008734}",2026-01-13 11:19:16.991867+00,
011230,KQ,,,"{""eps"": -445.1488, ""name"": ""Samwha Electronics Co., Ltd."", ""sector"": ""Electronic Technology"", ""country"": ""South Korea"", ""peRatio"": null, ""industry"": ""Electronic Production Equipment"", ""marketCap"": 56533776188.0, ""dividendYield"": null}",2026-01-13 11:19:17.721367+00,
011280,KQ,,,"{""eps"": -214.2492, ""name"": ""Tailim Packaging Co., Ltd."", ""sector"": ""Process Industries"", ""country"": ""South Korea"", ""peRatio"": null, ""industry"": ""Containers/Packaging"", ""marketCap"": 142152780647.0, ""dividendYield"": null}",2026-01-13 11:19:50.024525+00,
011320,KQ,,,"{""eps"": 600.3485, ""name"": ""Unick Corporation"", ""sector"": ""Producer Manufacturing"", ""country"": ""South Korea"", ""peRatio"": 7.14584945244304, ""industry"": ""Auto Parts: OEM"", ""marketCap"": 81050319204.0, ""dividendYield"": 1.0625738}",2026-01-13 11:19:50.476783+00,
011330,KQ,,,"{""eps"": -49.1179, ""name"": ""Uni Chem Co., Ltd."", ""sector"": ""Process Industries"", ""country"": ""South Korea"", ""peRatio"": null, ""industry"": ""Textiles"", ""marketCap"": 108754165833.0, ""dividendYield"": null}",2026-01-13 11:19:49.756684+00,
011370,KQ,,,"{""eps"": 458.1393, ""name"": ""SEOHAN Co., Ltd."", ""sector"": ""Industrial Services"", ""country"": ""South Korea"", ""peRatio"": 1.921771418443432, ""industry"": ""Engineering & Construction"", ""marketCap"": 85036757416.0, ""dividendYield"": 3.4443169}",2026-01-13 11:19:50.243592+00,
011390,KQ,,,"{""eps"": -4525.4902, ""name"": ""BUSAN INDUSTRIAL Co., Ltd."", ""sector"": ""Non-Energy Minerals"", ""country"": ""South Korea"", ""peRatio"": null, ""industry"": ""Construction Materials"", ""marketCap"": 81523199558.0, ""dividendYield"": 0.3324468}",2026-01-13 11:19:49.494397+00,
011420,KQ,,,"{""eps"": 114.3713, ""name"": ""Galaxia SM, Inc."", ""sector"": ""Commercial Services"", ""country"": ""South Korea"", ""peRatio"": 16.586328912935326, ""industry"": ""Advertising/Marketing Services"", ""marketCap"": 52151476982.0, ""dividendYield"": null}",2026-01-13 11:20:11.634354+00,
011500,KQ,,,"{""eps"": 377.2733, ""name"": ""Hannong Chemicals Inc."", ""sector"": ""Consumer Non-Durables"", ""country"": ""South Korea"", ""peRatio"": 41.61439465766594, ""industry"": ""Household/Personal Care"", ""marketCap"": 232010278835.0, ""dividendYield"": 0.40349698}",2026-01-13 11:20:10.569528+00,
011560,KQ,,,"{""eps"": 2685.0254, ""name"": ""Sebo Manufacturing Engineering Corp."", ""sector"": ""Industrial Services"", ""country"": ""South Korea"", ""peRatio"": 5.165686700766406, ""industry"": ""Engineering & Construction"", ""marketCap"": 140161094923.0, ""dividendYield"": 3.9285715}",2026-01-13 11:20:11.405484+00,
011700,KQ,,,"{""eps"": -8.0734, ""name"": ""Hanshin Machinery Co., Ltd"", ""sector"": ""Producer Manufacturing"", ""country"": ""South Korea"", ""peRatio"": null, ""industry"": ""Industrial Machinery"", ""marketCap"": 101243447762.0, ""dividendYield"": 0.4950495}",2026-01-13 11:20:11.174176+00,
011760,KQ,,,"{""eps"": 6311.4158, ""name"": ""Hyundai Corporation"", ""sector"": ""Distribution Services"", ""country"": ""South Korea"", ""peRatio"": 3.3510706108128705, ""industry"": ""Wholesale Distributors"", ""marketCap"": 255233013630.0, ""dividendYield"": 3.3492823}",2026-01-13 11:20:10.937031+00,
011780,KQ,,,"{""eps"": 12678.7938, ""name"": ""Kumho Petrochemical Co., Ltd."", ""sector"": ""Process Industries"", ""country"": ""South Korea"", ""peRatio"": 10.939526439810072, ""industry"": ""Chemicals: Specialty"", ""marketCap"": 3247568584919.0, ""dividendYield"": 1.807724}",2026-01-13 11:20:17.689894+00,
011785,KQ,,,"{""eps"": 12678.7938, ""name"": ""Kumho Petrochemical Co., Ltd. Pfd Registered Shs Non-Voting"", ""sector"": ""Process Industries"", ""country"": ""South Korea"", ""peRatio"": 5.244978430045925, ""industry"": ""Chemicals: Specialty"", ""marketCap"": 3247568584919.0, ""dividendYield"": 3.7375417}",2026-01-13 11:20:18.325121+00,
011790,KQ,,,"{""eps"": -13275.9721, ""name"": ""SKC Co., Ltd."", ""sector"": ""Process Industries"", ""country"": ""South Korea"", ""peRatio"": null, ""industry"": ""Chemicals: Specialty"", ""marketCap"": 3916853820801.0, ""dividendYield"": null}",2026-01-13 11:20:17.893761+00,
011930,KQ,,,"{""eps"": -59.6591, ""name"": ""SHINSUNG E&G Co.LTD."", ""sector"": ""Producer Manufacturing"", ""country"": ""South Korea"", ""peRatio"": null, ""industry"": ""Industrial Machinery"", ""marketCap"": 317562951050.0, ""dividendYield"": null}",2026-01-13 11:20:18.107463+00,
012030,KQ,,,"{""eps"": 375.39, ""name"": ""DB Inc."", ""sector"": ""Technology Services"", ""country"": ""South Korea"", ""peRatio"": 3.814699379312182, ""industry"": ""Information Technology Services"", ""marketCap"": 274319845153.99997, ""dividendYield"": null}",2026-01-13 11:20:23.452003+00,
012160,KQ,,,"{""eps"": -752.5546, ""name"": ""Youngwire Co., Ltd."", ""sector"": ""Non-Energy Minerals"", ""country"": ""South Korea"", ""peRatio"": null, ""industry"": ""Steel"", ""marketCap"": 33267108031.999996, ""dividendYield"": null}",2026-01-13 11:20:24.085763+00,
012170,KQ,,,"{""eps"": -1617.8008, ""name"": ""Ascendio Co., Ltd."", ""sector"": ""Consumer Services"", ""country"": ""South Korea"", ""peRatio"": null, ""industry"": ""Movies/Entertainment"", ""marketCap"": 17398571783.0, ""dividendYield"": null}",2026-01-13 11:20:23.878016+00,
012320,KQ,,,"{""eps"": 10751.0913, ""name"": ""KYUNGDONG INVEST CO. LTD."", ""sector"": ""Utilities"", ""country"": ""South Korea"", ""peRatio"": 4.920430728739137, ""industry"": ""Gas Distributors"", ""marketCap"": 115776689744.0, ""dividendYield"": 1.4506769}",2026-01-13 11:20:23.652573+00,
012330,KQ,,,"{""eps"": 46404.2528, ""name"": ""Hyundai Mobis Co., Ltd"", ""sector"": ""Producer Manufacturing"", ""country"": ""South Korea"", ""peRatio"": 9.718936795379237, ""industry"": ""Auto Parts: OEM"", ""marketCap"": 34615463500977.004, ""dividendYield"": 1.6270337}",2026-01-13 11:20:23.216269+00,
012340,KQ,,,"{""eps"": -129.3083, ""name"": ""NUINTEK Co., Ltd."", ""sector"": ""Producer Manufacturing"", ""country"": ""South Korea"", ""peRatio"": null, ""industry"": ""Electrical Products"", ""marketCap"": 25638939850.0, ""dividendYield"": null}",2026-01-13 11:20:26.354679+00,
012450,KQ,,,"{""eps"": 55564.8554, ""name"": ""Hanwha Aerospace Co., Ltd."", ""sector"": ""Electronic Technology"", ""country"": ""South Korea"", ""peRatio"": 23.07213778873615, ""industry"": ""Aerospace & Defense"", ""marketCap"": 62355930679321.0, ""dividendYield"": 0.28830314}",2026-01-13 11:20:25.73796+00,
012610,KQ,,,"{""eps"": 185.2361, ""name"": ""Kyung-In Synthetic Corporation"", ""sector"": ""Process Industries"", ""country"": ""South Korea"", ""peRatio"": 24.5362540023246, ""industry"": ""Industrial Specialties"", ""marketCap"": 181020086250.0, ""dividendYield"": 1.0706638}",2026-01-13 11:20:25.937917+00,
012620,KQ,,,"{""eps"": 1988.6599, ""name"": ""WONIL SPECIAL STEEL Co., Ltd."", ""sector"": ""Non-Energy Minerals"", ""country"": ""South Korea"", ""peRatio"": 4.02280953118228, ""industry"": ""Steel"", ""marketCap"": 34804000754.0, ""dividendYield"": 3.164557}",2026-01-13 11:20:26.566563+00,
012630,KQ,,,"{""eps"": 5056.1638, ""name"": ""HDC HOLDINGS CO., Ltd."", ""sector"": ""Finance"", ""country"": ""South Korea"", ""peRatio"": 3.2455435878086067, ""industry"": ""Real Estate Development"", ""marketCap"": 804402585030.0, ""dividendYield"": 2.188868}",2026-01-13 11:20:26.146542+00,
012690,KQ,,,"{""eps"": -16.7868, ""name"": ""Monalisa Co., Ltd"", ""sector"": ""Process Industries"", ""country"": ""South Korea"", ""peRatio"": null, ""industry"": ""Pulp & Paper"", ""marketCap"": 73669955463.0, ""dividendYield"": null}",2026-01-13 11:20:28.582532+00,
012700,KQ,,,"{""eps"": 571.6469, ""name"": ""LEADCORP, Inc."", ""sector"": ""Distribution Services"", ""country"": ""South Korea"", ""peRatio"": 6.105167368177804, ""industry"": ""Wholesale Distributors"", ""marketCap"": 89581990242.0, ""dividendYield"": 2.857143}",2026-01-13 11:20:28.821599+00,
012790,KQ,,,"{""eps"": 978.5358, ""name"": ""SINIL PHARMACEUTICAL Co., Ltd."", ""sector"": ""Health Technology"", ""country"": ""South Korea"", ""peRatio"": 6.008977903516662, ""industry"": ""Pharmaceuticals: Major"", ""marketCap"": 68085812969.00001, ""dividendYield"": 3.2367973}",2026-01-13 11:20:29.021231+00,
012800,KQ,,,"{""eps"": 25.6614, ""name"": ""DAECHANG Co., Ltd."", ""sector"": ""Producer Manufacturing"", ""country"": ""South Korea"", ""peRatio"": 53.85520665279369, ""industry"": ""Metal Fabrication"", ""marketCap"": 105550728401.0, ""dividendYield"": null}",2026-01-13 11:20:28.374214+00,
012860,KQ,,,"{""eps"": 234.5428, ""name"": ""MOBASE ELECTRONICS CO., LTD."", ""sector"": ""Producer Manufacturing"", ""country"": ""South Korea"", ""peRatio"": 14.347061602402633, ""industry"": ""Auto Parts: OEM"", ""marketCap"": 188241556473.0, ""dividendYield"": null}",2026-01-13 11:20:28.157196+00,
013030,KQ,,,"{""eps"": 3878.5641, ""name"": ""Hy-Lok Corp."", ""sector"": ""Producer Manufacturing"", ""country"": ""South Korea"", ""peRatio"": 8.353606944384392, ""industry"": ""Industrial Machinery"", ""marketCap"": 367590615463.0, ""dividendYield"": 3.645008}",2026-01-13 11:20:31.435068+00,
013120,KQ,,,"{""eps"": 94.8482, ""name"": ""Dongwon Development Co., Ltd."", ""sector"": ""Finance"", ""country"": ""South Korea"", ""peRatio"": 28.466539164686306, ""industry"": ""Real Estate Development"", ""marketCap"": 243365681763.0, ""dividendYield"": 3.018868}",2026-01-13 11:20:31.895542+00,
013310,KQ,,,"{""eps"": 422.3034, ""name"": ""A-JIN INDUSTRY CO.,LTD"", ""sector"": ""Producer Manufacturing"", ""country"": ""South Korea"", ""peRatio"": 7.139416826859551, ""industry"": ""Auto Parts: OEM"", ""marketCap"": 117963977051.0, ""dividendYield"": 3.4965034}",2026-01-13 11:20:31.186991+00,
013570,KQ,,,"{""eps"": 1110.6918, ""name"": ""DY Corporation"", ""sector"": ""Producer Manufacturing"", ""country"": ""South Korea"", ""peRatio"": 4.717780395965829, ""industry"": ""Industrial Machinery"", ""marketCap"": 121372421494.0, ""dividendYield"": 2.4}",2026-01-13 11:20:30.948598+00,
013580,KQ,,,"{""eps"": 8589.6871, ""name"": ""Kye-Ryong Construction Industrial Co., Ltd."", ""sector"": ""Industrial Services"", ""country"": ""South Korea"", ""peRatio"": 2.357478190328959, ""industry"": ""Engineering & Construction"", ""marketCap"": 182470611382.0, ""dividendYield"": 2.0242915}",2026-01-13 11:20:31.652536+00,
013700,KQ,,,"{""eps"": -76.3696, ""name"": ""Camus Engineering & Construction, Inc."", ""sector"": ""Industrial Services"", ""country"": ""South Korea"", ""peRatio"": null, ""industry"": ""Engineering & Construction"", ""marketCap"": 71581491692.0, ""dividendYield"": 1.6806724}",2026-01-13 11:20:34.236122+00,
013720,KQ,,,"{""eps"": -303.9438, ""name"": ""Cube& Inc."", ""sector"": ""Producer Manufacturing"", ""country"": ""South Korea"", ""peRatio"": null, ""industry"": ""Auto Parts: OEM"", ""marketCap"": 52992864105.0, ""dividendYield"": null}",2026-01-13 11:20:33.355163+00,
013810,KQ,,,"{""eps"": -57.8843, ""name"": ""Speco Ltd."", ""sector"": ""Producer Manufacturing"", ""country"": ""South Korea"", ""peRatio"": null, ""industry"": ""Electrical Products"", ""marketCap"": 36931784134.0, ""dividendYield"": null}",2026-01-13 11:20:34.028735+00,
013870,KQ,,,"{""eps"": 943.8792, ""name"": ""GMB KOREA Corp."", ""sector"": ""Producer Manufacturing"", ""country"": ""South Korea"", ""peRatio"": 4.7834511026411, ""industry"": ""Auto Parts: OEM"", ""marketCap"": 79149957752.0, ""dividendYield"": 5.9382424}",2026-01-13 11:20:33.583072+00,
013990,KQ,,,"{""eps"": 360.2881, ""name"": ""Agabang & Company"", ""sector"": ""Consumer Non-Durables"", ""country"": ""South Korea"", ""peRatio"": 11.962648780240036, ""industry"": ""Apparel/Footwear"", ""marketCap"": 120662650843.0, ""dividendYield"": null}",2026-01-13 11:20:33.793619+00,
014160,KQ,,,"{""eps"": -7.2855, ""name"": ""Daeyoung Packaging Co., Ltd."", ""sector"": ""Process Industries"", ""country"": ""South Korea"", ""peRatio"": null, ""industry"": ""Containers/Packaging"", ""marketCap"": 105583875000.0, ""dividendYield"": null}",2026-01-13 11:20:36.19246+00,
014190,KQ,,,"{""eps"": 86.1996, ""name"": ""WONIK CUBE Corp."", ""sector"": ""Distribution Services"", ""country"": ""South Korea"", ""peRatio"": 24.710091462141353, ""industry"": ""Wholesale Distributors"", ""marketCap"": 73975694466.0, ""dividendYield"": null}",2026-01-13 11:20:35.516554+00,
014280,KQ,,,"{""eps"": -641.7174, ""name"": ""Kumkang Kind Co., Ltd."", ""sector"": ""Non-Energy Minerals"", ""country"": ""South Korea"", ""peRatio"": null, ""industry"": ""Steel"", ""marketCap"": 159744253039.0, ""dividendYield"": 2.108963}",2026-01-13 11:20:35.74234+00,
014285,KQ,,,"{""eps"": -641.7174, ""name"": ""Kumkang Kind Co., Ltd. Pfd Registered Shs Non-Voting"", ""sector"": ""Non-Energy Minerals"", ""country"": ""South Korea"", ""peRatio"": null, ""industry"": ""Steel"", ""marketCap"": 159744253039.0, ""dividendYield"": 1.5853658}",2026-01-13 11:20:36.391062+00,
014440,KQ,,,"{""eps"": 954.759, ""name"": ""Youngbo Chemical Co., Ltd."", ""sector"": ""Process Industries"", ""country"": ""South Korea"", ""peRatio"": 4.802258999391469, ""industry"": ""Chemicals: Specialty"", ""marketCap"": 89212500000.0, ""dividendYield"": 1.0989012}",2026-01-13 11:20:35.969355+00,
014470,KQ,,,"{""eps"": 222.2597, ""name"": ""Bubang Co., Ltd."", ""sector"": ""Electronic Technology"", ""country"": ""South Korea"", ""peRatio"": 5.916502181907021, ""industry"": ""Electronic Production Equipment"", ""marketCap"": 71054420868.0, ""dividendYield"": null}",2026-01-13 11:20:38.761876+00,
014530,KQ,,,"{""eps"": 74.5806, ""name"": ""Kukdong Oil & Chemicals Co., Ltd"", ""sector"": ""Energy Minerals"", ""country"": ""South Korea"", ""peRatio"": 44.51559789006792, ""industry"": ""Oil Refining/Marketing"", ""marketCap"": 112624217091.0, ""dividendYield"": 6.042296}",2026-01-13 11:20:38.361808+00,
014570,KQ,,,"{""eps"": 256.977, ""name"": ""Korean Drug Co., Ltd"", ""sector"": ""Health Technology"", ""country"": ""South Korea"", ""peRatio"": 16.266047155971158, ""industry"": ""Pharmaceuticals: Major"", ""marketCap"": 45442584801.0, ""dividendYield"": 3.7869823}",2026-01-13 11:20:38.574613+00,
014580,KQ,,,"{""eps"": 967.9158, ""name"": ""Taekyung BK Co., Ltd."", ""sector"": ""Process Industries"", ""country"": ""South Korea"", ""peRatio"": 4.669827685424703, ""industry"": ""Industrial Specialties"", ""marketCap"": 124675609131.0, ""dividendYield"": 3.329634}",2026-01-13 11:20:38.162272+00,
014620,KQ,,,"{""eps"": 1276.7841, ""name"": ""SUNG KWANG BEND Co., Ltd."", ""sector"": ""Producer Manufacturing"", ""country"": ""South Korea"", ""peRatio"": 23.144085205948286, ""industry"": ""Metal Fabrication"", ""marketCap"": 788753696251.0, ""dividendYield"": 0.7067138}",2026-01-13 11:20:37.921858+00,
014680,KQ,,,"{""eps"": 13935.8457, ""name"": ""Hansol Chemical Co., Ltd"", ""sector"": ""Process Industries"", ""country"": ""South Korea"", ""peRatio"": 17.26816130738165, ""industry"": ""Chemicals: Major Diversified"", ""marketCap"": 2510484655380.0, ""dividendYield"": 0.9190372}",2026-01-13 11:20:40.918299+00,
014790,KQ,,,"{""eps"": 163.9837, ""name"": ""HL D&I Halla Corporation"", ""sector"": ""Industrial Services"", ""country"": ""South Korea"", ""peRatio"": 17.074867806983256, ""industry"": ""Engineering & Construction"", ""marketCap"": 98621654606.0, ""dividendYield"": null}",2026-01-13 11:20:41.383705+00,
014820,KQ,,,"{""eps"": 2002.8184, ""name"": ""Dongwon Systems Corporation"", ""sector"": ""Electronic Technology"", ""country"": ""South Korea"", ""peRatio"": 12.307656051092799, ""industry"": ""Computer Communications"", ""marketCap"": 713400670681.0, ""dividendYield"": 2.5014806}",2026-01-13 11:20:41.63586+00,
014825,KQ,,,"{""eps"": 2002.8184, ""name"": ""Dongwon Systems Corp Pfd Registered Shs Non-Voting"", ""sector"": ""Electronic Technology"", ""country"": ""South Korea"", ""peRatio"": 8.627841645553087, ""industry"": ""Computer Communications"", ""marketCap"": 713400670681.0, ""dividendYield"": 3.739931}",2026-01-13 11:20:41.845701+00,
014830,KQ,,,"{""eps"": 10619.526, ""name"": ""Unid Co., Ltd"", ""sector"": ""Process Industries"", ""country"": ""South Korea"", ""peRatio"": 6.569436464396039, ""industry"": ""Chemicals: Specialty"", ""marketCap"": 458706244659.0, ""dividendYield"": 2.5936599}",2026-01-13 11:20:41.145714+00,
014910,KQ,,,"{""eps"": 136.3377, ""name"": ""SUNGMOON Electronics Co., Ltd."", ""sector"": ""Electronic Technology"", ""country"": ""South Korea"", ""peRatio"": 22.774331677885133, ""industry"": ""Electronic Components"", ""marketCap"": 69121574869.0, ""dividendYield"": null}",2026-01-13 11:20:43.587088+00,
014915,KQ,,,"{""eps"": 136.3377, ""name"": ""SUNGMOON Electronics Co., Ltd. Pfd Non-Voting"", ""sector"": ""Electronic Technology"", ""country"": ""South Korea"", ""peRatio"": 44.30175952799556, ""industry"": ""Electronic Components"", ""marketCap"": 69121574869.0, ""dividendYield"": null}",2026-01-13 11:20:44.242199+00,
014940,KQ,,,"{""eps"": 530.5719, ""name"": ""Oriental Precision & Engineering Co., Ltd"", ""sector"": ""Producer Manufacturing"", ""country"": ""South Korea"", ""peRatio"": 16.265467507796775, ""industry"": ""Trucks/Construction/Farm Machinery"", ""marketCap"": 393984065437.0, ""dividendYield"": 1.1641444}",2026-01-13 11:20:43.828653+00,
014970,KQ,,,"{""eps"": -256.7234, ""name"": ""Samryoong Co., Ltd."", ""sector"": ""Process Industries"", ""country"": ""South Korea"", ""peRatio"": null, ""industry"": ""Containers/Packaging"", ""marketCap"": 106888248625.0, ""dividendYield"": 1.0344827}",2026-01-13 11:20:44.027729+00,
014990,KQ,,,"{""eps"": 14.5942, ""name"": ""In the F CO.,LTD."", ""sector"": ""Consumer Non-Durables"", ""country"": ""South Korea"", ""peRatio"": 57.00894876046648, ""industry"": ""Apparel/Footwear"", ""marketCap"": 63317724083.0, ""dividendYield"": null}",2026-01-13 11:20:44.432964+00,
015230,KQ,,,"{""eps"": 1256.9227, ""name"": ""DAECHANG Forging Co., Ltd"", ""sector"": ""Producer Manufacturing"", ""country"": ""South Korea"", ""peRatio"": 5.059977037569613, ""industry"": ""Auto Parts: OEM"", ""marketCap"": 164647026024.0, ""dividendYield"": 2.5641026}",2026-01-13 11:20:46.705894+00,
015260,KQ,,,"{""eps"": -232.2362, ""name"": ""Automobile & PCB Inc."", ""sector"": ""Electronic Technology"", ""country"": ""South Korea"", ""peRatio"": null, ""industry"": ""Electronic Components"", ""marketCap"": 19218196060.0, ""dividendYield"": null}",2026-01-13 11:20:47.171941+00,
015710,KQ,,,"{""eps"": 274.2799, ""name"": ""KOCOM Co., Ltd."", ""sector"": ""Consumer Durables"", ""country"": ""South Korea"", ""peRatio"": 12.523702976412052, ""industry"": ""Electronics/Appliances"", ""marketCap"": 57428860741.0, ""dividendYield"": 2.0231214}",2026-01-13 11:20:46.922914+00,
015750,KQ,,,"{""eps"": 2300.162, ""name"": ""Sungwoo Hitech Co., Ltd"", ""sector"": ""Producer Manufacturing"", ""country"": ""South Korea"", ""peRatio"": 2.9737035913122645, ""industry"": ""Auto Parts: OEM"", ""marketCap"": 534343837280.0, ""dividendYield"": 2.2255194}",2026-01-13 11:20:46.263585+00,
015860,KQ,,,"{""eps"": 900.2384, ""name"": ""Iljin Holdings Co., Ltd."", ""sector"": ""Producer Manufacturing"", ""country"": ""South Korea"", ""peRatio"": 7.542446534162507, ""industry"": ""Electrical Products"", ""marketCap"": 310862214355.0, ""dividendYield"": 2.265861}",2026-01-13 11:20:46.486881+00,
016090,KQ,,,"{""eps"": 138.5001, ""name"": ""Daehyun Co., Ltd"", ""sector"": ""Consumer Non-Durables"", ""country"": ""South Korea"", ""peRatio"": 11.841146685092646, ""industry"": ""Apparel/Footwear"", ""marketCap"": 72844400749.0, ""dividendYield"": 5.487805}",2026-01-13 11:20:49.407515+00,
016100,KQ,,,"{""eps"": -368.2818, ""name"": ""Leaders Cosmetics Co., Ltd"", ""sector"": ""Consumer Non-Durables"", ""country"": ""South Korea"", ""peRatio"": null, ""industry"": ""Household/Personal Care"", ""marketCap"": 33462884045.0, ""dividendYield"": null}",2026-01-13 11:20:49.198224+00,
016250,KQ,,,"{""eps"": -13356.4642, ""name"": ""SGC E&C Co. Ltd."", ""sector"": ""Industrial Services"", ""country"": ""South Korea"", ""peRatio"": null, ""industry"": ""Engineering & Construction"", ""marketCap"": 73864008026.0, ""dividendYield"": 3.4106412}",2026-01-13 11:20:49.624866+00,
016360,KQ,,,"{""eps"": 10525.6984, ""name"": ""Samsung Securities Co., Ltd."", ""sector"": ""Finance"", ""country"": ""South Korea"", ""peRatio"": 7.457937422945731, ""industry"": ""Investment Banks/Brokers"", ""marketCap"": 6840380233765.0, ""dividendYield"": 4.5513654}",2026-01-13 11:20:48.782882+00,
016380,KQ,,,"{""eps"": 1516.1835, ""name"": ""KG DONGBUSTEEL CO., LTD."", ""sector"": ""Non-Energy Minerals"", ""country"": ""South Korea"", ""peRatio"": 3.3834954674021973, ""industry"": ""Steel"", ""marketCap"": 510011789703.0, ""dividendYield"": 4.92126}",2026-01-13 11:20:48.991787+00,
016450,KQ,,,"{""eps"": -1045.9723, ""name"": ""Hansae Yes24 Holdings Co., Ltd"", ""sector"": ""Consumer Non-Durables"", ""country"": ""South Korea"", ""peRatio"": null, ""industry"": ""Apparel/Footwear"", ""marketCap"": 159870122910.0, ""dividendYield"": 6.273526}",2026-01-13 11:20:51.832286+00,
016580,KQ,,,"{""eps"": 981.2488, ""name"": ""Whan In Pharmaceutical Co., Ltd."", ""sector"": ""Health Technology"", ""country"": ""South Korea"", ""peRatio"": 10.884089743600196, ""industry"": ""Pharmaceuticals: Major"", ""marketCap"": 162746974411.0, ""dividendYield"": 2.8248587}",2026-01-13 11:20:51.567441+00,
016590,KQ,,,"{""eps"": 1001.8499, ""name"": ""Shindaeyang Paper Co., Ltd"", ""sector"": ""Process Industries"", ""country"": ""South Korea"", ""peRatio"": 12.776365002382093, ""industry"": ""Pulp & Paper"", ""marketCap"": 507209563293.0, ""dividendYield"": 1.6064256}",2026-01-13 11:20:51.166986+00,
016600,KQ,,,"{""eps"": -14.0256, ""name"": ""Q Capital Partners Co., Ltd."", ""sector"": ""Finance"", ""country"": ""South Korea"", ""peRatio"": null, ""industry"": ""Investment Managers"", ""marketCap"": 42757404785.0, ""dividendYield"": null}",2026-01-13 11:20:52.037946+00,
016610,KQ,,,"{""eps"": 1976.3607, ""name"": ""DB Securities Co.,Ltd"", ""sector"": ""Finance"", ""country"": ""South Korea"", ""peRatio"": 5.672041545857494, ""industry"": ""Investment Banks/Brokers"", ""marketCap"": 451070418091.0, ""dividendYield"": 3.5523977}",2026-01-13 11:20:50.958947+00,
016710,KQ,,,"{""eps"": 1564.7187, ""name"": ""DAESUNG HOLDINGS Co., Ltd."", ""sector"": ""Utilities"", ""country"": ""South Korea"", ""peRatio"": 5.336422450885261, ""industry"": ""Gas Distributors"", ""marketCap"": 134106478348.0, ""dividendYield"": 2.9940119}",2026-01-13 11:20:53.834686+00,
016740,KQ,,,"{""eps"": 1123.6609, ""name"": ""DUAL Co., Ltd."", ""sector"": ""Producer Manufacturing"", ""country"": ""South Korea"", ""peRatio"": 3.577591780580778, ""industry"": ""Auto Parts: OEM"", ""marketCap"": 113018486433.0, ""dividendYield"": 3.0075188}",2026-01-13 11:20:53.605073+00,
016800,KQ,,,"{""eps"": 3938.1799, ""name"": ""Fursys, Inc."", ""sector"": ""Producer Manufacturing"", ""country"": ""South Korea"", ""peRatio"": 11.08380041246973, ""industry"": ""Office Equipment/Supplies"", ""marketCap"": 383910028839.0, ""dividendYield"": 2.7586207}",2026-01-13 11:20:54.077864+00,
016880,KQ,,,"{""eps"": 1250.6333, ""name"": ""Woongjin Co., Ltd."", ""sector"": ""Technology Services"", ""country"": ""South Korea"", ""peRatio"": 1.879047999121725, ""industry"": ""Internet Software/Services"", ""marketCap"": 185739917068.0, ""dividendYield"": null}",2026-01-13 11:20:53.376016+00,
016920,KQ,,,"{""eps"": -28.2836, ""name"": ""Cas Corporation"", ""sector"": ""Electronic Technology"", ""country"": ""South Korea"", ""peRatio"": null, ""industry"": ""Electronic Equipment/Instruments"", ""marketCap"": 25286973152.0, ""dividendYield"": 0.962464}",2026-01-13 11:20:57.952174+00,
017000,KQ,,,"{""eps"": 317.6535, ""name"": ""SHINWON Construction Co., Ltd."", ""sector"": ""Industrial Services"", ""country"": ""South Korea"", ""peRatio"": 9.822023053421416, ""industry"": ""Engineering & Construction"", ""marketCap"": 35937599058.0, ""dividendYield"": null}",2026-01-13 11:20:57.518413+00,
017040,KQ,,,"{""eps"": -1283.1442, ""name"": ""Kwang Myung Electric Co Ltd"", ""sector"": ""Producer Manufacturing"", ""country"": ""South Korea"", ""peRatio"": null, ""industry"": ""Electrical Products"", ""marketCap"": 58245755859.0, ""dividendYield"": 0.0}",2026-01-13 11:20:57.31972+00,
017180,KQ,,,"{""eps"": 43.6827, ""name"": ""MYUNGMOON Pharm Co., Ltd."", ""sector"": ""Health Technology"", ""country"": ""South Korea"", ""peRatio"": 41.297813550902305, ""industry"": ""Pharmaceuticals: Major"", ""marketCap"": 60304713242.0, ""dividendYield"": null}",2026-01-13 11:20:57.744924+00,
017250,KQ,,,"{""eps"": 101.2169, ""name"": ""INTER-M Co., Ltd."", ""sector"": ""Consumer Durables"", ""country"": ""South Korea"", ""peRatio"": 9.909412360979244, ""industry"": ""Electronics/Appliances"", ""marketCap"": 20387186417.0, ""dividendYield"": null}",2026-01-13 11:20:58.182347+00,
017390,KQ,,,"{""eps"": 7621.8537, ""name"": ""SEOUL CITY GAS CO., LTD."", ""sector"": ""Utilities"", ""country"": ""South Korea"", ""peRatio"": 7.963941895132415, ""industry"": ""Gas Distributors"", ""marketCap"": 236073753357.0, ""dividendYield"": 4.118616}",2026-01-13 11:21:00.101917+00,
017480,KQ,,,"{""eps"": 417.6499, ""name"": ""Samhyun Steel Co., Ltd."", ""sector"": ""Non-Energy Minerals"", ""country"": ""South Korea"", ""peRatio"": 10.463309101714138, ""industry"": ""Steel"", ""marketCap"": 67794283648.0, ""dividendYield"": 6.8337126}",2026-01-13 11:21:00.732152+00,
017510,KQ,,,"{""eps"": 672.8158, ""name"": ""Semyung Electric Machinery Co., Ltd."", ""sector"": ""Consumer Durables"", ""country"": ""South Korea"", ""peRatio"": 13.659013358485339, ""industry"": ""Tools & Hardware"", ""marketCap"": 141025502682.0, ""dividendYield"": 0.8781559}",2026-01-13 11:20:59.858877+00,
017550,KQ,,,"{""eps"": 194.8074, ""name"": ""SOOSAN CEBOTICS"", ""sector"": ""Producer Manufacturing"", ""country"": ""South Korea"", ""peRatio"": 8.587969450852484, ""industry"": ""Trucks/Construction/Farm Machinery"", ""marketCap"": 103832148926.0, ""dividendYield"": 0.6024096}",2026-01-13 11:21:00.334545+00,
017650,KQ,,,"{""eps"": 1623.1002, ""name"": ""Daelim Paper Co., Ltd."", ""sector"": ""Process Industries"", ""country"": ""South Korea"", ""peRatio"": 4.861067727057146, ""industry"": ""Pulp & Paper"", ""marketCap"": 64147999096.0, ""dividendYield"": 1.2987013}",2026-01-13 11:21:00.532521+00,
017800,KQ,,,"{""eps"": 8909.621, ""name"": ""Hyundai Elevator Co., Ltd"", ""sector"": ""Producer Manufacturing"", ""country"": ""South Korea"", ""peRatio"": 9.910634807024902, ""industry"": ""Building Products"", ""marketCap"": 3162803640747.0, ""dividendYield"": 2.3041475}",2026-01-13 11:21:03.032746+00,
017810,KQ,,,"{""eps"": 353.7279, ""name"": ""Pulmuone Corporate"", ""sector"": ""Consumer Non-Durables"", ""country"": ""South Korea"", ""peRatio"": 62.57541954394295, ""industry"": ""Food: Specialty/Candy"", ""marketCap"": 488466775055.0, ""dividendYield"": 0.0}",2026-01-13 11:21:03.458007+00,
017890,KQ,,,"{""eps"": 1590.553, ""name"": ""Korea Alcohol Industrial Co., Ltd."", ""sector"": ""Process Industries"", ""country"": ""South Korea"", ""peRatio"": 6.34999273837464, ""industry"": ""Chemicals: Specialty"", ""marketCap"": 205723140564.0, ""dividendYield"": 1.0638298}",2026-01-13 11:21:04.107234+00,
017900,KQ,,,"{""eps"": 150.391, ""name"": ""AUK CORP."", ""sector"": ""Electronic Technology"", ""country"": ""South Korea"", ""peRatio"": 12.64703339960503, ""industry"": ""Semiconductors"", ""marketCap"": 91662046661.0, ""dividendYield"": 2.7292576}",2026-01-13 11:21:03.883784+00,
017940,KQ,,,"{""eps"": 11256.8865, ""name"": ""E1 Corporation"", ""sector"": ""Utilities"", ""country"": ""South Korea"", ""peRatio"": 7.097877374885142, ""industry"": ""Gas Distributors"", ""marketCap"": 467165493393.0, ""dividendYield"": 4.3670883}",2026-01-13 11:21:03.671276+00,
017960,KQ,,,"{""eps"": 1337.866, ""name"": ""Hankuk Carbon Co., Ltd"", ""sector"": ""Process Industries"", ""country"": ""South Korea"", ""peRatio"": 28.552934299847667, ""industry"": ""Industrial Specialties"", ""marketCap"": 1999599454498.0, ""dividendYield"": 0.33854166}",2026-01-13 11:21:05.892877+00,
018000,KQ,,,"{""eps"": -111.9753, ""name"": ""Unison Co Ltd"", ""sector"": ""Producer Manufacturing"", ""country"": ""South Korea"", ""peRatio"": null, ""industry"": ""Electrical Products"", ""marketCap"": 246546448120.0, ""dividendYield"": null}",2026-01-13 11:21:06.317133+00,
018120,KQ,,,"{""eps"": 1865.6702, ""name"": ""Jinro Distillers Co., Ltd."", ""sector"": ""Consumer Non-Durables"", ""country"": ""South Korea"", ""peRatio"": 9.37464724472739, ""industry"": ""Beverages: Alcoholic"", ""marketCap"": 116472646332.0, ""dividendYield"": 6.2182026}",2026-01-13 11:21:06.555006+00,
018260,KQ,,,"{""eps"": 9916.6415, ""name"": ""SAMSUNG SDS CO., LTD."", ""sector"": ""Technology Services"", ""country"": ""South Korea"", ""peRatio"": 18.42357616739498, ""industry"": ""Information Technology Services"", ""marketCap"": 13551753149414.0, ""dividendYield"": 1.6792126}",2026-01-13 11:21:05.632858+00,
018290,KQ,,,"{""eps"": 2428.6594, ""name"": ""VT Co. Ltd."", ""sector"": ""Consumer Non-Durables"", ""country"": ""South Korea"", ""peRatio"": 6.851516519772184, ""industry"": ""Household/Personal Care"", ""marketCap"": 601287212524.0, ""dividendYield"": null}",2026-01-13 11:21:06.103698+00,
018310,KQ,,,"{""eps"": 2138.8765, ""name"": ""SAMMOK S-FORM Co., Ltd."", ""sector"": ""Non-Energy Minerals"", ""country"": ""South Korea"", ""peRatio"": 8.976675371392412, ""industry"": ""Aluminum"", ""marketCap"": 272993637104.00003, ""dividendYield"": 1.0427529}",2026-01-13 11:21:08.616718+00,
018470,KQ,,,"{""eps"": 89.8287, ""name"": ""Choil Aluminum Co., Ltd"", ""sector"": ""Non-Energy Minerals"", ""country"": ""South Korea"", ""peRatio"": 14.271608071807785, ""industry"": ""Aluminum"", ""marketCap"": 162848393845.0, ""dividendYield"": null}",2026-01-13 11:21:08.37618+00,
018500,KQ,,,"{""eps"": 605.2465, ""name"": ""Dongwon Metal Co., Ltd."", ""sector"": ""Producer Manufacturing"", ""country"": ""South Korea"", ""peRatio"": 2.478329077491568, ""industry"": ""Auto Parts: OEM"", ""marketCap"": 66611346244.99999, ""dividendYield"": 3.536068}",2026-01-13 11:21:08.130702+00,
018620,KQ,,,"{""eps"": -211.5538, ""name"": ""WooGene B&G Co., Ltd."", ""sector"": ""Health Technology"", ""country"": ""South Korea"", ""peRatio"": null, ""industry"": ""Pharmaceuticals: Major"", ""marketCap"": 23427497059.0, ""dividendYield"": null}",2026-01-13 11:21:08.839745+00,
018680,KQ,,,"{""eps"": 153.5523, ""name"": ""Seoul Pharma Co., Ltd."", ""sector"": ""Health Technology"", ""country"": ""South Korea"", ""peRatio"": 19.569879448240112, ""industry"": ""Pharmaceuticals: Major"", ""marketCap"": 35036253366.0, ""dividendYield"": null}",2026-01-13 11:21:09.082396+00,
018700,KQ,,,"{""eps"": -131.9881, ""name"": ""Barunson Co., Ltd."", ""sector"": ""Consumer Services"", ""country"": ""South Korea"", ""peRatio"": null, ""industry"": ""Restaurants"", ""marketCap"": 30192975845.0, ""dividendYield"": null}",2026-01-13 11:21:11.624104+00,
018880,KQ,,,"{""eps"": -507.9397, ""name"": ""Hanon Systems"", ""sector"": ""Producer Manufacturing"", ""country"": ""South Korea"", ""peRatio"": null, ""industry"": ""Auto Parts: OEM"", ""marketCap"": 2721767949829.0, ""dividendYield"": null}",2026-01-13 11:21:10.975693+00,
019010,KQ,,,"{""eps"": 1113.8409, ""name"": ""VenueG Co., Ltd."", ""sector"": ""Retail Trade"", ""country"": ""South Korea"", ""peRatio"": 2.8684527565830993, ""industry"": ""Department Stores"", ""marketCap"": 127434002419.0, ""dividendYield"": 1.5873017}",2026-01-13 11:21:11.409582+00,
019170,KQ,,,"{""eps"": -83.3914, ""name"": ""Shinpoong Pharmaceutical Co., Ltd."", ""sector"": ""Health Technology"", ""country"": ""South Korea"", ""peRatio"": null, ""industry"": ""Pharmaceuticals: Major"", ""marketCap"": 687077350311.0, ""dividendYield"": null}",2026-01-13 11:21:11.194955+00,
019175,KQ,,,"{""eps"": -83.3914, ""name"": ""Shinpoong Pharmaceutical Co Ltd Pfd Non-Voting"", ""sector"": ""Health Technology"", ""country"": ""South Korea"", ""peRatio"": null, ""industry"": ""Pharmaceuticals: Major"", ""marketCap"": 687077350311.0, ""dividendYield"": null}",2026-01-13 11:21:11.848572+00,
019180,KQ,,,"{""eps"": 2804.2968, ""name"": ""THN Corporation"", ""sector"": ""Producer Manufacturing"", ""country"": ""South Korea"", ""peRatio"": 3.0916841612485526, ""industry"": ""Auto Parts: OEM"", ""marketCap"": 132120000000.0, ""dividendYield"": 0.7832898}",2026-01-13 11:21:14.965797+00,
019210,KQ,,,"{""eps"": 551.4493, ""name"": ""YG-1 Co., Ltd"", ""sector"": ""Producer Manufacturing"", ""country"": ""South Korea"", ""peRatio"": 10.113583320367201, ""industry"": ""Metal Fabrication"", ""marketCap"": 175255350952.0, ""dividendYield"": 3.0769231}",2026-01-13 11:21:15.188938+00,
019440,KQ,,,"{""eps"": 2314.3427, ""name"": ""SeAH Special Steel Co., Ltd."", ""sector"": ""Non-Energy Minerals"", ""country"": ""South Korea"", ""peRatio"": 7.410311359678927, ""industry"": ""Steel"", ""marketCap"": 139359322548.0, ""dividendYield"": 6.016847}",2026-01-13 11:21:15.423789+00,
019540,KQ,,,"{""eps"": 1582.1659, ""name"": ""Ilji Technology Co., Ltd."", ""sector"": ""Producer Manufacturing"", ""country"": ""South Korea"", ""peRatio"": 3.1602248537906172, ""industry"": ""Auto Parts: OEM"", ""marketCap"": 56816442585.0, ""dividendYield"": 2.4009604}",2026-01-13 11:21:14.743978+00,
019550,KQ,,,"{""eps"": 48.8682, ""name"": ""SBI Investment Korea Co., Ltd."", ""sector"": ""Finance"", ""country"": ""South Korea"", ""peRatio"": 14.324243577623076, ""industry"": ""Investment Managers"", ""marketCap"": 112960829605.0, ""dividendYield"": null}",2026-01-13 11:21:15.631896+00,
019570,KQ,,,"{""eps"": 10.1688, ""name"": ""Plutus Investment Co.,Ltd"", ""sector"": ""Finance"", ""country"": ""South Korea"", ""peRatio"": 128.81126978000773, ""industry"": ""Investment Managers"", ""marketCap"": 17313033783.0, ""dividendYield"": null}",2026-01-13 11:21:18.244559+00,
019660,KQ,,,"{""eps"": -50.5158, ""name"": ""Globon Co., Ltd."", ""sector"": ""Distribution Services"", ""country"": ""South Korea"", ""peRatio"": null, ""industry"": ""Medical Distributors"", ""marketCap"": 38551408353.0, ""dividendYield"": null}",2026-01-13 11:21:18.032085+00,
019680,KQ,,,"{""eps"": -148.1544, ""name"": ""Daekyo Co., Ltd"", ""sector"": ""Consumer Services"", ""country"": ""South Korea"", ""peRatio"": null, ""industry"": ""Other Consumer Services"", ""marketCap"": 134334561618.99998, ""dividendYield"": null}",2026-01-13 11:21:17.777976+00,
019685,KQ,,,"{""eps"": -148.1544, ""name"": ""Daekyo Co., Ltd Pfd Registered Shs Non-Voting"", ""sector"": ""Consumer Services"", ""country"": ""South Korea"", ""peRatio"": null, ""industry"": ""Other Consumer Services"", ""marketCap"": 134334561618.99998, ""dividendYield"": 3.7562604}",2026-01-13 11:21:18.495513+00,
019770,KQ,,,"{""eps"": 914.9461, ""name"": ""Seoyon Topmetal Co., Ltd."", ""sector"": ""Producer Manufacturing"", ""country"": ""South Korea"", ""peRatio"": 4.20243334552713, ""industry"": ""Auto Parts: OEM"", ""marketCap"": 44095248556.0, ""dividendYield"": 1.6839378}",2026-01-13 11:21:17.545498+00,
019990,KQ,,,"{""eps"": -211.4595, ""name"": ""Enertork Ltd."", ""sector"": ""Producer Manufacturing"", ""country"": ""South Korea"", ""peRatio"": null, ""industry"": ""Industrial Machinery"", ""marketCap"": 68995496569.0, ""dividendYield"": null}",2026-01-13 11:21:20.400058+00,
020000,KQ,,,"{""eps"": 1659.5522, ""name"": ""Handsome Corp"", ""sector"": ""Consumer Non-Durables"", ""country"": ""South Korea"", ""peRatio"": 8.948196989525247, ""industry"": ""Apparel/Footwear"", ""marketCap"": 296264580803.0, ""dividendYield"": 0.0}",2026-01-13 11:21:20.162907+00,
020120,KQ,,,"{""eps"": 7.2223, ""name"": ""KidariStudio, Inc."", ""sector"": ""Technology Services"", ""country"": ""South Korea"", ""peRatio"": 454.84125555570944, ""industry"": ""Information Technology Services"", ""marketCap"": 122123212566.0, ""dividendYield"": null}",2026-01-13 11:21:20.860784+00,
020150,KQ,,,"{""eps"": -2422.9245, ""name"": ""LOTTE ENERGY MATERIALS CORPORATION"", ""sector"": ""Producer Manufacturing"", ""country"": ""South Korea"", ""peRatio"": null, ""industry"": ""Electrical Products"", ""marketCap"": 1565727351379.0, ""dividendYield"": null}",2026-01-13 11:21:19.938305+00,
020180,KQ,,,"{""eps"": 287.7265, ""name"": ""Daishin Information & Communication Co., Ltd."", ""sector"": ""Technology Services"", ""country"": ""South Korea"", ""peRatio"": 3.4129633523502356, ""industry"": ""Information Technology Services"", ""marketCap"": 37890908333.0, ""dividendYield"": 3.009027}",2026-01-13 11:21:20.605524+00,
020400,KQ,,,"{""eps"": -423.0087, ""name"": ""Daedong Metals Co., Ltd."", ""sector"": ""Producer Manufacturing"", ""country"": ""South Korea"", ""peRatio"": null, ""industry"": ""Auto Parts: OEM"", ""marketCap"": 18050679951.0, ""dividendYield"": 1.0638298}",2026-01-13 11:21:22.938718+00,
020560,KQ,,,"{""eps"": -3849.7093, ""name"": ""Asiana Airlines Inc."", ""sector"": ""Transportation"", ""country"": ""South Korea"", ""peRatio"": null, ""industry"": ""Airlines"", ""marketCap"": 1552245151672.0, ""dividendYield"": null}",2026-01-13 11:21:22.21553+00,
020710,KQ,,,"{""eps"": 1360.4668, ""name"": ""Sigong Tech Co., Ltd."", ""sector"": ""Consumer Services"", ""country"": ""South Korea"", ""peRatio"": 2.896064791878788, ""industry"": ""Other Consumer Services"", ""marketCap"": 74321268005.0, ""dividendYield"": 3.0769231}",2026-01-13 11:21:22.531425+00,
021050,KQ,,,"{""eps"": -220.9218, ""name"": ""Seowon Co., Ltd"", ""sector"": ""Non-Energy Minerals"", ""country"": ""South Korea"", ""peRatio"": null, ""industry"": ""Other Metals/Minerals"", ""marketCap"": 54263456715.0, ""dividendYield"": null}",2026-01-13 11:21:22.729741+00,
021080,KQ,,,"{""eps"": 616.8615, ""name"": ""Atinum Investment Co., Ltd"", ""sector"": ""Finance"", ""country"": ""South Korea"", ""peRatio"": 4.263517823693001, ""industry"": ""Investment Managers"", ""marketCap"": 127175001259.0, ""dividendYield"": 2.5316455}",2026-01-13 11:21:26.596562+00,
021320,KQ,,,"{""eps"": 1973.705, ""name"": ""KCC Engineering & Construction Co., Ltd."", ""sector"": ""Industrial Services"", ""country"": ""South Korea"", ""peRatio"": 2.735971181103559, ""industry"": ""Engineering & Construction"", ""marketCap"": 108104265709.0, ""dividendYield"": 3.0245748}",2026-01-13 11:21:27.22007+00,
021650,KQ,,,"{""eps"": 527.5284, ""name"": ""Cubic Korea Inc."", ""sector"": ""Commercial Services"", ""country"": ""South Korea"", ""peRatio"": 4.663256044603475, ""industry"": ""Commercial Printing/Forms"", ""marketCap"": 40787725010.0, ""dividendYield"": 3.6717062}",2026-01-13 11:21:26.812564+00,
021880,KQ,,,"{""eps"": 5.8077, ""name"": ""MASON CAPITAL CORP"", ""sector"": ""Finance"", ""country"": ""South Korea"", ""peRatio"": 42.01318938650412, ""industry"": ""Finance/Rental/Leasing"", ""marketCap"": 52621731812.0, ""dividendYield"": null}",2026-01-13 11:21:27.010643+00,
022100,KQ,,,"{""eps"": 486.6598, ""name"": ""POSCO DX COMPANY LTD."", ""sector"": ""Technology Services"", ""country"": ""South Korea"", ""peRatio"": 59.8981054116243, ""industry"": ""Information Technology Services"", ""marketCap"": 4182710564423.0, ""dividendYield"": 0.4621072}",2026-01-13 11:21:26.388127+00,
022220,KQ,,,"{""eps"": -157.6039, ""name"": ""TKG AIKANG CO. LTD"", ""sector"": ""Producer Manufacturing"", ""country"": ""South Korea"", ""peRatio"": null, ""industry"": ""Miscellaneous Manufacturing"", ""marketCap"": 36100821251.0, ""dividendYield"": null}",2026-01-13 11:21:30.27413+00,
023160,KQ,,,"{""eps"": 2534.9493, ""name"": ""TK Corporation"", ""sector"": ""Producer Manufacturing"", ""country"": ""South Korea"", ""peRatio"": 11.025861542871882, ""industry"": ""Industrial Machinery"", ""marketCap"": 675135037422.0, ""dividendYield"": 0.0}",2026-01-13 11:21:29.412391+00,
023350,KQ,,,"{""eps"": 806.3523, ""name"": ""Korea Engineering Consultants Corporation"", ""sector"": ""Industrial Services"", ""country"": ""South Korea"", ""peRatio"": 5.766710158822638, ""industry"": ""Engineering & Construction"", ""marketCap"": 48586284943.0, ""dividendYield"": 2.1668472}",2026-01-13 11:21:30.051077+00,
023410,KQ,,,"{""eps"": 290.6821, ""name"": ""Eugene Corporation"", ""sector"": ""Non-Energy Minerals"", ""country"": ""South Korea"", ""peRatio"": 12.53906400709904, ""industry"": ""Construction Materials"", ""marketCap"": 242970111084.0, ""dividendYield"": 0.0}",2026-01-13 11:21:29.638185+00,
023440,KQ,,,"{""eps"": -489.2761, ""name"": ""J Steel Company Holdings Inc."", ""sector"": ""Non-Energy Minerals"", ""country"": ""South Korea"", ""peRatio"": null, ""industry"": ""Steel"", ""marketCap"": 62562926422.0, ""dividendYield"": null}",2026-01-13 11:21:29.826469+00,
023450,KQ,,,"{""eps"": 1974.0822, ""name"": ""Dongnam Chemical Co., Ltd."", ""sector"": ""Consumer Non-Durables"", ""country"": ""South Korea"", ""peRatio"": 17.09655251437858, ""industry"": ""Household/Personal Care"", ""marketCap"": 114972379804.0, ""dividendYield"": 2.9717681}",2026-01-13 11:21:32.722592+00,
023530,KQ,,,"{""eps"": -36826.8757, ""name"": ""Lotte Shopping Co., Ltd"", ""sector"": ""Retail Trade"", ""country"": ""South Korea"", ""peRatio"": null, ""industry"": ""Department Stores"", ""marketCap"": 1976117828751.0, ""dividendYield"": 0.0}",2026-01-13 11:21:31.863446+00,
023590,KQ,,,"{""eps"": 10295.4271, ""name"": ""DAOU TECHNOLOGY Inc."", ""sector"": ""Finance"", ""country"": ""South Korea"", ""peRatio"": 3.7495499308299194, ""industry"": ""Investment Banks/Brokers"", ""marketCap"": 1644131439209.0, ""dividendYield"": 3.6649215}",2026-01-13 11:21:32.062209+00,
023600,KQ,,,"{""eps"": 1547.3355, ""name"": ""SAMBO CORRUGATED BOARD Co., Ltd."", ""sector"": ""Process Industries"", ""country"": ""South Korea"", ""peRatio"": 5.952167451725886, ""industry"": ""Containers/Packaging"", ""marketCap"": 148717096539.0, ""dividendYield"": 2.6766593}",2026-01-13 11:21:32.501529+00,
023760,KQ,,,"{""eps"": 265.9931, ""name"": ""Han Kook Capital Co., Ltd."", ""sector"": ""Finance"", ""country"": ""South Korea"", ""peRatio"": 2.909849917159505, ""industry"": ""Finance/Rental/Leasing"", ""marketCap"": 242490187073.0, ""dividendYield"": 3.8860104}",2026-01-13 11:21:32.281093+00,
023770,KQ,,,"{""eps"": -294.6826, ""name"": ""PLAYWITH KOREA Inc."", ""sector"": ""Consumer Durables"", ""country"": ""South Korea"", ""peRatio"": null, ""industry"": ""Recreational Products"", ""marketCap"": 26571090317.0, ""dividendYield"": null}",2026-01-13 11:21:35.422861+00,
023790,KQ,,,"{""eps"": -265.5721, ""name"": ""DONGIL STEELUX CO., LTD."", ""sector"": ""Non-Energy Minerals"", ""country"": ""South Korea"", ""peRatio"": null, ""industry"": ""Steel"", ""marketCap"": 38739414963.0, ""dividendYield"": null}",2026-01-13 11:21:35.179212+00,
023800,KQ,,,"{""eps"": 1154.2663, ""name"": ""INZI Controls Co., Ltd"", ""sector"": ""Producer Manufacturing"", ""country"": ""South Korea"", ""peRatio"": 6.107775995885872, ""industry"": ""Auto Parts: OEM"", ""marketCap"": 103450515976.0, ""dividendYield"": null}",2026-01-13 11:21:34.73855+00,
023810,KQ,,,"{""eps"": 509.7964, ""name"": ""Infac Corporation"", ""sector"": ""Producer Manufacturing"", ""country"": ""South Korea"", ""peRatio"": 24.225357417196356, ""industry"": ""Auto Parts: OEM"", ""marketCap"": 117300000000.0, ""dividendYield"": 1.5384616}",2026-01-13 11:21:34.953665+00,
023900,KQ,,,"{""eps"": 866.5571, ""name"": ""Pungguk Ethanol Co.Ltd."", ""sector"": ""Process Industries"", ""country"": ""South Korea"", ""peRatio"": 10.501327610148252, ""industry"": ""Chemicals: Specialty"", ""marketCap"": 113274003429.0, ""dividendYield"": 1.1049724}",2026-01-13 11:21:35.67135+00,
023910,KQ,,,"{""eps"": 5366.7404, ""name"": ""Daihan Pharmaceutical Co., Ltd."", ""sector"": ""Health Technology"", ""country"": ""South Korea"", ""peRatio"": 5.170736411994141, ""industry"": ""Medical Specialties"", ""marketCap"": 164640003204.0, ""dividendYield"": 3.169014}",2026-01-13 11:21:37.651166+00,
023960,KQ,,,"{""eps"": -178.215, ""name"": ""SC Engineering Co., Ltd."", ""sector"": ""Producer Manufacturing"", ""country"": ""South Korea"", ""peRatio"": null, ""industry"": ""Industrial Machinery"", ""marketCap"": 55152160263.0, ""dividendYield"": null}",2026-01-13 11:21:37.421728+00,
024060,KQ,,,"{""eps"": 15.4948, ""name"": ""HeunguOil Co., Ltd."", ""sector"": ""Utilities"", ""country"": ""South Korea"", ""peRatio"": 874.4869246456876, ""industry"": ""Gas Distributors"", ""marketCap"": 196446441193.0, ""dividendYield"": 0.22205773}",2026-01-13 11:21:37.21621+00,
024070,KQ,,,"{""eps"": -1315.0135, ""name"": ""WISCOM Co., Ltd."", ""sector"": ""Electronic Technology"", ""country"": ""South Korea"", ""peRatio"": null, ""industry"": ""Electronic Equipment/Instruments"", ""marketCap"": 27802160172.0, ""dividendYield"": 2.7233117}",2026-01-13 11:21:38.101995+00,
024090,KQ,,,"{""eps"": 1058.6132, ""name"": ""DCM Corp"", ""sector"": ""Non-Energy Minerals"", ""country"": ""South Korea"", ""peRatio"": 11.023856494515655, ""industry"": ""Steel"", ""marketCap"": 99240825253.0, ""dividendYield"": 6.8376074}",2026-01-13 11:21:37.898423+00,
024120,KQ,,,"{""eps"": 376.6679, ""name"": ""KB Autosys Co., Ltd"", ""sector"": ""Producer Manufacturing"", ""country"": ""South Korea"", ""peRatio"": 10.061913956564922, ""industry"": ""Auto Parts: OEM"", ""marketCap"": 40192500000.0, ""dividendYield"": 5.6577086}",2026-01-13 11:21:39.560134+00,
024720,KQ,,,"{""eps"": 1349.2028, ""name"": ""KOLMAR HOLDINGS CO. LTD."", ""sector"": ""Consumer Non-Durables"", ""country"": ""South Korea"", ""peRatio"": 6.930018230024426, ""industry"": ""Household/Personal Care"", ""marketCap"": 324099628830.0, ""dividendYield"": 2.1299255}",2026-01-13 11:21:40.004532+00,
024740,KQ,,,"{""eps"": 124.2775, ""name"": ""Hanil Forging Industrial Co., Ltd."", ""sector"": ""Producer Manufacturing"", ""country"": ""South Korea"", ""peRatio"": 18.547202832371106, ""industry"": ""Auto Parts: OEM"", ""marketCap"": 77255496025.0, ""dividendYield"": null}",2026-01-13 11:21:39.79118+00,
024800,KQ,,,"{""eps"": 1276.7329, ""name"": ""Yoosung T & S Co., Ltd."", ""sector"": ""Transportation"", ""country"": ""South Korea"", ""peRatio"": 1.8641330539849017, ""industry"": ""Trucking"", ""marketCap"": 78821473846.0, ""dividendYield"": null}",2026-01-13 11:21:40.467364+00,
024840,KQ,,,"{""eps"": -146.9736, ""name"": ""KBI METAL Co., Ltd."", ""sector"": ""Producer Manufacturing"", ""country"": ""South Korea"", ""peRatio"": null, ""industry"": ""Electrical Products"", ""marketCap"": 62952413017.0, ""dividendYield"": null}",2026-01-13 11:21:40.259477+00,
024850,KQ,,,"{""eps"": -263.026, ""name"": ""HLB innoVation Co., Ltd."", ""sector"": ""Producer Manufacturing"", ""country"": ""South Korea"", ""peRatio"": null, ""industry"": ""Industrial Machinery"", ""marketCap"": 314350789261.0, ""dividendYield"": null}",2026-01-13 11:21:42.472007+00,
024880,KQ,,,"{""eps"": 1255.5496, ""name"": ""KPF Co., Ltd."", ""sector"": ""Producer Manufacturing"", ""country"": ""South Korea"", ""peRatio"": 4.502290721948772, ""industry"": ""Metal Fabrication"", ""marketCap"": 101455093632.0, ""dividendYield"": 2.9126215}",2026-01-13 11:21:42.24391+00,
024890,KQ,,,"{""eps"": -205.3512, ""name"": ""Daewon Chemical Co., Ltd"", ""sector"": ""Retail Trade"", ""country"": ""South Korea"", ""peRatio"": null, ""industry"": ""Home Improvement Chains"", ""marketCap"": 37689707382.0, ""dividendYield"": null}",2026-01-13 11:21:42.932285+00,
024900,KQ,,,"{""eps"": 260.4086, ""name"": ""DY DEOKYANG Co.,Ltd."", ""sector"": ""Producer Manufacturing"", ""country"": ""South Korea"", ""peRatio"": 8.736270614718562, ""industry"": ""Auto Parts: OEM"", ""marketCap"": 69881438751.0, ""dividendYield"": 2.3094687}",2026-01-13 11:21:42.714224+00,
024910,KQ,,,"{""eps"": 46.7112, ""name"": ""Kyung Chang Industry Co Ltd"", ""sector"": ""Producer Manufacturing"", ""country"": ""South Korea"", ""peRatio"": 52.23586634468821, ""industry"": ""Auto Parts: OEM"", ""marketCap"": 82554595947.0, ""dividendYield"": 0.8298756}",2026-01-13 11:21:42.005415+00,
024940,KQ,,,"{""eps"": 319.934, ""name"": ""PN Poongnyun Co., Ltd."", ""sector"": ""Consumer Durables"", ""country"": ""South Korea"", ""peRatio"": 15.534453981133607, ""industry"": ""Home Furnishings"", ""marketCap"": 46617451477.0, ""dividendYield"": 0.6269592}",2026-01-13 11:21:45.144767+00,
024950,KQ,,,"{""eps"": 485.7217, ""name"": ""Samchuly Bicycle Co., Ltd"", ""sector"": ""Distribution Services"", ""country"": ""South Korea"", ""peRatio"": 8.482223462530087, ""industry"": ""Wholesale Distributors"", ""marketCap"": 49862991371.0, ""dividendYield"": null}",2026-01-13 11:21:45.485928+00,
025000,KQ,,,"{""eps"": 14061.1845, ""name"": ""KPX Chemical Co., Ltd."", ""sector"": ""Process Industries"", ""country"": ""South Korea"", ""peRatio"": 3.260749476688824, ""industry"": ""Chemicals: Specialty"", ""marketCap"": 193059196472.0, ""dividendYield"": 7.9980307}",2026-01-13 11:21:45.702224+00,
025320,KQ,,,"{""eps"": 300.7514, ""name"": ""Synopex, Inc."", ""sector"": ""Electronic Technology"", ""country"": ""South Korea"", ""peRatio"": 19.467423481352128, ""industry"": ""Electronic Components"", ""marketCap"": 528687448882.99994, ""dividendYield"": null}",2026-01-13 11:21:44.86269+00,
025440,KQ,,,"{""eps"": -49.5461, ""name"": ""DHAUTOWARE Co. LTD"", ""sector"": ""Electronic Technology"", ""country"": ""South Korea"", ""peRatio"": null, ""industry"": ""Electronic Production Equipment"", ""marketCap"": 46777026344.0, ""dividendYield"": null}",2026-01-13 11:21:44.63531+00,
025540,KQ,,,"{""eps"": 10833.5131, ""name"": ""Korea Electric Terminal Co., Ltd."", ""sector"": ""Electronic Technology"", ""country"": ""South Korea"", ""peRatio"": 6.609121098492048, ""industry"": ""Electronic Components"", ""marketCap"": 693038023758.0, ""dividendYield"": 4.610951}",2026-01-13 11:21:47.348311+00,
025550,KQ,,,"{""eps"": 53.8072, ""name"": ""Hankuk Steel Wire Co., Ltd"", ""sector"": ""Non-Energy Minerals"", ""country"": ""South Korea"", ""peRatio"": 61.701779687476765, ""industry"": ""Steel"", ""marketCap"": 80399351864.0, ""dividendYield"": null}",2026-01-13 11:21:47.562705+00,
025620,KQ,,,"{""eps"": -1393.8754, ""name"": ""CHA AI Healthkare Co.,Ltd."", ""sector"": ""Retail Trade"", ""country"": ""South Korea"", ""peRatio"": null, ""industry"": ""Specialty Stores"", ""marketCap"": 193942552872.0, ""dividendYield"": null}",2026-01-13 11:21:47.781379+00,
025750,KQ,,,"{""eps"": -197.9993, ""name"": ""Hansol HomeDeco Co., Ltd."", ""sector"": ""Consumer Durables"", ""country"": ""South Korea"", ""peRatio"": null, ""industry"": ""Home Furnishings"", ""marketCap"": 51158868599.0, ""dividendYield"": null}",2026-01-13 11:21:47.996114+00,
025770,KQ,,,"{""eps"": 973.7758, ""name"": ""Korea Information & Communication Co., Ltd."", ""sector"": ""Finance"", ""country"": ""South Korea"", ""peRatio"": 7.8354791729266635, ""industry"": ""Finance/Rental/Leasing"", ""marketCap"": 270726317406.0, ""dividendYield"": null}",2026-01-13 11:21:48.203382+00,
025820,KQ,,,"{""eps"": 232.9593, ""name"": ""Leeku Industrial Co., Ltd."", ""sector"": ""Non-Energy Minerals"", ""country"": ""South Korea"", ""peRatio"": 24.55364520755342, ""industry"": ""Other Metals/Minerals"", ""marketCap"": 193287756195.0, ""dividendYield"": 0.88028175}",2026-01-13 11:21:49.746539+00,
025860,KQ,,,"{""eps"": 743.8785, ""name"": ""Namhae Chemical Corporation"", ""sector"": ""Process Industries"", ""country"": ""South Korea"", ""peRatio"": 8.885859720371002, ""industry"": ""Chemicals: Specialty"", ""marketCap"": 315981907539.0, ""dividendYield"": 1.2307693}",2026-01-13 11:21:49.958827+00,
025870,KQ,,,"{""eps"": -332.0257, ""name"": ""Silla SG Co,. Ltd."", ""sector"": ""Consumer Non-Durables"", ""country"": ""South Korea"", ""peRatio"": null, ""industry"": ""Food: Meat/Fish/Dairy"", ""marketCap"": 22600000000.0, ""dividendYield"": null}",2026-01-13 11:21:50.363492+00,
025880,KQ,,,"{""eps"": 530.8715, ""name"": ""KC Feed Co., Ltd."", ""sector"": ""Process Industries"", ""country"": ""South Korea"", ""peRatio"": 5.029465699326485, ""industry"": ""Agricultural Commodities/Milling"", ""marketCap"": 42067385492.0, ""dividendYield"": 3.7593982}",2026-01-13 11:21:50.166248+00,
025890,KQ,,,"{""eps"": 90.5781, ""name"": ""Hankook Steel Co., Ltd."", ""sector"": ""Producer Manufacturing"", ""country"": ""South Korea"", ""peRatio"": 19.32034343842496, ""industry"": ""Metal Fabrication"", ""marketCap"": 19748259777.0, ""dividendYield"": null}",2026-01-13 11:21:50.563378+00,
025900,KQ,,,"{""eps"": -224.2443, ""name"": ""Dongwha Enterprise Co., Ltd"", ""sector"": ""Producer Manufacturing"", ""country"": ""South Korea"", ""peRatio"": null, ""industry"": ""Building Products"", ""marketCap"": 367758262482.0, ""dividendYield"": null}",2026-01-13 11:21:53.244249+00,
025950,KQ,,,"{""eps"": -258.088, ""name"": ""Dongshin Engineering & Construction Co., Ltd."", ""sector"": ""Industrial Services"", ""country"": ""South Korea"", ""peRatio"": null, ""industry"": ""Engineering & Construction"", ""marketCap"": 154475992985.0, ""dividendYield"": 1.3586956}",2026-01-13 11:21:53.045126+00,
025980,KQ,,,"{""eps"": -460.5576, ""name"": ""Ananti Inc."", ""sector"": ""Consumer Services"", ""country"": ""South Korea"", ""peRatio"": null, ""industry"": ""Movies/Entertainment"", ""marketCap"": 743450304260.0, ""dividendYield"": null}",2026-01-13 11:21:52.611623+00,
026040,KQ,,,"{""eps"": 1.136, ""name"": ""J.ESTINA Co., Ltd."", ""sector"": ""Consumer Durables"", ""country"": ""South Korea"", ""peRatio"": 2614.43661971831, ""industry"": ""Other Consumer Specialties"", ""marketCap"": 47553789196.0, ""dividendYield"": null}",2026-01-13 11:21:52.830463+00,
026150,KQ,,,"{""eps"": 687.1613, ""name"": ""Tuksu Engineering & Construction Ltd."", ""sector"": ""Industrial Services"", ""country"": ""South Korea"", ""peRatio"": 9.547305848018016, ""industry"": ""Engineering & Construction"", ""marketCap"": 112296508789.0, ""dividendYield"": null}",2026-01-13 11:21:53.477247+00,
026890,KQ,,,"{""eps"": 18.9855, ""name"": ""STIC Investments, Inc."", ""sector"": ""Producer Manufacturing"", ""country"": ""South Korea"", ""peRatio"": 495.64141055015676, ""industry"": ""Electrical Products"", ""marketCap"": 346301810760.0, ""dividendYield"": 2.6483052}",2026-01-13 11:21:59.729506+00,
026910,KQ,,,"{""eps"": 838.2447, ""name"": ""Kwang Jin Industry Co., Ltd."", ""sector"": ""Non-Energy Minerals"", ""country"": ""South Korea"", ""peRatio"": 3.250840715127695, ""industry"": ""Steel"", ""marketCap"": 17262565310.0, ""dividendYield"": null}",2026-01-13 11:22:00.322571+00,
026940,KQ,,,"{""eps"": 30.91, ""name"": ""Bookook Steel Co., Ltd."", ""sector"": ""Non-Energy Minerals"", ""country"": ""South Korea"", ""peRatio"": 65.83629893238434, ""industry"": ""Steel"", ""marketCap"": 40400000000.0, ""dividendYield"": 3.6496348}",2026-01-13 11:21:59.99961+00,
026960,KQ,,,"{""eps"": 1456.0241, ""name"": ""Dongsuh Companies, Inc."", ""sector"": ""Consumer Non-Durables"", ""country"": ""South Korea"", ""peRatio"": 17.51344637770762, ""industry"": ""Food: Major Diversified"", ""marketCap"": 2496414844513.0, ""dividendYield"": 4.5783134}",2026-01-13 11:21:58.70048+00,
027040,KQ,,,"{""eps"": -106.6591, ""name"": ""Seoul Electronics & Telecom Co., Ltd."", ""sector"": ""Electronic Technology"", ""country"": ""South Korea"", ""peRatio"": null, ""industry"": ""Electronic Components"", ""marketCap"": 13708870064.0, ""dividendYield"": null}",2026-01-13 11:21:59.495718+00,
027050,KQ,,,"{""eps"": -59.7984, ""name"": ""Coreana Cosmetics Co., Ltd"", ""sector"": ""Consumer Non-Durables"", ""country"": ""South Korea"", ""peRatio"": null, ""industry"": ""Household/Personal Care"", ""marketCap"": 66742001686.0, ""dividendYield"": null}",2026-01-13 11:22:05.055212+00,
027360,KQ,,,"{""eps"": 38.0556, ""name"": ""AJU IB INVESTMENT CO., LTD."", ""sector"": ""Finance"", ""country"": ""South Korea"", ""peRatio"": 84.41836796414981, ""industry"": ""Investment Managers"", ""marketCap"": 405054194260.0, ""dividendYield"": 1.5898252}",2026-01-13 11:22:04.648812+00,
027410,KQ,,,"{""eps"": 603.4129, ""name"": ""BGF CO. LTD."", ""sector"": ""Transportation"", ""country"": ""South Korea"", ""peRatio"": 6.2809396351983855, ""industry"": ""Air Freight/Couriers"", ""marketCap"": 357950774078.0, ""dividendYield"": 3.4437087}",2026-01-13 11:22:05.28395+00,
027580,KQ,,,"{""eps"": -284.0197, ""name"": ""SANGBO Co., Ltd."", ""sector"": ""Process Industries"", ""country"": ""South Korea"", ""peRatio"": null, ""industry"": ""Industrial Specialties"", ""marketCap"": 45741779739.0, ""dividendYield"": null}",2026-01-13 11:22:04.866325+00,
027710,KQ,,,"{""eps"": 140.0444, ""name"": ""FarmStory Co., Ltd."", ""sector"": ""Process Industries"", ""country"": ""South Korea"", ""peRatio"": 7.94747951363996, ""industry"": ""Agricultural Commodities/Milling"", ""marketCap"": 122879107277.0, ""dividendYield"": 2.2603977}",2026-01-13 11:22:05.486665+00,
027830,KQ,,,"{""eps"": 71.2914, ""name"": ""Daesung Private Equity, Inc."", ""sector"": ""Finance"", ""country"": ""South Korea"", ""peRatio"": 21.34899861694398, ""industry"": ""Investment Managers"", ""marketCap"": 83322000000.0, ""dividendYield"": null}",2026-01-13 11:22:10.817111+00,
027970,KQ,,,"{""eps"": -10.7004, ""name"": ""Hankuk Paper MFG. CO., LTD"", ""sector"": ""Process Industries"", ""country"": ""South Korea"", ""peRatio"": null, ""industry"": ""Pulp & Paper"", ""marketCap"": 151359978149.0, ""dividendYield"": null}",2026-01-13 11:22:11.341288+00,
028050,KQ,,,"{""eps"": 2801.5, ""name"": ""SAMSUNG E&A CO. LTD."", ""sector"": ""Industrial Services"", ""country"": ""South Korea"", ""peRatio"": 9.10226664286989, ""industry"": ""Engineering & Construction"", ""marketCap"": 4919600000000.0, ""dividendYield"": 2.682927}",2026-01-13 11:22:10.167582+00,
028080,KQ,,,"{""eps"": -2369.2872, ""name"": ""Humax Holdings Co., Ltd"", ""sector"": ""Electronic Technology"", ""country"": ""South Korea"", ""peRatio"": null, ""industry"": ""Electronic Production Equipment"", ""marketCap"": 18866403259.0, ""dividendYield"": null}",2026-01-13 11:22:11.081028+00,
028100,KQ,,,"{""eps"": 1058.0771, ""name"": ""Dong-Ah Geological Engineering Co., Ltd"", ""sector"": ""Industrial Services"", ""country"": ""South Korea"", ""peRatio"": 16.029077654170948, ""industry"": ""Engineering & Construction"", ""marketCap"": 215186239052.0, ""dividendYield"": 3.0266345}",2026-01-13 11:22:10.561641+00,
028260,KQ,,,"{""eps"": 13013.0551, ""name"": ""SAMSUNG C&T CORP"", ""sector"": ""Industrial Services"", ""country"": ""South Korea"", ""peRatio"": 21.01735510210819, ""industry"": ""Engineering & Construction"", ""marketCap"": 43605981130803.0, ""dividendYield"": 0.96834266}",2026-01-13 11:22:17.93177+00,
02826K,KQ,,,"{""eps"": 13013.0551, ""name"": ""SAMSUNG C&T CORP Pfd 1 Non-Voting"", ""sector"": ""Industrial Services"", ""country"": ""South Korea"", ""peRatio"": 12.141653038877857, ""industry"": ""Engineering & Construction"", ""marketCap"": 43605981130803.0, ""dividendYield"": 1.7297649}",2026-01-13 11:22:19.5764+00,
028300,KQ,,,"{""eps"": -1678.312, ""name"": ""HLB Co., Ltd."", ""sector"": ""Health Technology"", ""country"": ""South Korea"", ""peRatio"": null, ""industry"": ""Biotechnology"", ""marketCap"": 7172041496277.0, ""dividendYield"": null}",2026-01-13 11:22:18.68158+00,
028670,KQ,,,"{""eps"": 411.2861, ""name"": ""Pan Ocean Co., Ltd."", ""sector"": ""Transportation"", ""country"": ""South Korea"", ""peRatio"": 9.689119082799055, ""industry"": ""Marine Shipping"", ""marketCap"": 2098185362244.0002, ""dividendYield"": 3.0927835}",2026-01-13 11:22:19.118755+00,
029460,KQ,,,"{""eps"": 6729.9351, ""name"": ""KC CO., LTD."", ""sector"": ""Producer Manufacturing"", ""country"": ""South Korea"", ""peRatio"": 4.190253248059203, ""industry"": ""Industrial Machinery"", ""marketCap"": 342232551813.0, ""dividendYield"": 1.1490126}",2026-01-13 11:22:19.35771+00,
029480,KQ,,,"{""eps"": -927.6183, ""name"": ""Kwangmu Co.Ltd."", ""sector"": ""Communications"", ""country"": ""South Korea"", ""peRatio"": null, ""industry"": ""Major Telecommunications"", ""marketCap"": 137331597977.0, ""dividendYield"": null}",2026-01-13 11:22:28.82661+00,
030000,KQ,,,"{""eps"": 1801.4501, ""name"": ""Cheil Worldwide Inc"", ""sector"": ""Commercial Services"", ""country"": ""South Korea"", ""peRatio"": 11.712786271459864, ""industry"": ""Advertising/Marketing Services"", ""marketCap"": 2086341728210.0, ""dividendYield"": 6.059113}",2026-01-13 11:22:27.740533+00,
030190,KQ,,,"{""eps"": 1444.6552, ""name"": ""NICE Information Service Co., Ltd."", ""sector"": ""Commercial Services"", ""country"": ""South Korea"", ""peRatio"": 10.971476100317917, ""industry"": ""Financial Publishing/Services"", ""marketCap"": 920400126686.0, ""dividendYield"": 2.7963526}",2026-01-13 11:22:29.282193+00,
030210,KQ,,,"{""eps"": 173.6163, ""name"": ""Daol Investment & Securities Co., Ltd."", ""sector"": ""Finance"", ""country"": ""South Korea"", ""peRatio"": 29.512207242827486, ""industry"": ""Investment Banks/Brokers"", ""marketCap"": 200783685036.0, ""dividendYield"": 4.424779}",2026-01-13 11:22:29.572679+00,
030520,KQ,,,"{""eps"": 747.9647, ""name"": ""Hancom Inc."", ""sector"": ""Technology Services"", ""country"": ""South Korea"", ""peRatio"": 30.521768614812014, ""industry"": ""Packaged Software"", ""marketCap"": 539909068680.0, ""dividendYield"": 1.8510157}",2026-01-13 11:22:36.184162+00,
030530,KQ,,,"{""eps"": -165.4302, ""name"": ""WONIK HOLDINGS CO., LTD."", ""sector"": ""Electronic Technology"", ""country"": ""South Korea"", ""peRatio"": null, ""industry"": ""Semiconductors"", ""marketCap"": 2998033176422.0, ""dividendYield"": null}",2026-01-13 11:22:35.466342+00,
030610,KQ,,,"{""eps"": 1077.1907, ""name"": ""Kyobo Securities Co., Ltd"", ""sector"": ""Finance"", ""country"": ""South Korea"", ""peRatio"": 8.652135596788943, ""industry"": ""Investment Banks/Brokers"", ""marketCap"": 1051942452698.0, ""dividendYield"": 5.376344}",2026-01-13 11:22:36.393267+00,
030720,KQ,,,"{""eps"": 1551.4997, ""name"": ""Dongwon Fisheries Co., Ltd"", ""sector"": ""Process Industries"", ""country"": ""South Korea"", ""peRatio"": 3.699646219718895, ""industry"": ""Agricultural Commodities/Milling"", ""marketCap"": 26992070484.0, ""dividendYield"": null}",2026-01-13 11:22:36.706436+00,
030960,KQ,,,"{""eps"": -107.339, ""name"": ""Yangjisa Co., Ltd."", ""sector"": ""Commercial Services"", ""country"": ""South Korea"", ""peRatio"": null, ""industry"": ""Commercial Printing/Forms"", ""marketCap"": 111628378992.0, ""dividendYield"": 0.6418485}",2026-01-13 11:22:45.259516+00,
031310,KQ,,,"{""eps"": -69.2335, ""name"": ""Eyesvision Corporation"", ""sector"": ""Electronic Technology"", ""country"": ""South Korea"", ""peRatio"": null, ""industry"": ""Telecommunications Equipment"", ""marketCap"": 36903057003.0, ""dividendYield"": null}",2026-01-13 11:22:45.519108+00,
031330,KQ,,,"{""eps"": 516.2308, ""name"": ""SAMT Co., Ltd."", ""sector"": ""Electronic Technology"", ""country"": ""South Korea"", ""peRatio"": 7.777528965726182, ""industry"": ""Semiconductors"", ""marketCap"": 389204786224.0, ""dividendYield"": 4.993758}",2026-01-13 11:22:43.821906+00,
031430,KQ,,,"{""eps"": 65.2789, ""name"": ""Shinsegae International Co., Ltd"", ""sector"": ""Retail Trade"", ""country"": ""South Korea"", ""peRatio"": 160.69510975215576, ""industry"": ""Apparel/Footwear Retail"", ""marketCap"": 362911936951.0, ""dividendYield"": 0.0}",2026-01-13 11:22:44.996709+00,
031440,KQ,,,"{""eps"": 6134.7905, ""name"": ""Shinsegae Food Co., Ltd"", ""sector"": ""Distribution Services"", ""country"": ""South Korea"", ""peRatio"": 7.693824263436543, ""industry"": ""Food Distributors"", ""marketCap"": 181610452032.0, ""dividendYield"": 1.9148936}",2026-01-13 11:22:44.635931+00,
031510,KQ,,,"{""eps"": -847.209, ""name"": ""Austem Co., Ltd."", ""sector"": ""Producer Manufacturing"", ""country"": ""South Korea"", ""peRatio"": null, ""industry"": ""Auto Parts: OEM"", ""marketCap"": 25591800156.0, ""dividendYield"": 2.9296875}",2026-01-13 11:22:49.362317+00,
031860,KQ,,,"{""eps"": null, ""name"": ""DHX Company Co., Ltd."", ""sector"": ""Electronic Technology"", ""country"": ""South Korea"", ""peRatio"": null, ""industry"": ""Computer Peripherals"", ""marketCap"": 12128621910.0, ""dividendYield"": null}",2026-01-13 11:22:49.159536+00,
031980,KQ,,,"{""eps"": 5276.5927, ""name"": ""PSK HOLDINGS INC."", ""sector"": ""Electronic Technology"", ""country"": ""South Korea"", ""peRatio"": 9.6653281576954, ""industry"": ""Semiconductors"", ""marketCap"": 1078119850158.9999, ""dividendYield"": 1.4285715}",2026-01-13 11:22:48.76521+00,
032080,KQ,,,"{""eps"": -4.2746, ""name"": ""Aztech WB Co., Ltd"", ""sector"": ""Process Industries"", ""country"": ""South Korea"", ""peRatio"": null, ""industry"": ""Textiles"", ""marketCap"": 26678323648.0, ""dividendYield"": null}",2026-01-13 11:22:49.57827+00,
032190,KQ,,,"{""eps"": 4957.3465, ""name"": ""Daou Data Corp"", ""sector"": ""Distribution Services"", ""country"": ""South Korea"", ""peRatio"": 3.487752974297843, ""industry"": ""Electronics Distributors"", ""marketCap"": 667568986702.0, ""dividendYield"": 0.0}",2026-01-13 11:22:48.972526+00,
032280,KQ,,,"{""eps"": 69.3815, ""name"": ""Samil Co., Ltd."", ""sector"": ""Transportation"", ""country"": ""South Korea"", ""peRatio"": 25.153420995391325, ""industry"": ""Air Freight/Couriers"", ""marketCap"": 21032535370.0, ""dividendYield"": null}",2026-01-13 11:22:52.195475+00,
032300,KQ,,,"{""eps"": 15.9677, ""name"": ""KOREA PHARMA Co., Ltd."", ""sector"": ""Health Technology"", ""country"": ""South Korea"", ""peRatio"": 785.9616601013295, ""industry"": ""Pharmaceuticals: Major"", ""marketCap"": 139060438871.0, ""dividendYield"": 0.38639876}",2026-01-13 11:22:51.791279+00,
032350,KQ,,,"{""eps"": -762.195, ""name"": ""Lotte Tour Development Co., Ltd."", ""sector"": ""Consumer Services"", ""country"": ""South Korea"", ""peRatio"": null, ""industry"": ""Hotels/Resorts/Cruise lines"", ""marketCap"": 1706121891403.0, ""dividendYield"": null}",2026-01-13 11:22:51.363875+00,
032500,KQ,,,"{""eps"": -695.6247, ""name"": ""KMW, Inc."", ""sector"": ""Electronic Technology"", ""country"": ""South Korea"", ""peRatio"": null, ""industry"": ""Electronic Production Equipment"", ""marketCap"": 596351716270.0, ""dividendYield"": null}",2026-01-13 11:22:51.589537+00,
032540,KQ,,,"{""eps"": 338.7823, ""name"": ""TJ Media Co., Ltd."", ""sector"": ""Consumer Durables"", ""country"": ""South Korea"", ""peRatio"": 15.99847453659769, ""industry"": ""Electronics/Appliances"", ""marketCap"": 75509321613.0, ""dividendYield"": 5.9259257}",2026-01-13 11:22:51.988683+00,
032560,KQ,,,"{""eps"": 1018.1756, ""name"": ""Hwangkum Steel & Technology Co., Ltd."", ""sector"": ""Non-Energy Minerals"", ""country"": ""South Korea"", ""peRatio"": 5.666998894886108, ""industry"": ""Steel"", ""marketCap"": 97345714989.0, ""dividendYield"": 2.586207}",2026-01-13 11:22:58.99176+00,
032580,KQ,,,"{""eps"": -128.0523, ""name"": ""Fidelix Co., Ltd"", ""sector"": ""Electronic Technology"", ""country"": ""South Korea"", ""peRatio"": null, ""industry"": ""Semiconductors"", ""marketCap"": 35995351665.0, ""dividendYield"": null}",2026-01-13 11:22:58.544471+00,
032620,KQ,,,"{""eps"": 805.9726, ""name"": ""UBcare Co., Ltd."", ""sector"": ""Technology Services"", ""country"": ""South Korea"", ""peRatio"": 4.7954483812477, ""industry"": ""Packaged Software"", ""marketCap"": 199164882660.0, ""dividendYield"": 0.7643312}",2026-01-13 11:22:57.978705+00,
032680,KQ,,,"{""eps"": -51.1239, ""name"": ""Softcen Co., Ltd."", ""sector"": ""Technology Services"", ""country"": ""South Korea"", ""peRatio"": null, ""industry"": ""Information Technology Services"", ""marketCap"": 31653254842.0, ""dividendYield"": null}",2026-01-13 11:22:59.205338+00,
032685,KQ,,,"{""eps"": -51.1239, ""name"": ""Softcen Co., Ltd. Pfd Registered Shs -1- Non-voting"", ""sector"": ""Technology Services"", ""country"": ""South Korea"", ""peRatio"": null, ""industry"": ""Information Technology Services"", ""marketCap"": 31653254842.0, ""dividendYield"": null}",2026-01-13 11:22:59.518732+00,
032750,KQ,,,"{""eps"": 710.9745, ""name"": ""Samjin Co., Ltd."", ""sector"": ""Consumer Durables"", ""country"": ""South Korea"", ""peRatio"": 5.077537942640699, ""industry"": ""Electronics/Appliances"", ""marketCap"": 32580458632.0, ""dividendYield"": 2.2038567}",2026-01-13 11:23:10.616105+00,
032800,KQ,,,"{""eps"": -192.2665, ""name"": ""Fantagio Corp."", ""sector"": ""Commercial Services"", ""country"": ""South Korea"", ""peRatio"": null, ""industry"": ""Miscellaneous Commercial Services"", ""marketCap"": 22390415268.0, ""dividendYield"": null}",2026-01-13 11:23:10.858519+00,
032820,KQ,,,"{""eps"": 81.7681, ""name"": ""Woori Technology Inc."", ""sector"": ""Consumer Durables"", ""country"": ""South Korea"", ""peRatio"": null, ""industry"": ""Electronics/Appliances"", ""marketCap"": 692034093475.0, ""dividendYield"": null}",2026-01-13 11:23:10.063681+00,
032830,KQ,,,"{""eps"": 12149.9746, ""name"": ""Samsung Life Insurance Co., Ltd."", ""sector"": ""Finance"", ""country"": ""South Korea"", ""peRatio"": 13.094677580642845, ""industry"": ""Life/Health Insurance"", ""marketCap"": 28390773243713.0, ""dividendYield"": 2.8213165}",2026-01-13 11:23:09.352039+00,
032850,KQ,,,"{""eps"": 460.0005, ""name"": ""BIT Computer Co., Ltd."", ""sector"": ""Technology Services"", ""country"": ""South Korea"", ""peRatio"": 9.999989130446597, ""industry"": ""Packaged Software"", ""marketCap"": 72412541428.0, ""dividendYield"": 1.4117647}",2026-01-13 11:23:10.375124+00,
032940,KQ,,,"{""eps"": 1620.0815, ""name"": ""Wonik Corporation"", ""sector"": ""Distribution Services"", ""country"": ""South Korea"", ""peRatio"": 8.82671643371028, ""industry"": ""Electronics Distributors"", ""marketCap"": 243242843227.0, ""dividendYield"": null}",2026-01-13 11:23:13.311319+00,
032960,KQ,,,"{""eps"": 802.7367, ""name"": ""Dongil Technology, Ltd."", ""sector"": ""Electronic Technology"", ""country"": ""South Korea"", ""peRatio"": 19.545636819644596, ""industry"": ""Electronic Production Equipment"", ""marketCap"": 61589900472.0, ""dividendYield"": 0.25680238}",2026-01-13 11:23:13.743197+00,
033050,KQ,,,"{""eps"": 81.1351, ""name"": ""JEONGMOON INFORMATION Co., Ltd."", ""sector"": ""Electronic Technology"", ""country"": ""South Korea"", ""peRatio"": 10.16822558917164, ""industry"": ""Computer Peripherals"", ""marketCap"": 25471463013.0, ""dividendYield"": null}",2026-01-13 11:23:13.952527+00,
033100,KQ,,,"{""eps"": 3757.0484, ""name"": ""Cheryong Electric Co., Ltd."", ""sector"": ""Producer Manufacturing"", ""country"": ""South Korea"", ""peRatio"": 10.16755599954475, ""industry"": ""Electrical Products"", ""marketCap"": 606355918884.0, ""dividendYield"": 2.7063599}",2026-01-13 11:23:13.527864+00,
033130,KQ,,,"{""eps"": 116.9346, ""name"": ""DIGITAL CHOSUN, Inc."", ""sector"": ""Technology Services"", ""country"": ""South Korea"", ""peRatio"": 17.086473977761926, ""industry"": ""Internet Software/Services"", ""marketCap"": 74156306877.0, ""dividendYield"": 1.5015016}",2026-01-13 11:23:27.018794+00,
033160,KQ,,,"{""eps"": -564.0451, ""name"": ""MK Electron Co., Ltd."", ""sector"": ""Producer Manufacturing"", ""country"": ""South Korea"", ""peRatio"": null, ""industry"": ""Industrial Machinery"", ""marketCap"": 185828265610.0, ""dividendYield"": 1.1764706}",2026-01-13 11:23:25.960281+00,
033170,KQ,,,"{""eps"": -586.5717, ""name"": ""Signetics Corporation"", ""sector"": ""Electronic Technology"", ""country"": ""South Korea"", ""peRatio"": null, ""industry"": ""Electronic Components"", ""marketCap"": 68154012222.00001, ""dividendYield"": null}",2026-01-13 11:23:27.285669+00,
033200,KQ,,,"{""eps"": -171.6285, ""name"": ""Moatech Co., Ltd"", ""sector"": ""Electronic Technology"", ""country"": ""South Korea"", ""peRatio"": null, ""industry"": ""Electronic Production Equipment"", ""marketCap"": 34793122501.0, ""dividendYield"": null}",2026-01-13 11:23:27.501372+00,
033230,KQ,,,"{""eps"": -148.4933, ""name"": ""Insung Information Co., Ltd"", ""sector"": ""Technology Services"", ""country"": ""South Korea"", ""peRatio"": null, ""industry"": ""Information Technology Services"", ""marketCap"": 89290854767.0, ""dividendYield"": null}",2026-01-13 11:23:26.704634+00,
033240,KQ,,,"{""eps"": 846.3855, ""name"": ""Jahwa Electronics Co., Ltd"", ""sector"": ""Electronic Technology"", ""country"": ""South Korea"", ""peRatio"": 32.354131263824115, ""industry"": ""Electronic Components"", ""marketCap"": 493544464874.0, ""dividendYield"": null}",2026-01-13 11:23:30.664585+00,
033250,KQ,,,"{""eps"": 274.5029, ""name"": ""Chasys Co., Ltd"", ""sector"": ""Producer Manufacturing"", ""country"": ""South Korea"", ""peRatio"": 3.7704519697241814, ""industry"": ""Auto Parts: OEM"", ""marketCap"": 32288000000.0, ""dividendYield"": null}",2026-01-13 11:23:31.115681+00,
033270,KQ,,,"{""eps"": 2842.8098, ""name"": ""KOREA UNITED PHARM, INC."", ""sector"": ""Health Technology"", ""country"": ""South Korea"", ""peRatio"": 6.546040732844041, ""industry"": ""Pharmaceuticals: Major"", ""marketCap"": 277889155178.0, ""dividendYield"": 2.4167562}",2026-01-13 11:23:30.887372+00,
033290,KQ,,,"{""eps"": 417.8351, ""name"": ""LOGEN Co., Ltd."", ""sector"": ""Electronic Technology"", ""country"": ""South Korea"", ""peRatio"": 5.091907126489443, ""industry"": ""Electronic Components"", ""marketCap"": 109178830566.0, ""dividendYield"": null}",2026-01-13 11:23:31.508438+00,
033310,KQ,,,"{""eps"": -2.7943, ""name"": ""M2N Co., Ltd."", ""sector"": ""Producer Manufacturing"", ""country"": ""South Korea"", ""peRatio"": null, ""industry"": ""Metal Fabrication"", ""marketCap"": 71248425293.0, ""dividendYield"": null}",2026-01-13 11:23:31.308928+00,
033320,KQ,,,"{""eps"": 275.5814, ""name"": ""JCH Systems, Inc."", ""sector"": ""Distribution Services"", ""country"": ""South Korea"", ""peRatio"": 14.98649763735869, ""industry"": ""Electronics Distributors"", ""marketCap"": 79346192551.0, ""dividendYield"": null}",2026-01-13 11:23:35.692001+00,
033500,KQ,,,"{""eps"": 2000.934, ""name"": ""DONGSUNG FINETEC Co., Ltd."", ""sector"": ""Process Industries"", ""country"": ""South Korea"", ""peRatio"": 14.229891157984643, ""industry"": ""Industrial Specialties"", ""marketCap"": 883027286530.0, ""dividendYield"": 1.2173914}",2026-01-13 11:23:35.22634+00,
033530,KQ,,,"{""eps"": 2467.9295, ""name"": ""SJG SEJONG CO. LTD"", ""sector"": ""Producer Manufacturing"", ""country"": ""South Korea"", ""peRatio"": 3.964239066953924, ""industry"": ""Auto Parts: OEM"", ""marketCap"": 254291615295.0, ""dividendYield"": 1.5182186}",2026-01-13 11:23:35.483662+00,
033540,KQ,,,"{""eps"": -225.3469, ""name"": ""Paratech Co., Ltd."", ""sector"": ""Producer Manufacturing"", ""country"": ""South Korea"", ""peRatio"": null, ""industry"": ""Industrial Conglomerates"", ""marketCap"": 40303486736.0, ""dividendYield"": null}",2026-01-13 11:23:35.883751+00,
033560,KQ,,,"{""eps"": 927.5449, ""name"": ""Bluecom Co., Ltd"", ""sector"": ""Electronic Technology"", ""country"": ""South Korea"", ""peRatio"": 3.1319238561928375, ""industry"": ""Telecommunications Equipment"", ""marketCap"": 45563043737.0, ""dividendYield"": null}",2026-01-13 11:23:36.095512+00,
033640,KQ,,,"{""eps"": null, ""name"": ""Nepes Corporation"", ""sector"": ""Electronic Technology"", ""country"": ""South Korea"", ""peRatio"": null, ""industry"": ""Electronic Components"", ""marketCap"": 368486020584.0, ""dividendYield"": null}",2026-01-13 11:23:48.982538+00,
033780,KQ,,,"{""eps"": 10692.6796, ""name"": ""KT & G Corporation"", ""sector"": ""Consumer Non-Durables"", ""country"": ""South Korea"", ""peRatio"": 13.308170198983612, ""industry"": ""Tobacco"", ""marketCap"": 14914284361267.0, ""dividendYield"": 3.9381154}",2026-01-13 11:23:48.402569+00,
033830,KQ,,,"{""eps"": 41.1429, ""name"": ""TBC"", ""sector"": ""Consumer Services"", ""country"": ""South Korea"", ""peRatio"": 14.631929202851525, ""industry"": ""Broadcasting"", ""marketCap"": 57194069557.0, ""dividendYield"": 1.821192}",2026-01-13 11:23:49.600851+00,
033920,KQ,,,"{""eps"": 1952.3317, ""name"": ""Muhak Co., Ltd."", ""sector"": ""Consumer Non-Durables"", ""country"": ""South Korea"", ""peRatio"": 4.579139907424543, ""industry"": ""Beverages: Alcoholic"", ""marketCap"": 238381811142.0, ""dividendYield"": 5.9360733}",2026-01-13 11:23:49.395577+00,
034120,KQ,,,"{""eps"": 2512.1188, ""name"": ""Seoul Broadcasting System Co., Ltd."", ""sector"": ""Consumer Services"", ""country"": ""South Korea"", ""peRatio"": 7.3244943670657605, ""industry"": ""Broadcasting"", ""marketCap"": 345556601772.0, ""dividendYield"": null}",2026-01-13 11:23:49.192477+00,
034220,KQ,,,"{""eps"": -670.668, ""name"": ""LG Display Co., Ltd"", ""sector"": ""Electronic Technology"", ""country"": ""South Korea"", ""peRatio"": null, ""industry"": ""Electronic Production Equipment"", ""marketCap"": 5990000000000.0, ""dividendYield"": null}",2026-01-13 11:23:51.703692+00,
034230,KQ,,,"{""eps"": 1159.1774, ""name"": ""Paradise Co., Ltd"", ""sector"": ""Consumer Services"", ""country"": ""South Korea"", ""peRatio"": 15.021846586764456, ""industry"": ""Casinos/Gaming"", ""marketCap"": 1451934117050.0, ""dividendYield"": 0.9041591}",2026-01-13 11:23:51.932648+00,
034310,KQ,,,"{""eps"": 1663.9264, ""name"": ""NICE Holdings Co., Ltd."", ""sector"": ""Finance"", ""country"": ""South Korea"", ""peRatio"": 7.362104477698052, ""industry"": ""Finance/Rental/Leasing"", ""marketCap"": 433102010918.0, ""dividendYield"": 3.9936104}",2026-01-13 11:23:52.25127+00,
034590,KQ,,,"{""eps"": 4381.3005, ""name"": ""Incheon City Gas Co., Ltd."", ""sector"": ""Utilities"", ""country"": ""South Korea"", ""peRatio"": 5.797365416957819, ""industry"": ""Gas Distributors"", ""marketCap"": 104080469370.0, ""dividendYield"": 4.9800797}",2026-01-13 11:23:52.882557+00,
034810,KQ,,,"{""eps"": -89.6184, ""name"": ""Haesung Industrial Co., Ltd"", ""sector"": ""Finance"", ""country"": ""South Korea"", ""peRatio"": null, ""industry"": ""Real Estate Development"", ""marketCap"": 245071940308.0, ""dividendYield"": 2.7206771}",2026-01-13 11:23:52.573358+00,
034830,KQ,,,"{""eps"": -2.2299, ""name"": ""Korea Real Estate Investment Trust Co., Ltd."", ""sector"": ""Finance"", ""country"": ""South Korea"", ""peRatio"": null, ""industry"": ""Real Estate Investment Trusts"", ""marketCap"": 272738751891.99997, ""dividendYield"": 5.882353}",2026-01-13 11:23:55.752841+00,
034940,KQ,,,"{""eps"": -247.2313, ""name"": ""ChoA Pharmaceutical Co., Ltd."", ""sector"": ""Health Technology"", ""country"": ""South Korea"", ""peRatio"": null, ""industry"": ""Pharmaceuticals: Other"", ""marketCap"": 30762967192.0, ""dividendYield"": null}",2026-01-13 11:23:56.556297+00,
034950,KQ,,,"{""eps"": 5685.3501, ""name"": ""Korea Ratings Corporation"", ""sector"": ""Commercial Services"", ""country"": ""South Korea"", ""peRatio"": 16.991038071692365, ""industry"": ""Financial Publishing/Services"", ""marketCap"": 431366246939.0, ""dividendYield"": 4.0762887}",2026-01-13 11:23:55.434187+00,
035000,KQ,,,"{""eps"": 794.8294, ""name"": ""HS Ad Inc."", ""sector"": ""Commercial Services"", ""country"": ""South Korea"", ""peRatio"": 10.517980336409298, ""industry"": ""Advertising/Marketing Services"", ""marketCap"": 132012827538.99998, ""dividendYield"": 6.508876}",2026-01-13 11:23:56.339976+00,
035080,KQ,,,"{""eps"": -2192.1595, ""name"": ""Gradiant Corporation"", ""sector"": ""Technology Services"", ""country"": ""South Korea"", ""peRatio"": null, ""industry"": ""Internet Software/Services"", ""marketCap"": 124545178413.0, ""dividendYield"": 1.8814676}",2026-01-13 11:23:54.959044+00,
035150,KQ,,,"{""eps"": 2131.5394, ""name"": ""Baiksan Co., Ltd"", ""sector"": ""Process Industries"", ""country"": ""South Korea"", ""peRatio"": 5.88446326386455, ""industry"": ""Textiles"", ""marketCap"": 253696412621.0, ""dividendYield"": 2.7602525}",2026-01-13 11:23:59.224036+00,
035200,KQ,,,"{""eps"": 218.6279, ""name"": ""PlumbFast Co., Ltd."", ""sector"": ""Industrial Services"", ""country"": ""South Korea"", ""peRatio"": 16.26050472057775, ""industry"": ""Engineering & Construction"", ""marketCap"": 30249522448.0, ""dividendYield"": 2.0215635}",2026-01-13 11:23:59.613423+00,
035250,KQ,,,"{""eps"": 1807.1303, ""name"": ""Kangwon Land, Inc."", ""sector"": ""Consumer Services"", ""country"": ""South Korea"", ""peRatio"": 10.038014414345218, ""industry"": ""Casinos/Gaming"", ""marketCap"": 3593273939667.0, ""dividendYield"": 6.5108514}",2026-01-13 11:23:58.658628+00,
035460,KQ,,,"{""eps"": 749.4902, ""name"": ""Kisan Telecom Co., Ltd"", ""sector"": ""Electronic Technology"", ""country"": ""South Korea"", ""peRatio"": 2.511040171038928, ""industry"": ""Telecommunications Equipment"", ""marketCap"": 27201316675.0, ""dividendYield"": null}",2026-01-13 11:23:59.864393+00,
035510,KQ,,,"{""eps"": 3508.415, ""name"": ""Shinsegae I&C Inc."", ""sector"": ""Technology Services"", ""country"": ""South Korea"", ""peRatio"": 4.526260433842633, ""industry"": ""Information Technology Services"", ""marketCap"": 208229617310.0, ""dividendYield"": 2.740599}",2026-01-13 11:23:58.930568+00,
035600,KQ,,,"{""eps"": 1916.2435, ""name"": ""KGINICIS Co., Ltd."", ""sector"": ""Finance"", ""country"": ""South Korea"", ""peRatio"": 5.197669294116327, ""industry"": ""Finance/Rental/Leasing"", ""marketCap"": 265386328468.0, ""dividendYield"": 6.018054}",2026-01-13 11:24:02.952475+00,
035610,KQ,,,"{""eps"": 1685.92, ""name"": ""Solborn, Inc."", ""sector"": ""Technology Services"", ""country"": ""South Korea"", ""peRatio"": 2.1501613362437126, ""industry"": ""Packaged Software"", ""marketCap"": 92785997486.0, ""dividendYield"": null}",2026-01-13 11:24:03.159882+00,
035620,KQ,,,"{""eps"": -1.6514, ""name"": ""Barunson Entertainment & Arts Corp."", ""sector"": ""Consumer Services"", ""country"": ""South Korea"", ""peRatio"": null, ""industry"": ""Movies/Entertainment"", ""marketCap"": 26736204529.0, ""dividendYield"": null}",2026-01-13 11:24:03.399187+00,
035760,KQ,,,"{""eps"": 4011.1849, ""name"": ""CJ ENM Co., Ltd."", ""sector"": ""Consumer Services"", ""country"": ""South Korea"", ""peRatio"": 15.506639945717785, ""industry"": ""Broadcasting"", ""marketCap"": 1296553134918.0, ""dividendYield"": null}",2026-01-13 11:24:02.488493+00,
035810,KQ,,,"{""eps"": 498.4324, ""name"": ""Easy Holdings Co., Ltd."", ""sector"": ""Process Industries"", ""country"": ""South Korea"", ""peRatio"": 9.870947394270518, ""industry"": ""Agricultural Commodities/Milling"", ""marketCap"": 316129291534.0, ""dividendYield"": 5.319149}",2026-01-13 11:24:02.73869+00,
035900,KQ,,,"{""eps"": 4792.7123, ""name"": ""JYP Entertainment Corp"", ""sector"": ""Consumer Services"", ""country"": ""South Korea"", ""peRatio"": 14.417723342166815, ""industry"": ""Movies/Entertainment"", ""marketCap"": 2312687619781.0, ""dividendYield"": 0.76945245}",2026-01-13 11:24:06.66735+00,
036000,KQ,,,"{""eps"": 5310.7493, ""name"": ""YeaRimDang Publishing Co., Ltd."", ""sector"": ""Consumer Services"", ""country"": ""South Korea"", ""peRatio"": 0.5771313663779987, ""industry"": ""Publishing: Books/Magazines"", ""marketCap"": 72557966423.0, ""dividendYield"": null}",2026-01-13 11:24:07.132315+00,
036010,KQ,,,"{""eps"": 175.6404, ""name"": ""ABCO Electronics Co., Ltd."", ""sector"": ""Electronic Technology"", ""country"": ""South Korea"", ""peRatio"": 43.15635810439967, ""industry"": ""Electronic Production Equipment"", ""marketCap"": 96373767614.0, ""dividendYield"": null}",2026-01-13 11:24:06.873707+00,
036030,KQ,,,"{""eps"": 839.7794, ""name"": ""kt alpha Co., Ltd."", ""sector"": ""Retail Trade"", ""country"": ""South Korea"", ""peRatio"": 5.811049901914717, ""industry"": ""Specialty Stores"", ""marketCap"": 241909466515.0, ""dividendYield"": null}",2026-01-13 11:24:07.408743+00,
036090,KQ,,,"{""eps"": -58.0865, ""name"": ""Wizit Co., Ltd"", ""sector"": ""Electronic Technology"", ""country"": ""South Korea"", ""peRatio"": null, ""industry"": ""Semiconductors"", ""marketCap"": 73008223999.0, ""dividendYield"": null}",2026-01-13 11:24:12.951645+00,
036120,KQ,,,"{""eps"": 184.8947, ""name"": ""Seoul Information Service Inc."", ""sector"": ""Commercial Services"", ""country"": ""South Korea"", ""peRatio"": 10.546543519094923, ""industry"": ""Financial Publishing/Services"", ""marketCap"": 66806706390.00001, ""dividendYield"": 3.02267}",2026-01-13 11:24:13.238843+00,
036170,KQ,,,"{""eps"": 96.9314, ""name"": ""HMNEX Co., Ltd."", ""sector"": ""Electronic Technology"", ""country"": ""South Korea"", ""peRatio"": 17.806407418029657, ""industry"": ""Semiconductors"", ""marketCap"": 112167511250.0, ""dividendYield"": null}",2026-01-13 11:24:12.329903+00,
036190,KQ,,,"{""eps"": 4892.666, ""name"": ""Geumhwa PSC Co., Ltd"", ""sector"": ""Industrial Services"", ""country"": ""South Korea"", ""peRatio"": 6.223600793514211, ""industry"": ""Engineering & Construction"", ""marketCap"": 178650143027.0, ""dividendYield"": 4.770017}",2026-01-13 11:24:12.738095+00,
036200,KQ,,,"{""eps"": 447.7838, ""name"": ""Union Semiconductor Equipment Co., Ltd."", ""sector"": ""Producer Manufacturing"", ""country"": ""South Korea"", ""peRatio"": 22.332205854700415, ""industry"": ""Industrial Machinery"", ""marketCap"": 294160537720.0, ""dividendYield"": 0.7960199}",2026-01-13 11:24:12.539434+00,
036220,KQ,,,"{""eps"": 385.4828, ""name"": ""Osang Healthcare Co. Ltd."", ""sector"": ""Health Technology"", ""country"": ""South Korea"", ""peRatio"": 28.63123438621661, ""industry"": ""Medical Specialties"", ""marketCap"": 151259535789.0, ""dividendYield"": 4.612546}",2026-01-13 11:24:15.607772+00,
036420,KQ,,,"{""eps"": -4127.3253, ""name"": ""ContentreeJoongAng corp."", ""sector"": ""Consumer Services"", ""country"": ""South Korea"", ""peRatio"": null, ""industry"": ""Movies/Entertainment"", ""marketCap"": 127045304298.0, ""dividendYield"": null}",2026-01-13 11:24:15.365203+00,
036460,KQ,,,"{""eps"": 10158.4494, ""name"": ""Korea Gas Corporation"", ""sector"": ""Utilities"", ""country"": ""South Korea"", ""peRatio"": 4.064098611247285, ""industry"": ""Gas Distributors"", ""marketCap"": 3312920272827.0, ""dividendYield"": 3.8089004}",2026-01-13 11:24:15.107773+00,
036480,KQ,,,"{""eps"": 353.412, ""name"": ""Daesung Microbiological Laboratories Co., Ltd."", ""sector"": ""Health Technology"", ""country"": ""South Korea"", ""peRatio"": 20.23134471947755, ""industry"": ""Pharmaceuticals: Other"", ""marketCap"": 26713999665.0, ""dividendYield"": 1.0608203}",2026-01-13 11:24:15.868163+00,
036540,KQ,,,"{""eps"": -111.433, ""name"": ""SFA Semicon Co., Ltd."", ""sector"": ""Electronic Technology"", ""country"": ""South Korea"", ""peRatio"": null, ""industry"": ""Semiconductors"", ""marketCap"": 910005729675.0, ""dividendYield"": null}",2026-01-13 11:24:14.872286+00,
036560,KQ,,,"{""eps"": 706.4554, ""name"": ""KZ Precision Corporation"", ""sector"": ""Producer Manufacturing"", ""country"": ""South Korea"", ""peRatio"": 20.114504043708916, ""industry"": ""Industrial Machinery"", ""marketCap"": 223177500000.0, ""dividendYield"": 5.6219254}",2026-01-13 11:24:27.80627+00,
036580,KQ,,,"{""eps"": -939.4051, ""name"": ""FARMSCO"", ""sector"": ""Process Industries"", ""country"": ""South Korea"", ""peRatio"": null, ""industry"": ""Agricultural Commodities/Milling"", ""marketCap"": 81593890152.0, ""dividendYield"": 2.1459227}",2026-01-13 11:24:28.406428+00,
036620,KQ,,,"{""eps"": 332.9597, ""name"": ""GAMSUNG Corporation Co., Ltd."", ""sector"": ""Technology Services"", ""country"": ""South Korea"", ""peRatio"": 16.00794330364906, ""industry"": ""Internet Software/Services"", ""marketCap"": 484581322708.0, ""dividendYield"": null}",2026-01-13 11:24:26.4495+00,
036630,KQ,,,"{""eps"": -798.8252, ""name"": ""Sejong Telecom Inc."", ""sector"": ""Communications"", ""country"": ""South Korea"", ""peRatio"": null, ""industry"": ""Major Telecommunications"", ""marketCap"": 90270405884.0, ""dividendYield"": 0.0}",2026-01-13 11:24:28.112232+00,
036640,KQ,,,"{""eps"": 941.736, ""name"": ""HRS Co., Ltd"", ""sector"": ""Process Industries"", ""country"": ""South Korea"", ""peRatio"": 5.458005215899148, ""industry"": ""Industrial Specialties"", ""marketCap"": 82465906334.0, ""dividendYield"": 7.797271}",2026-01-13 11:24:27.549436+00,
036670,KQ,,,"{""eps"": 1012.3638, ""name"": ""Samyang KCI Corporation"", ""sector"": ""Process Industries"", ""country"": ""South Korea"", ""peRatio"": 6.173669979112252, ""industry"": ""Chemicals: Major Diversified"", ""marketCap"": 66928447113.0, ""dividendYield"": 3.9808917}",2026-01-13 11:24:37.152412+00,
036710,KQ,,,"{""eps"": -1303.6798, ""name"": ""SIMMTECH Holdings Co., Ltd."", ""sector"": ""Electronic Technology"", ""country"": ""South Korea"", ""peRatio"": null, ""industry"": ""Electronic Components"", ""marketCap"": 117381034241.0, ""dividendYield"": 0.46620047}",2026-01-13 11:24:36.539925+00,
036800,KQ,,,"{""eps"": 5164.7835, ""name"": ""NICE Information & Telecommunication, Inc."", ""sector"": ""Commercial Services"", ""country"": ""South Korea"", ""peRatio"": 4.6371740461144215, ""industry"": ""Miscellaneous Commercial Services"", ""marketCap"": 207915621185.0, ""dividendYield"": 3.2595575}",2026-01-13 11:24:36.836403+00,
036810,KQ,,,"{""eps"": -9.6558, ""name"": ""Fine Semitech Corp"", ""sector"": ""Producer Manufacturing"", ""country"": ""South Korea"", ""peRatio"": null, ""industry"": ""Industrial Machinery"", ""marketCap"": 613396696091.0, ""dividendYield"": 0.0}",2026-01-13 11:24:35.476309+00,
036830,KQ,,,"{""eps"": 4044.5196, ""name"": ""Soulbrain Holdings Co., Ltd."", ""sector"": ""Process Industries"", ""country"": ""South Korea"", ""peRatio"": 9.407792213443594, ""industry"": ""Chemicals: Specialty"", ""marketCap"": 764154092789.0, ""dividendYield"": 0.5913978}",2026-01-13 11:24:36.316447+00,
036890,KQ,,,"{""eps"": 1717.4509, ""name"": ""Jinsung T.E.C. Co., Ltd."", ""sector"": ""Producer Manufacturing"", ""country"": ""South Korea"", ""peRatio"": 8.326699612114087, ""industry"": ""Industrial Machinery"", ""marketCap"": 279362607956.0, ""dividendYield"": 1.4749262}",2026-01-13 11:24:45.564452+00,
036930,KQ,,,"{""eps"": 1362.4543, ""name"": ""Jusung Engineering Co., Ltd"", ""sector"": ""Producer Manufacturing"", ""country"": ""South Korea"", ""peRatio"": 24.29439284679126, ""industry"": ""Industrial Machinery"", ""marketCap"": 1494191188431.0, ""dividendYield"": 0.8592814}",2026-01-13 11:24:45.033433+00,
037070,KQ,,,"{""eps"": -347.3046, ""name"": ""Paseco Co., Ltd"", ""sector"": ""Consumer Durables"", ""country"": ""South Korea"", ""peRatio"": null, ""industry"": ""Electronics/Appliances"", ""marketCap"": 145597229633.0, ""dividendYield"": 1.3333334}",2026-01-13 11:24:45.803127+00,
037230,KQ,,,"{""eps"": 182.5619, ""name"": ""Hankuk Package Co., Ltd"", ""sector"": ""Process Industries"", ""country"": ""South Korea"", ""peRatio"": 10.056862905129712, ""industry"": ""Containers/Packaging"", ""marketCap"": 55488205883.0, ""dividendYield"": 2.1401818}",2026-01-13 11:24:46.278131+00,
037330,KQ,,,"{""eps"": 43.6242, ""name"": ""Inzi Display Co., Ltd."", ""sector"": ""Producer Manufacturing"", ""country"": ""South Korea"", ""peRatio"": 32.98627825839786, ""industry"": ""Industrial Machinery"", ""marketCap"": 62185361542.0, ""dividendYield"": 1.7730497}",2026-01-13 11:24:46.047267+00,
A1AP34,SA,,,"{""eps"": -0.0023068, ""name"": ""Advance Auto Parts, Inc. Shs Unsponsored Brazilian Depositary Receipt Repr 0.0625 Sh"", ""sector"": ""Retail Trade"", ""country"": ""Brazil"", ""peRatio"": null, ""industry"": ""Specialty Stores"", ""marketCap"": 13902782936.422417, ""dividendYield"": 1.5864438}",2026-01-13 10:54:58.275996+00,
A1CR34,SA,,,"{""eps"": 0.0019621, ""name"": ""Amcor PLC Shs Unsponsored Brazilian Depositary Receipt Repr 1 Sh"", ""sector"": ""Process Industries"", ""peRatio"": 22989.999999999996, ""industry"": ""Containers/Packaging"", ""marketCap"": 108767641033.92569, ""dividendYield"": 6.035587}",2026-01-14 17:19:56.831589+00,
A1DM34,SA,,,"{""eps"": 0.0142764, ""name"": ""Archer-Daniels-Midland Company Shs Unsponsored Brazilian Depository Receipt Repr 1 Sh"", ""sector"": ""Process Industries"", ""country"": ""Brazil"", ""peRatio"": 23355.633802816898, ""industry"": ""Agricultural Commodities/Milling"", ""marketCap"": 161053015285.56033, ""dividendYield"": 2.2446134}",2026-01-13 10:58:08.983668+00,
A1EG34,SA,,,"{""eps"": 5.341630565524742, ""name"": ""Aegon Ltd. ADR Unsponsored Brazilian Depositary Receipt Repr 0.25 ADR"", ""sector"": ""Finance"", ""peRatio"": 7.930162799612988, ""industry"": ""Multi-Line Insurance"", ""marketCap"": 62281741363.551956, ""dividendYield"": 4.2401347}",2026-01-14 17:19:57.331469+00,
A1EN34,SA,Alliant Energy Corporation Unsponsored Brazilian Depositary Receipt Repr 1 Sh,,"{""eps"": 0.0180588, ""name"": ""Alliant Energy Corporation Unsponsored Brazilian Depositary Receipt Repr 1 Sh"", ""sector"": ""Utilities"", ""peRatio"": 19269.44444444445, ""industry"": ""Electric Utilities"", ""marketCap"": 91595236968.22833, ""dividendYield"": 2.1125982}",2026-01-14 17:28:42.157168+00,
A1EP34,SA,,,"{""eps"": 0.0194756, ""name"": ""American Electric Power Company, Inc. Shs Unsponsored Brazilian Depositary Receipt Repr 1/2 Sh"", ""sector"": ""Utilities"", ""country"": ""Brazil"", ""peRatio"": 16052.061855670105, ""industry"": ""Electric Utilities"", ""marketCap"": 335449319251.0776, ""dividendYield"": 2.2381186}",2026-01-13 10:58:08.635057+00,
A1GI34,SA,"Agilent Technologies, Inc. Shs Unsponsored Brazilian Depositary Receipt Repr 1/2 Sh",,"{""eps"": 0.0129496, ""name"": ""Agilent Technologies, Inc. Shs Unsponsored Brazilian Depositary Receipt Repr 1/2 Sh"", ""sector"": ""Health Technology"", ""peRatio"": 30666.666666666668, ""industry"": ""Medical Specialties"", ""marketCap"": 223379412272.48248, ""dividendYield"": 0.46547106}",2026-01-14 17:28:41.951933+00,
A1GN34,SA,,,"{""eps"": 0.0211093, ""name"": ""Allegion PLC Shs Unsponsored Brazilian Depositary Receipt Repr 0.5 Sh"", ""sector"": ""Consumer Durables"", ""country"": ""Brazil"", ""peRatio"": 20857.142857142855, ""industry"": ""Tools & Hardware"", ""marketCap"": 74842238857.75862, ""dividendYield"": 0.8926941}",2026-01-13 10:58:09.239967+00,
A1KA34,SA,"Akamai Technologies, Inc. Shs Unsponsored Brazilian Depositary Receipt Repr 0.0833 Sh",,"{""eps"": 0.0016364, ""name"": ""Akamai Technologies, Inc. Shs Unsponsored Brazilian Depositary Receipt Repr 0.0833 Sh"", ""sector"": ""Technology Services"", ""peRatio"": 25281.25, ""industry"": ""Data Processing Services"", ""marketCap"": 68841490651.58858, ""dividendYield"": null}",2026-01-14 17:28:41.197548+00,
A1LL34,SA,"Bread Financial Holdings, Inc. Shs Unsponsored Brazilian Depositary Receipt Repr 0.25 Sh",,"{""eps"": 0.0140474, ""name"": ""Bread Financial Holdings, Inc. Shs Unsponsored Brazilian Depositary Receipt Repr 0.25 Sh"", ""sector"": ""Finance"", ""peRatio"": 7775.36231884058, ""industry"": ""Finance/Rental/Leasing"", ""marketCap"": 17160599068.389874, ""dividendYield"": 0.7818387}",2026-01-14 17:28:41.438088+00,
A1MP34,SA,"Ameriprise Financial, Inc. Shs Unsponsored Brazilian Depositary Receipt Repr 0.25 Sh",,"{""eps"": 0.0527282, ""name"": ""Ameriprise Financial, Inc. Shs Unsponsored Brazilian Depositary Receipt Repr 0.25 Sh"", ""sector"": ""Finance"", ""peRatio"": 12921.194605009634, ""industry"": ""Investment Banks/Brokers"", ""marketCap"": 247833604054.9273, ""dividendYield"": 0.85585487}",2026-01-14 17:28:41.639178+00,
A1SN34,SA,,,"{""eps"": -22.62706446457112, ""name"": ""Ascendis Pharma ADR Unsponsored Brazilian Depositary Receipt Repr 0.0666 ADR"", ""sector"": ""Health Technology"", ""peRatio"": null, ""industry"": ""Pharmaceuticals: Major"", ""marketCap"": 70754758395.26117, ""dividendYield"": null}",2026-01-14 17:19:57.1197+00,
AALR,EGX,General Co. for Land Reclamation Development & Reconstruction,,"{""eps"": null, ""name"": ""General Co. for Land Reclamation Development & Reconstruction"", ""sector"": ""Finance"", ""logoUrl"": ""https://s3-symbol-logo.tradingview.com/general-company-for-land-reclamationdevelopment-and-reconstru.svg"", ""peRatio"": null, ""industry"": ""Real Estate Development"", ""marketCap"": 1102208123.0, ""dividendYield"": null}",2026-01-14 19:04:07.342882+00,
AALR,US,,Egypt,"{""eps"": -8.43, ""name"": null, ""country"": ""Egypt"", ""peRatio"": -5.14, ""currency"": ""EGP"", ""marketCap"": 975718800.0}",2026-03-04 18:41:56.10994+00,
AAPL,BA,,,"{""eps"": 421.3392, ""name"": ""Apple Inc. Shs Cert Deposito Arg Repr 0.05 Shs"", ""sector"": ""Electronic Technology"", ""peRatio"": 47.31339262039722, ""industry"": ""Telecommunications Equipment"", ""marketCap"": 5646910056227606.0, ""dividendYield"": 0.24788877}",2026-01-13 21:09:54.626323+00,
ABEV,BA,,,"{""eps"": 265.6085923342542, ""name"": ""Ambev SA ADS Cert Deposito Arg Repr 3 ADS"", ""sector"": ""Consumer Non-Durables"", ""peRatio"": 44.05981072553887, ""industry"": ""Beverages: Alcoholic"", ""marketCap"": 59693703359032.01, ""dividendYield"": 5.300501}",2026-01-13 21:06:12.392355+00,
ABUK,EGX,Abou Kir Fertilizers & Chemical Industries Co.,,"{""eps"": null, ""name"": ""Abou Kir Fertilizers & Chemical Industries Co."", ""sector"": ""Process Industries"", ""logoUrl"": ""https://s3-symbol-logo.tradingview.com/abou-kir-fertilizers.svg"", ""peRatio"": null, ""industry"": ""Chemicals: Agricultural"", ""marketCap"": 64368278993.0, ""dividendYield"": 11.531809}",2026-01-14 19:03:43.786769+00,
ABUK,US,,Egypt,"{""eps"": 4.15, ""name"": null, ""country"": ""Egypt"", ""peRatio"": 9.42, ""currency"": ""EGP"", ""marketCap"": 99233906620.8}",2026-03-04 18:41:57.959741+00,
ACAMD,EGX,Arab Co. for Asset Management & Development,,"{""eps"": null, ""name"": ""Arab Co. for Asset Management & Development"", ""sector"": ""Finance"", ""logoUrl"": ""https://s3-symbol-logo.tradingview.com/arab-co-for-asset-management-and-development.svg"", ""peRatio"": null, ""industry"": ""Investment Managers"", ""marketCap"": 2383342759.0, ""dividendYield"": null}",2026-01-14 19:03:42.886275+00,
ACAMD,US,,Egypt,"{""eps"": -0.01, ""name"": null, ""country"": ""Egypt"", ""peRatio"": -73.08, ""currency"": ""EGP"", ""marketCap"": 2555473251.65}",2026-03-04 18:42:00.97156+00,
ACAP,EGX,A Capital Holding,,"{""eps"": null, ""name"": ""A Capital Holding"", ""sector"": ""Finance"", ""logoUrl"": ""https://s3-symbol-logo.tradingview.com/a-capital.svg"", ""peRatio"": null, ""industry"": ""Financial Conglomerates"", ""marketCap"": 5711138728.0, ""dividendYield"": null}",2026-01-14 19:04:10.447945+00,
ACAP,US,,Egypt,"{""eps"": 1.91, ""name"": null, ""country"": ""Egypt"", ""peRatio"": 16.14, ""currency"": ""EGP"", ""marketCap"": 5389384512.27}",2026-03-04 18:42:02.971205+00,
ACGC,EGX,Arab Cotton Ginning Co.,,"{""eps"": null, ""name"": ""Arab Cotton Ginning Co."", ""sector"": ""Process Industries"", ""logoUrl"": ""https://s3-symbol-logo.tradingview.com/arab-cotton-ginning.svg"", ""peRatio"": null, ""industry"": ""Agricultural Commodities/Milling"", ""marketCap"": 2182082852.0, ""dividendYield"": null}",2026-01-14 19:03:52.603723+00,
ACGC,US,,Egypt,"{""eps"": 0.04, ""name"": null, ""country"": ""Egypt"", ""peRatio"": 5.16, ""currency"": ""EGP"", ""marketCap"": 2023193330.84}",2026-03-04 18:42:08.74618+00,
ACN,BA,Accenture PLC Shs Cert Deposito Arg Repr 0.013333333 Shs,,"{""eps"": 197.3622, ""name"": ""Accenture PLC Shs Cert Deposito Arg Repr 0.013333333 Shs"", ""sector"": ""Technology Services"", ""logoUrl"": ""https://s3-symbol-logo.tradingview.com/accenture.svg"", ""peRatio"": 30.03453203691945, ""industry"": ""Information Technology Services"", ""marketCap"": 251941263652360.5, ""dividendYield"": 1.439082}",2026-01-20 09:17:47.859262+00,
ACRO,EGX,Acrow Misr,,"{""eps"": null, ""name"": ""Acrow Misr"", ""sector"": ""Producer Manufacturing"", ""logoUrl"": ""https://s3-symbol-logo.tradingview.com/acrow-misr.svg"", ""peRatio"": null, ""industry"": ""Metal Fabrication"", ""marketCap"": 6892846707.0, ""dividendYield"": 3.0007203}",2026-01-14 19:04:02.824074+00,
ACRO,US,,Egypt,"{""eps"": 5.75, ""name"": null, ""country"": ""Egypt"", ""peRatio"": 5.32, ""currency"": ""EGP"", ""marketCap"": 5890851830.0}",2026-03-04 18:42:12.693384+00,
ACTF,EGX,Act Financial,,"{""eps"": null, ""name"": ""Act Financial"", ""sector"": ""Finance"", ""logoUrl"": ""https://s3-symbol-logo.tradingview.com/act-financial.svg"", ""peRatio"": null, ""industry"": ""Investment Banks/Brokers"", ""marketCap"": 2994324950.0, ""dividendYield"": 6.671524}",2026-01-14 19:03:50.447843+00,
ACTF,US,,Egypt,"{""eps"": -0.74, ""name"": null, ""country"": ""Egypt"", ""peRatio"": 2.08, ""currency"": ""EGP"", ""marketCap"": 2983067878.8}",2026-03-04 18:42:15.882541+00,
ADCI,EGX,Arab Pharmaceuticals,,"{""eps"": 18.5039, ""name"": ""Arab Pharmaceuticals"", ""sector"": ""Health Technology"", ""logoUrl"": ""https://s3-symbol-logo.tradingview.com/arab-pharmaceuticals.svg"", ""peRatio"": 9.802798329000911, ""industry"": ""Pharmaceuticals: Major"", ""marketCap"": 2221679993.0, ""dividendYield"": 4.295361}",2026-01-14 19:04:04.472742+00,
ADCI,US,,Egypt,"{""eps"": 68.83, ""name"": null, ""country"": ""Egypt"", ""peRatio"": 3.83, ""currency"": ""EGP"", ""marketCap"": 1800000000.0}",2026-03-04 18:42:19.061699+00,
ADGO,BA,Adecoagro SA Shs Cert Deposito Arg Repr 1 Sh,,"{""eps"": 238.5476, ""name"": ""Adecoagro SA Shs Cert Deposito Arg Repr 1 Sh"", ""sector"": ""Process Industries"", ""logoUrl"": ""https://s3-symbol-logo.tradingview.com/adecoagro.svg"", ""peRatio"": 52.8367797833692, ""industry"": ""Agricultural Commodities/Milling"", ""marketCap"": 1655493317596.5664, ""dividendYield"": 7.407988}",2026-01-20 09:17:48.501891+00,
ADIB,EGX,Abu Dhabi Islamic Bank-Egypt,,"{""eps"": 10.7751, ""name"": ""Abu Dhabi Islamic Bank-Egypt"", ""sector"": ""Finance"", ""logoUrl"": ""https://s3-symbol-logo.tradingview.com/abu-dhabi-islamic-bank-egypt.svg"", ""peRatio"": 2.923406743324888, ""industry"": ""Regional Banks"", ""marketCap"": 47474999428.0, ""dividendYield"": null}",2026-01-14 19:03:45.470713+00,
ADIB,US,,Egypt,"{""eps"": 10.69, ""name"": null, ""country"": ""Egypt"", ""peRatio"": 2.02, ""currency"": ""EGP"", ""marketCap"": 45372000000.0}",2026-03-04 18:42:21.311575+00,
ADPC,EGX,Arab Dairy Products Co. Arab Dairy - Panda,,"{""eps"": null, ""name"": ""Arab Dairy Products Co. Arab Dairy - Panda"", ""sector"": ""Consumer Non-Durables"", ""logoUrl"": ""https://s3-symbol-logo.tradingview.com/the-arab-dairy-products-co-arab-dairy-panda.svg"", ""peRatio"": null, ""industry"": ""Food: Meat/Fish/Dairy"", ""marketCap"": 1865000010.0, ""dividendYield"": null}",2026-01-14 19:04:01.798455+00,
ADPC,US,,Egypt,"{""eps"": -0.27, ""name"": null, ""country"": ""Egypt"", ""peRatio"": 8.34, ""currency"": ""EGP"", ""marketCap"": 1740000000.0}",2026-03-04 18:42:24.124266+00,
AFDI,EGX,Alahly For Development & Investment,,"{""eps"": -0.9734, ""name"": ""Alahly For Development & Investment"", ""sector"": ""Finance"", ""logoUrl"": ""https://s3-symbol-logo.tradingview.com/el-ahli-investment-and-development.svg"", ""peRatio"": null, ""industry"": ""Investment Banks/Brokers"", ""marketCap"": 576179970.0, ""dividendYield"": null}",2026-01-14 19:03:58.264749+00,
AFDI,US,,Egypt,"{""eps"": 0.55, ""name"": null, ""country"": ""Egypt"", ""peRatio"": 5.7, ""currency"": ""EGP"", ""marketCap"": 570420000.0}",2026-03-04 18:42:27.219963+00,
AFMC,EGX,Alexandria Flour Mills Co.,,"{""eps"": 1.6515, ""name"": ""Alexandria Flour Mills Co."", ""sector"": ""Retail Trade"", ""logoUrl"": ""https://s3-symbol-logo.tradingview.com/alexandria-flour-mills.svg"", ""peRatio"": 36.06418407508326, ""industry"": ""Food Retail"", ""marketCap"": 1997188742.0, ""dividendYield"": 1.2224939}",2026-01-14 19:04:05.346715+00,
AFMC,US,,Egypt,"{""eps"": 1.49, ""name"": null, ""country"": ""Egypt"", ""peRatio"": 21.55, ""currency"": ""EGP"", ""marketCap"": 1842926321.34}",2026-03-04 18:42:29.810763+00,
AGRO,BA,,,"{""eps"": 3.6812, ""name"": ""Agrometal SA"", ""sector"": ""Producer Manufacturing"", ""peRatio"": 15.212430729110073, ""industry"": ""Trucks/Construction/Farm Machinery"", ""marketCap"": 70080001831.0, ""dividendYield"": null}",2026-01-13 21:09:55.464607+00,
AIDC,US,,Egypt,"{""name"": null, ""country"": ""Egypt"", ""currency"": ""EGP"", ""marketCap"": 666879082.74}",2026-03-04 18:42:31.661162+00,
AIH,EGX,Arabia Investments Holding SAE,,"{""eps"": null, ""name"": ""Arabia Investments Holding SAE"", ""sector"": ""Industrial Services"", ""logoUrl"": ""https://s3-symbol-logo.tradingview.com/arabia-investments.svg"", ""peRatio"": null, ""industry"": ""Engineering & Construction"", ""marketCap"": 514182518.99999994, ""dividendYield"": null}",2026-01-14 19:04:04.058782+00,
AIND,EGX,Arab Dairy Products Co. Arab Dairy - Panda,,"{""eps"": null, ""name"": ""Arab Dairy Products Co. Arab Dairy - Panda"", ""sector"": ""Consumer Non-Durables"", ""peRatio"": null, ""industry"": ""Food: Meat/Fish/Dairy"", ""marketCap"": 1865000010.0, ""dividendYield"": null}",2026-01-14 17:44:13.154235+00,
AIVCB,EGX,Atlas for Investment & Food Industries SAE,,"{""eps"": null, ""name"": ""Atlas for Investment & Food Industries SAE"", ""sector"": ""Process Industries"", ""peRatio"": null, ""industry"": ""Agricultural Commodities/Milling"", ""marketCap"": 2337109825.0, ""dividendYield"": null}",2026-01-14 18:15:26.566949+00,
AJWA,EGX,Ajwa for Food Industries Co. Egypt,,"{""eps"": null, ""name"": ""Ajwa for Food Industries Co. Egypt"", ""sector"": ""Consumer Non-Durables"", ""logoUrl"": ""https://s3-symbol-logo.tradingview.com/ajwa-for-food-industries-company-egypt.svg"", ""peRatio"": null, ""industry"": ""Food: Specialty/Candy"", ""marketCap"": 2415053241.0, ""dividendYield"": null}",2026-01-14 19:04:09.091729+00,
AJWA,US,,Egypt,"{""eps"": 4.7, ""name"": null, ""country"": ""Egypt"", ""peRatio"": 6.63, ""currency"": ""EGP"", ""marketCap"": 2230980206.0}",2026-03-04 18:42:40.829633+00,
ALCN,EGX,Alexandria Containers & Goods,,"{""eps"": 2.0508, ""name"": ""Alexandria Containers & Goods"", ""sector"": ""Transportation"", ""logoUrl"": ""https://s3-symbol-logo.tradingview.com/alexandria-containers-and-goods.svg"", ""peRatio"": 10.8738053442559, ""industry"": ""Other Transportation"", ""marketCap"": 67336855629.0, ""dividendYield"": 7.8934455}",2026-01-14 19:03:57.860737+00,
ALCN,US,,Egypt,"{""eps"": 2.02, ""name"": null, ""country"": ""Egypt"", ""peRatio"": 8.79, ""currency"": ""EGP"", ""marketCap"": 72402015240.0}",2026-03-04 18:42:44.101712+00,
ALEX,EGX,,Egypt,"{""eps"": -1.54, ""name"": null, ""country"": ""Egypt"", ""peRatio"": -3.84, ""currency"": ""EGP"", ""marketCap"": 7328471488.0}",2026-01-19 08:46:03.662838+00,
ALEX,US,,Egypt,"{""eps"": -1.54, ""name"": null, ""country"": ""Egypt"", ""peRatio"": -3.84, ""currency"": ""EGP"", ""marketCap"": 7420077381.6}",2026-02-28 19:30:44.806802+00,
ALUA,BA,,,"{""eps"": -16.0356, ""name"": ""Aluar Aluminio Argentino SAIC"", ""sector"": ""Non-Energy Minerals"", ""peRatio"": null, ""industry"": ""Aluminum"", ""marketCap"": 2786000000000.0, ""dividendYield"": 0.0}",2026-01-13 21:09:55.233585+00,
ALUM,EGX,Arab Aluminum Co. SAE,,"{""eps"": null, ""name"": ""Arab Aluminum Co. SAE"", ""sector"": ""Non-Energy Minerals"", ""logoUrl"": ""https://s3-symbol-logo.tradingview.com/arab-aluminum.svg"", ""peRatio"": null, ""industry"": ""Aluminum"", ""marketCap"": 903337286.0, ""dividendYield"": null}",2026-01-14 19:03:58.88766+00,
ALUM,US,,Egypt,"{""eps"": 0.02, ""name"": null, ""country"": ""Egypt"", ""peRatio"": 63.75, ""currency"": ""EGP"", ""marketCap"": 852892836.0}",2026-03-04 18:42:48.96902+00,
AMD,BA,,,"{""eps"": 239.3753, ""name"": ""Advanced Micro Devices, Inc. Shs Cert Deposito Arg Repr 0.1 Shs"", ""sector"": ""Electronic Technology"", ""peRatio"": 142.8873590942674, ""industry"": ""Semiconductors"", ""marketCap"": 496516804582966.2, ""dividendYield"": null}",2026-01-13 21:06:11.849012+00,
AMDD,BA,,,"{""eps"": 239.37530006702514, ""name"": ""Advanced Micro Devices, Inc. Shs Cert Deposito Arg Repr 0.1 Shs"", ""sector"": ""Electronic Technology"", ""peRatio"": 132.42400418142037, ""industry"": ""Semiconductors"", ""marketCap"": 496516804513950.3, ""dividendYield"": null}",2026-01-13 21:09:55.682867+00,
AMER,EGX,Amer Group Holding,,"{""eps"": null, ""name"": ""Amer Group Holding"", ""sector"": ""Finance"", ""logoUrl"": ""https://s3-symbol-logo.tradingview.com/amer.svg"", ""peRatio"": null, ""industry"": ""Real Estate Development"", ""marketCap"": 1931970256.0, ""dividendYield"": null}",2026-01-14 19:03:50.651196+00,
AMER,US,,Egypt,"{""eps"": 0.18, ""name"": null, ""country"": ""Egypt"", ""peRatio"": 31.7, ""currency"": ""EGP"", ""marketCap"": 1615993813.6}",2026-03-04 18:42:51.858107+00,
AMES,EGX,Alexandria New Medical Center Co.,,"{""eps"": null, ""name"": ""Alexandria New Medical Center Co."", ""sector"": ""Health Services"", ""logoUrl"": ""https://s3-symbol-logo.tradingview.com/alexandria-new-medical-center.svg"", ""peRatio"": null, ""industry"": ""Hospital/Nursing Management"", ""marketCap"": 6701244593.0, ""dividendYield"": null}",2026-01-14 19:04:10.003195+00,
AMES,US,,Egypt,"{""eps"": 0.44, ""name"": null, ""country"": ""Egypt"", ""peRatio"": 53.59, ""currency"": ""EGP"", ""marketCap"": 5464148976.0}",2026-03-04 18:42:54.70985+00,
AMGN,BA,,,"{""eps"": 519.1401, ""name"": ""Amgen Inc. Shs Cert Deposito Arg Repr 0.033333 Shs"", ""sector"": ""Health Technology"", ""peRatio"": 31.883246808329904, ""industry"": ""Biotechnology"", ""marketCap"": 257411183371512.47, ""dividendYield"": 2.9755201}",2026-01-13 21:10:01.686886+00,
AMIA,EGX,Arab Moltaqa Investments Company,,"{""eps"": 0.4372, ""name"": ""Arab Moltaqa Investments Company"", ""sector"": ""Finance"", ""logoUrl"": ""https://s3-symbol-logo.tradingview.com/arab-moltaka-investments-co.svg"", ""peRatio"": 9.773794280836535, ""industry"": ""Finance/Rental/Leasing"", ""marketCap"": 2466055750.0, ""dividendYield"": 2.886598}",2026-01-14 19:04:01.998862+00,
AMIA,US,,Egypt,"{""eps"": 0.92, ""name"": null, ""country"": ""Egypt"", ""peRatio"": 11.9, ""currency"": ""EGP"", ""marketCap"": 2241404762.79}",2026-03-04 18:42:56.574496+00,
AMOC,EGX,Alexandria Mineral Oils Co.,,"{""eps"": 1.0293, ""name"": ""Alexandria Mineral Oils Co."", ""sector"": ""Energy Minerals"", ""logoUrl"": ""https://s3-symbol-logo.tradingview.com/alexandria-mineral-oils-company.svg"", ""peRatio"": 6.645292917516758, ""industry"": ""Oil Refining/Marketing"", ""marketCap"": 8924264803.0, ""dividendYield"": 11.315417}",2026-01-14 19:03:47.264881+00,
AMOC,US,,Egypt,"{""eps"": 0.46, ""name"": null, ""country"": ""Egypt"", ""peRatio"": 5.17, ""currency"": ""EGP"", ""marketCap"": 9724995000.0}",2026-03-04 18:42:58.802847+00,
AMZN,BA,"Amazon.com, Inc. Shs Cert Deposito Arg Repr 0.00694444 Sh",,"{""eps"": 56.9379, ""name"": ""Amazon.com, Inc. Shs Cert Deposito Arg Repr 0.00694444 Sh"", ""sector"": ""Retail Trade"", ""logoUrl"": ""https://s3-symbol-logo.tradingview.com/amazon.svg"", ""peRatio"": 44.71896298467136, ""industry"": ""Internet Retail"", ""marketCap"": 3677092309053778.5, ""dividendYield"": null}",2026-01-16 10:06:23.370631+00,
ANFI,EGX,Alexandria National Co. for Financial Investment,,"{""eps"": 0.7813, ""name"": ""Alexandria National Co. for Financial Investment"", ""sector"": ""Finance"", ""logoUrl"": ""https://s3-symbol-logo.tradingview.com/alexandria-national-company-for-financial-investment.svg"", ""peRatio"": 108.79303724561628, ""industry"": ""Investment Banks/Brokers"", ""marketCap"": 452798511.0, ""dividendYield"": null}",2026-01-14 19:03:56.998519+00,
ANFI,US,,Egypt,"{""eps"": -0.75, ""name"": null, ""country"": ""Egypt"", ""peRatio"": 23.62, ""currency"": ""EGP"", ""marketCap"": 575063500.0}",2026-03-04 18:43:03.66986+00,
APPC,EGX,,,"{""eps"": 0.0, ""name"": null, ""country"": ""Egypt"", ""currency"": ""EGP"", ""marketCap"": 11138478.56}",2026-01-14 17:12:21.251253+00,
APPC,US,,Egypt,"{""eps"": 0.0, ""name"": null, ""country"": ""Egypt"", ""currency"": ""EGP"", ""marketCap"": 10868999.24}",2026-03-04 18:43:07.249929+00,
APSW,EGX,Arab Polvara Spinning & Weaving Co.,,"{""eps"": -0.4048, ""name"": ""Arab Polvara Spinning & Weaving Co."", ""sector"": ""Process Industries"", ""logoUrl"": ""https://s3-symbol-logo.tradingview.com/arab-polvara-spinning-and-weaving-co.svg"", ""peRatio"": null, ""industry"": ""Textiles"", ""marketCap"": 845989626.0, ""dividendYield"": null}",2026-01-14 19:04:10.910925+00,
APSW,US,,Egypt,"{""eps"": -0.44, ""name"": null, ""country"": ""Egypt"", ""peRatio"": -28.6, ""currency"": ""EGP"", ""marketCap"": 749492480.0}",2026-03-04 18:43:10.069371+00,
ARAB,EGX,Arab Developers Holding,,"{""eps"": -0.0019, ""name"": ""Arab Developers Holding"", ""sector"": ""Finance"", ""logoUrl"": ""https://s3-symbol-logo.tradingview.com/arab-developers.svg"", ""peRatio"": null, ""industry"": ""Real Estate Development"", ""marketCap"": 2808398602.0, ""dividendYield"": null}",2026-01-14 19:03:47.034638+00,
ARAB,US,,Egypt,"{""eps"": 0.03, ""name"": null, ""country"": ""Egypt"", ""peRatio"": 6.2, ""currency"": ""EGP"", ""marketCap"": 2947428238.68}",2026-03-04 18:43:12.819523+00,
ARCC,EGX,Arabian Cement Company,,"{""eps"": null, ""name"": ""Arabian Cement Company"", ""sector"": ""Non-Energy Minerals"", ""logoUrl"": ""https://s3-symbol-logo.tradingview.com/arabian-cement-company.svg"", ""peRatio"": null, ""industry"": ""Construction Materials"", ""marketCap"": 18001498219.0, ""dividendYield"": 6.0307693}",2026-01-14 19:03:47.871522+00,
ARCC,US,,Egypt,"{""eps"": 8.61, ""name"": null, ""country"": ""Egypt"", ""peRatio"": 4.49, ""currency"": ""EGP"", ""marketCap"": 18944559794.0}",2026-03-04 18:43:15.440292+00,
AREH,EGX,Egyptian Real Estate Group,,"{""eps"": null, ""name"": ""Egyptian Real Estate Group"", ""sector"": ""Finance"", ""logoUrl"": ""https://s3-symbol-logo.tradingview.com/egyptian-real-estate.svg"", ""peRatio"": null, ""industry"": ""Real Estate Development"", ""marketCap"": 519999981.00000006, ""dividendYield"": null}",2026-01-14 19:03:49.356639+00,
AREH,US,,Egypt,"{""eps"": 0.01, ""name"": null, ""country"": ""Egypt"", ""peRatio"": 588.89, ""currency"": ""EGP"", ""marketCap"": 436000000.0}",2026-03-04 18:43:18.098904+00,
ARM,BA,Arm Holdings Plc ADR Cert Deposito Arg Repr 0.037037037 ADR,,"{""eps"": 1085.635359116022, ""name"": ""Arm Holdings Plc ADR Cert Deposito Arg Repr 0.037037037 ADR"", ""sector"": ""Electronic Technology"", ""logoUrl"": ""https://s3-symbol-logo.tradingview.com/arm.svg"", ""peRatio"": 5.597123410812895, ""industry"": ""Semiconductors"", ""marketCap"": 160561629048640.94, ""dividendYield"": null}",2026-01-20 09:17:48.713921+00,
ARVA,EGX,Arab Valves Co.,,"{""eps"": null, ""name"": ""Arab Valves Co."", ""sector"": ""Producer Manufacturing"", ""logoUrl"": ""https://s3-symbol-logo.tradingview.com/arab-valves-company.svg"", ""peRatio"": null, ""industry"": ""Building Products"", ""marketCap"": 602539945.0, ""dividendYield"": null}",2026-01-14 19:03:50.241614+00,
ARVA,US,,Egypt,"{""eps"": 0.06, ""name"": null, ""country"": ""Egypt"", ""peRatio"": 180.08, ""currency"": ""EGP"", ""marketCap"": 481132692.54}",2026-03-04 18:43:21.382211+00,
ASCM,EGX,ASEC Co. for Mining,,"{""eps"": null, ""name"": ""ASEC Co. for Mining"", ""sector"": ""Non-Energy Minerals"", ""logoUrl"": ""https://s3-symbol-logo.tradingview.com/asek-company-for-mining-ascom.svg"", ""peRatio"": null, ""industry"": ""Construction Materials"", ""marketCap"": 2339700050.0, ""dividendYield"": null}",2026-01-14 19:03:54.508159+00,
ASCM,US,,Egypt,"{""eps"": 13.47, ""name"": null, ""country"": ""Egypt"", ""peRatio"": -20.75, ""currency"": ""EGP"", ""marketCap"": 1973500000.0}",2026-03-04 18:43:23.484169+00,
ASPI,EGX,Aspire Capital Holding for Financial Investments,,"{""eps"": null, ""name"": ""Aspire Capital Holding for Financial Investments"", ""sector"": ""Finance"", ""logoUrl"": ""https://s3-symbol-logo.tradingview.com/aspire-capital-for-financial-investments.svg"", ""peRatio"": null, ""industry"": ""Investment Banks/Brokers"", ""marketCap"": 596548048.0, ""dividendYield"": null}",2026-01-14 19:03:53.885515+00,
ASPI,US,,Egypt,"{""eps"": 0.04, ""name"": null, ""country"": ""Egypt"", ""peRatio"": 12.13, ""currency"": ""EGP"", ""marketCap"": 550000000.0}",2026-03-04 18:43:26.131298+00,
ATLC,EGX,Al Tawfeek Leasing Company-A.T.LEASE,,"{""eps"": null, ""name"": ""Al Tawfeek Leasing Company-A.T.LEASE"", ""sector"": ""Finance"", ""logoUrl"": ""https://s3-symbol-logo.tradingview.com/rights-issue-of-al-tawfeek-leasing-company-atlease-1.svg"", ""peRatio"": null, ""industry"": ""Real Estate Development"", ""marketCap"": 1620000076.0, ""dividendYield"": 11.547911}",2026-01-14 19:03:52.37453+00,
ATLC,US,,Egypt,"{""eps"": 0.74, ""name"": null, ""country"": ""Egypt"", ""peRatio"": 4.91, ""currency"": ""EGP"", ""marketCap"": 1676000000.0}",2026-03-04 18:43:28.58148+00,
ATQA,EGX,Misr National Steel,,"{""eps"": null, ""name"": ""Misr National Steel"", ""sector"": ""Non-Energy Minerals"", ""logoUrl"": ""https://s3-symbol-logo.tradingview.com/misr-national-steel-ataqa.svg"", ""peRatio"": null, ""industry"": ""Steel"", ""marketCap"": 11639999771.0, ""dividendYield"": null}",2026-01-14 19:03:50.838129+00,
ATQA,US,,Egypt,"{""eps"": -1.45, ""name"": null, ""country"": ""Egypt"", ""peRatio"": 5.76, ""currency"": ""EGP"", ""marketCap"": 9600000000.0}",2026-03-04 18:43:31.595559+00,
AUSO,BA,,,"{""eps"": 742.8688, ""name"": ""Autopistas del Sol SA Class D"", ""sector"": ""Transportation"", ""peRatio"": 4.980691072232405, ""industry"": ""Other Transportation"", ""marketCap"": 330998428668.0, ""dividendYield"": null}",2026-01-13 21:10:01.469083+00,
AXP,BA,,,"{""eps"": 1139.8311, ""name"": ""American Express Co Shs Cert Deposito Arg Repr 0.066666666 Shs"", ""sector"": ""Finance"", ""peRatio"": 32.173607450360215, ""industry"": ""Finance/Rental/Leasing"", ""marketCap"": 363735907171806.2, ""dividendYield"": 0.87616944}",2026-01-13 21:10:00.930788+00,
AXPH,EGX,Alexandria Company for Pharmaceuticals and Chemical Industries,,"{""eps"": null, ""name"": ""Alexandria Company for Pharmaceuticals and Chemical Industries"", ""sector"": ""Health Technology"", ""logoUrl"": ""https://s3-symbol-logo.tradingview.com/alexandria-pharmaceuticals.svg"", ""peRatio"": null, ""industry"": ""Pharmaceuticals: Major"", ""marketCap"": 3985599976.0, ""dividendYield"": 7.8687506}",2026-01-14 19:04:12.243293+00,
AXPH,US,,Egypt,"{""eps"": 42.87, ""name"": null, ""country"": ""Egypt"", ""peRatio"": 6.19, ""currency"": ""EGP"", ""marketCap"": 4015050000.0}",2026-03-04 18:43:37.130727+00,
BA,BA,,,"{""eps"": -674.5877, ""name"": ""Boeing Company Shs Cert Deposito Arg Repr 0.041666667 Shs"", ""sector"": ""Electronic Technology"", ""peRatio"": null, ""industry"": ""Aerospace & Defense"", ""marketCap"": 275753758121879.56, ""dividendYield"": null}",2026-01-13 21:10:01.233728+00,
BABA,BA,,,"{""eps"": 115.838, ""name"": ""Alibaba Group Holding Limited ADS Cert Deposito Arg Repr 1/9 ADS"", ""sector"": ""Retail Trade"", ""peRatio"": 253.85755631796016, ""industry"": ""Internet Retail"", ""marketCap"": 554869911397532.44, ""dividendYield"": 0.54806024}",2026-01-13 21:10:03.866668+00,
BB,BA,BlackBerry Ltd Shs Cert Deposito Arg Repr 0.3333 Shs,,"{""eps"": 11.2916, ""name"": ""BlackBerry Ltd Shs Cert Deposito Arg Repr 0.3333 Shs"", ""sector"": ""Technology Services"", ""logoUrl"": ""https://s3-symbol-logo.tradingview.com/blackberry.svg"", ""peRatio"": 174.0845476323421, ""industry"": ""Packaged Software"", ""marketCap"": 3274331343334.7637, ""dividendYield"": null}",2026-01-20 09:17:49.924691+00,
BBAR,BA,,,"{""eps"": 410.8508, ""name"": ""Banco BBVA Argentina SA"", ""sector"": ""Finance"", ""peRatio"": 23.025390238987, ""industry"": ""Major Banks"", ""marketCap"": 5940224254761.0, ""dividendYield"": 0.0}",2026-01-13 21:10:04.088489+00,
BBD,BA,,,"{""eps"": 405.9507, ""name"": ""Banco Bradesco SA ADR"", ""sector"": ""Finance"", ""peRatio"": 12.760170138886323, ""industry"": ""Major Banks"", ""marketCap"": 49121249802384.73, ""dividendYield"": 0.0}",2026-01-13 21:10:04.568131+00,
BHIP,BA,,,"{""eps"": 25.221, ""name"": ""Banco Hipotecario SA Class D"", ""sector"": ""Finance"", ""peRatio"": 19.467903731017802, ""industry"": ""Major Banks"", ""marketCap"": 772538041239.0, ""dividendYield"": 0.0}",2026-01-13 21:10:04.336833+00,
BHP,BA,,,"{""eps"": 2176.510573493976, ""name"": ""BHP Group Ltd Shs Cert Deposito Arg Repr 0.5 ADR"", ""sector"": ""Non-Energy Minerals"", ""peRatio"": 22.640303730539493, ""industry"": ""Steel"", ""marketCap"": 232627981838661.44, ""dividendYield"": 3.6770756}",2026-01-13 21:10:09.481694+00,
BIDU,BA,,,"{""eps"": 603.8746754143646, ""name"": ""Baidu, Inc. ADR Cert Deposito Arg Repr 1/11 ADR"", ""sector"": ""Technology Services"", ""peRatio"": 38.538927213451636, ""industry"": ""Internet Software/Services"", ""marketCap"": 74926638001773.75, ""dividendYield"": null}",2026-01-13 21:10:08.908251+00,
BINV,EGX,B Investments Holding SAE,,"{""eps"": null, ""name"": ""B Investments Holding SAE"", ""sector"": ""Finance"", ""logoUrl"": ""https://s3-symbol-logo.tradingview.com/b-investments.svg"", ""peRatio"": null, ""industry"": ""Investment Managers"", ""marketCap"": 8002996136.0, ""dividendYield"": 3.203319}",2026-01-14 19:03:57.631204+00,
BINV,US,,Egypt,"{""eps"": 1.4, ""name"": null, ""country"": ""Egypt"", ""peRatio"": 5.08, ""currency"": ""EGP"", ""marketCap"": 8210440753.6}",2026-03-04 18:43:40.180625+00,
BIOC,EGX,GlaxoSmithKline S.A.E.,,"{""eps"": null, ""name"": ""GlaxoSmithKline S.A.E."", ""sector"": ""Health Technology"", ""logoUrl"": ""https://s3-symbol-logo.tradingview.com/glaxosmithkline.svg"", ""peRatio"": null, ""industry"": ""Pharmaceuticals: Major"", ""marketCap"": 5139464310.0, ""dividendYield"": 1.6194333}",2026-01-14 19:04:09.498325+00,
BIOC,US,,Egypt,"{""eps"": 3.26, ""name"": null, ""country"": ""Egypt"", ""peRatio"": 56.63, ""currency"": ""EGP"", ""marketCap"": 4960743480.0}",2026-03-04 18:43:43.401773+00,
BMA,BA,,,"{""eps"": 453.6235, ""name"": ""Banco Macro SA Class B"", ""sector"": ""Finance"", ""peRatio"": 31.34758230118149, ""industry"": ""Major Banks"", ""marketCap"": 9207011816330.0, ""dividendYield"": 2.7193775}",2026-01-13 21:10:08.711963+00,
BOLT,BA,,,"{""eps"": -2.4642, ""name"": ""Boldt SA"", ""sector"": ""Communications"", ""peRatio"": null, ""industry"": ""Specialty Telecommunications"", ""marketCap"": 136742734934.99998, ""dividendYield"": null}",2026-01-13 21:10:09.789529+00,
BONY,EGX,Bonyan for Development and Trade,,"{""eps"": null, ""name"": ""Bonyan for Development and Trade"", ""sector"": ""Finance"", ""logoUrl"": ""https://s3-symbol-logo.tradingview.com/bonyan-for-development-and-trade.svg"", ""peRatio"": null, ""industry"": ""Real Estate Development"", ""marketCap"": 6086720110.0, ""dividendYield"": null}",2026-01-20 09:16:57.574846+00,
BONY,US,,Egypt,"{""eps"": 1.47, ""name"": null, ""country"": ""Egypt"", ""currency"": ""EGP"", ""marketCap"": 6510820323.32}",2026-03-04 18:43:46.727495+00,
BPAT,BA,,,"{""eps"": 167.096, ""name"": ""Banco Patagonia SA Class B"", ""sector"": ""Finance"", ""peRatio"": 16.158376023363815, ""industry"": ""Major Banks"", ""marketCap"": 1935926572266.0, ""dividendYield"": 0.5871738}",2026-01-13 21:10:09.156403+00,
BRKB,BA,,,"{""eps"": 1680.0338, ""name"": ""Berkshire Hathaway Inc. Shs B Cert Deposito Arg Repr 0.0454545 Sh B"", ""sector"": ""Finance"", ""peRatio"": 20.487683045424443, ""industry"": ""Property/Casualty Insurance"", ""marketCap"": 1579621838627019.0, ""dividendYield"": null}",2026-01-13 21:10:12.579854+00,
BRKBD,BA,Berkshire Hathaway Inc. Shs B Cert Deposito Arg Repr 0.0454545 Sh B,,"{""eps"": 1680.0338004704097, ""name"": ""Berkshire Hathaway Inc. Shs B Cert Deposito Arg Repr 0.0454545 Sh B"", ""sector"": ""Finance"", ""logoUrl"": ""https://s3-symbol-logo.tradingview.com/berkshire-hathaway.svg"", ""peRatio"": 19.114650948396566, ""industry"": ""Property/Casualty Insurance"", ""marketCap"": 1523058786951662.5, ""dividendYield"": null}",2026-01-20 09:17:50.137023+00,
BSBR,BA,,,"{""eps"": 322.3366, ""name"": ""Banco Santander (Brasil) S.A. ADR"", ""sector"": ""Finance"", ""peRatio"": 29.689461265025443, ""industry"": ""Major Banks"", ""marketCap"": 34701220402974.45, ""dividendYield"": 0.0}",2026-01-13 21:10:12.854447+00,
BTFH,EGX,Beltone Holding,,"{""eps"": null, ""name"": ""Beltone Holding"", ""sector"": ""Finance"", ""logoUrl"": ""https://s3-symbol-logo.tradingview.com/belton-financial.svg"", ""peRatio"": null, ""industry"": ""Investment Banks/Brokers"", ""marketCap"": 34297944260.999996, ""dividendYield"": null}",2026-01-14 19:03:42.019666+00,
BTFH,US,,Egypt,"{""eps"": -0.26, ""name"": null, ""country"": ""Egypt"", ""peRatio"": -12.03, ""currency"": ""EGP"", ""marketCap"": 31511234415.36}",2026-03-04 18:43:49.847386+00,
BYMA,BA,,,"{""eps"": 23.314, ""name"": ""Bolsas y Mercados Argentinos SA"", ""sector"": ""Finance"", ""peRatio"": 13.747104743930686, ""industry"": ""Investment Banks/Brokers"", ""marketCap"": 2459062500000.0, ""dividendYield"": 2998.459}",2026-01-13 21:10:12.370159+00,
CADO,BA,,,"{""eps"": 16.665, ""name"": ""Carlos Casado SA"", ""sector"": ""Finance"", ""peRatio"": 34.20342034203421, ""industry"": ""Real Estate Development"", ""marketCap"": 68846685663.0, ""dividendYield"": null}",2026-01-13 21:10:19.477528+00,
CAED,EGX,Cairo Educational Services,,"{""eps"": null, ""name"": ""Cairo Educational Services"", ""sector"": ""Consumer Services"", ""logoUrl"": ""https://s3-symbol-logo.tradingview.com/cairo-educational-services.svg"", ""peRatio"": null, ""industry"": ""Other Consumer Services"", ""marketCap"": 808199982.0, ""dividendYield"": 2.0497804}",2026-01-14 19:04:10.678916+00,
CAED,US,,Egypt,"{""eps"": 2.28, ""name"": null, ""country"": ""Egypt"", ""peRatio"": 16.97, ""currency"": ""EGP"", ""marketCap"": 646560000.0}",2026-03-04 18:43:52.047667+00,
CANA,EGX,Suez Canal Bank SAE,,"{""eps"": 8.62, ""name"": ""Suez Canal Bank SAE"", ""sector"": ""Finance"", ""logoUrl"": ""https://s3-symbol-logo.tradingview.com/suez-canal-bank-sae.svg"", ""peRatio"": 4.640371229698376, ""industry"": ""Regional Banks"", ""marketCap"": 26650000000.0, ""dividendYield"": null}",2026-01-14 19:04:04.702504+00,
CANA,US,,Egypt,"{""eps"": 8.44, ""name"": null, ""country"": ""Egypt"", ""peRatio"": 3.1, ""currency"": ""EGP"", ""marketCap"": 25935000000.0}",2026-03-04 18:43:55.301127+00,
CAPX,BA,,,"{""eps"": -345.5506, ""name"": ""Capex SA Class A"", ""sector"": ""Utilities"", ""peRatio"": null, ""industry"": ""Electric Utilities"", ""marketCap"": 908001496887.0, ""dividendYield"": null}",2026-01-13 21:10:19.238849+00,
CARC,BA,,,"{""eps"": 1.0395, ""name"": ""Carboclor SA"", ""sector"": ""Transportation"", ""peRatio"": 27.320827320827316, ""industry"": ""Other Transportation"", ""marketCap"": 31329620816.0, ""dividendYield"": null}",2026-01-13 21:10:19.711906+00,
CCAP,EGX,QALA For Financial Investments,,"{""eps"": null, ""name"": ""QALA For Financial Investments"", ""sector"": ""Finance"", ""logoUrl"": ""https://s3-symbol-logo.tradingview.com/citadel-capital-common-shares.svg"", ""peRatio"": null, ""industry"": ""Investment Managers"", ""marketCap"": 4765358334.0, ""dividendYield"": null}",2026-01-14 19:03:41.60225+00,
CCAP,US,,Egypt,"{""eps"": 1.17, ""name"": null, ""country"": ""Egypt"", ""peRatio"": -0.59, ""currency"": ""EGP"", ""marketCap"": 12168682391.58}",2026-03-04 18:43:58.522211+00,
CCRS,EGX,Gulf Canadian Real Estate Investment Co.,,"{""eps"": null, ""name"": ""Gulf Canadian Real Estate Investment Co."", ""sector"": ""Finance"", ""logoUrl"": ""https://s3-symbol-logo.tradingview.com/gulf-canadian-real-estate-investment-co.svg"", ""peRatio"": null, ""industry"": ""Real Estate Development"", ""marketCap"": 283500005.0, ""dividendYield"": null}",2026-01-14 19:03:57.210598+00,
CCRS,US,,Egypt,"{""eps"": -0.31, ""name"": null, ""country"": ""Egypt"", ""peRatio"": -3081.97, ""currency"": ""EGP"", ""marketCap"": 270900000.0}",2026-03-04 18:44:01.857496+00,
CECO2,BA,,,"{""eps"": 20.1904, ""name"": ""Enel Generacion Costanera SA"", ""sector"": ""Utilities"", ""peRatio"": 22.188762976464062, ""industry"": ""Electric Utilities"", ""marketCap"": 320808700317.0, ""dividendYield"": null}",2026-01-13 21:10:18.612076+00,
CEFM,EGX,Middle Egypt Flour Mills,,"{""eps"": null, ""name"": ""Middle Egypt Flour Mills"", ""sector"": ""Process Industries"", ""logoUrl"": ""https://s3-symbol-logo.tradingview.com/middle-egypt-flour-mills.svg"", ""peRatio"": null, ""industry"": ""Agricultural Commodities/Milling"", ""marketCap"": 1473029664.0, ""dividendYield"": 4.914971}",2026-01-14 19:04:11.995805+00,
CEFM,US,,Egypt,"{""eps"": 7.14, ""name"": null, ""country"": ""Egypt"", ""peRatio"": 6.39, ""currency"": ""EGP"", ""marketCap"": 1239671127.0}",2026-03-04 18:44:03.590649+00,
CELU,BA,,,"{""eps"": null, ""name"": ""Celulosa Argentina S.A."", ""sector"": ""Process Industries"", ""peRatio"": null, ""industry"": ""Pulp & Paper"", ""marketCap"": 43100608372.0, ""dividendYield"": 0.09696487}",2026-01-13 21:10:25.237343+00,
CEPU,BA,,,"{""eps"": 187.2856, ""name"": ""Central Puerto SA"", ""sector"": ""Utilities"", ""peRatio"": 13.6022203522321, ""industry"": ""Electric Utilities"", ""marketCap"": 3853186541748.0, ""dividendYield"": null}",2026-01-13 21:10:24.35897+00,
CERA,EGX,Arab Ceramic Co. - Ceramica Remas,,"{""eps"": 0.0256, ""name"": ""Arab Ceramic Co. - Ceramica Remas"", ""sector"": ""Producer Manufacturing"", ""logoUrl"": ""https://s3-symbol-logo.tradingview.com/the-arab-ceramic-co-ceramica-remas.svg"", ""peRatio"": 46.48437499999999, ""industry"": ""Building Products"", ""marketCap"": 1315312531.0, ""dividendYield"": null}",2026-01-14 19:03:58.464741+00,
CERA,US,,Egypt,"{""eps"": 0.04, ""name"": null, ""country"": ""Egypt"", ""peRatio"": 18.74, ""currency"": ""EGP"", ""marketCap"": 1132031250.0}",2026-03-04 18:44:05.511018+00,
CFGH,EGX,Concrete Fashion Group for Commercial and Industrial Investments S.A.E,,"{""eps"": null, ""name"": ""Concrete Fashion Group for Commercial and Industrial Investments S.A.E"", ""sector"": ""Retail Trade"", ""logoUrl"": ""https://s3-symbol-logo.tradingview.com/al-arafa-for-investment-and-consultancies.svg"", ""peRatio"": null, ""industry"": ""Apparel/Footwear Retail"", ""marketCap"": 2596195426.8864307, ""dividendYield"": null}",2026-01-14 19:04:15.538777+00,
CFGH,US,,Egypt,"{""eps"": 0.05, ""name"": null, ""country"": ""Egypt"", ""peRatio"": 2.16, ""currency"": ""EGP"", ""marketCap"": 49376250.0}",2026-03-04 18:44:09.597369+00,
CGPA2,BA,,,"{""eps"": 204.1963, ""name"": ""Camuzzi Gas Pampeana SA Class B"", ""sector"": ""Utilities"", ""peRatio"": 12.904249489339424, ""industry"": ""Gas Distributors"", ""marketCap"": 419700820297.0, ""dividendYield"": 13.42295}",2026-01-13 21:10:25.528637+00,
CIBR,BA,First Trust NASDAQ Cybersecurity ETF DR,,"{""eps"": null, ""name"": ""First Trust NASDAQ Cybersecurity ETF DR"", ""sector"": null, ""logoUrl"": ""https://s3-symbol-logo.tradingview.com/first-trust.svg"", ""peRatio"": null, ""industry"": null, ""marketCap"": null, ""dividendYield"": 0.002102914}",2026-01-20 09:17:52.019776+00,
CICH,EGX,CI Capital Holding for Financial Investments,,"{""eps"": 1.8275, ""name"": ""CI Capital Holding for Financial Investments"", ""sector"": ""Finance"", ""logoUrl"": ""https://s3-symbol-logo.tradingview.com/ci-capital-for-financial-investments.svg"", ""peRatio"": 4.651162790697675, ""industry"": ""Finance/Rental/Leasing"", ""marketCap"": 8770000458.0, ""dividendYield"": 7.9817557}",2026-01-14 19:04:07.700908+00,
CICH,US,,Egypt,"{""eps"": 2.47, ""name"": null, ""country"": ""Egypt"", ""peRatio"": 4.23, ""currency"": ""EGP"", ""marketCap"": 10300000000.0}",2026-03-04 18:44:12.648391+00,
CIEB,EGX,Credit Agricole Egypt,,"{""eps"": 5.6709, ""name"": ""Credit Agricole Egypt"", ""sector"": ""Finance"", ""logoUrl"": ""https://s3-symbol-logo.tradingview.com/credit-agricole-egypt.svg"", ""peRatio"": 4.240949408383149, ""industry"": ""Major Banks"", ""marketCap"": 30000000000.0, ""dividendYield"": 13.43409}",2026-01-14 19:03:51.282336+00,
CIRA,EGX,Cairo For Investment And Real Estate Developments -CIRA Education,,"{""eps"": 0.6036, ""name"": ""Cairo For Investment And Real Estate Developments -CIRA Education"", ""sector"": ""Consumer Services"", ""logoUrl"": ""https://s3-symbol-logo.tradingview.com/cairo-for-investment-and-real-estate-development.svg"", ""peRatio"": 28.661365142478463, ""industry"": ""Other Consumer Services"", ""marketCap"": 9464514066.0, ""dividendYield"": 2.034238}",2026-01-20 09:17:05.034761+00,
CIRA,US,,Egypt,"{""eps"": 1.29, ""name"": null, ""country"": ""Egypt"", ""peRatio"": 11.06, ""currency"": ""EGP"", ""marketCap"": 9598556652.75}",2026-03-04 18:44:17.160265+00,
CLHO,EGX,Cleopatra Hospital Company,,"{""eps"": null, ""name"": ""Cleopatra Hospital Company"", ""sector"": ""Health Services"", ""logoUrl"": ""https://s3-symbol-logo.tradingview.com/cleopatra-hospital-company.svg"", ""peRatio"": null, ""industry"": ""Hospital/Nursing Management"", ""marketCap"": 18336077410.0, ""dividendYield"": null}",2026-01-14 19:04:08.390098+00,
CLHO,US,,Egypt,"{""eps"": 0.69, ""name"": null, ""country"": ""Egypt"", ""peRatio"": 16.46, ""currency"": ""EGP"", ""marketCap"": 18718372928.85}",2026-03-04 18:44:26.998408+00,
CNFN,EGX,Contact Financial Holding SAE,,"{""eps"": null, ""name"": ""Contact Financial Holding SAE"", ""sector"": ""Finance"", ""logoUrl"": ""https://s3-symbol-logo.tradingview.com/contact-financial.svg"", ""peRatio"": null, ""industry"": ""Finance/Rental/Leasing"", ""marketCap"": 5769414881.0, ""dividendYield"": null}",2026-01-14 19:04:06.423758+00,
CNFN,US,,Egypt,"{""eps"": 0.0, ""name"": null, ""country"": ""Egypt"", ""peRatio"": 7.9, ""currency"": ""EGP"", ""marketCap"": 4728047300.0}",2026-03-04 18:44:28.812536+00,
COIN,BA,,,"{""eps"": 519.1029, ""name"": ""Coinbase Global, Inc. Shs A Cert Deposito Arg Repr 0.037037037 Sh"", ""sector"": ""Finance"", ""peRatio"": 30.235765222970333, ""industry"": ""Investment Banks/Brokers"", ""marketCap"": 85535165405405.4, ""dividendYield"": null}",2026-01-13 21:10:24.670664+00,
COME,BA,,,"{""eps"": -9.0119, ""name"": ""Sociedad Comercial del Plata SA"", ""sector"": ""Industrial Services"", ""peRatio"": null, ""industry"": ""Contract Drilling"", ""marketCap"": 170597852944.0, ""dividendYield"": 1.2778106}",2026-01-13 21:10:24.922117+00,
COMI,EGX,Commercial International Bank - Egypt (CIB) S.A.E.,,"{""eps"": 20.4638, ""name"": ""Commercial International Bank - Egypt (CIB) S.A.E."", ""sector"": ""Finance"", ""logoUrl"": ""https://s3-symbol-logo.tradingview.com/commercial-international-bank-egypt.svg"", ""peRatio"": 5.804753242527767, ""industry"": ""Regional Banks"", ""marketCap"": 406467049296.0, ""dividendYield"": 1.9745439}",2026-01-14 19:03:41.389502+00,
COMI,US,,Egypt,"{""eps"": 21.77, ""name"": null, ""country"": ""Egypt"", ""peRatio"": 3.86, ""currency"": ""EGP"", ""marketCap"": 373108396500.0}",2026-03-04 18:44:31.271255+00,
COPR,EGX,Cooper for Commercial Investment & Real Estate Development,,"{""eps"": null, ""name"": ""Cooper for Commercial Investment & Real Estate Development"", ""sector"": ""Finance"", ""logoUrl"": ""https://s3-symbol-logo.tradingview.com/national-real-estate-bank-for-development.svg"", ""peRatio"": null, ""industry"": ""Real Estate Development"", ""marketCap"": 504525536.0, ""dividendYield"": null}",2026-01-14 19:03:50.0297+00,
COPR,US,,Egypt,"{""eps"": 0.0, ""name"": null, ""country"": ""Egypt"", ""peRatio"": -65.79, ""currency"": ""EGP"", ""marketCap"": 156613137.12}",2026-03-04 18:44:34.379187+00,
COSG,EGX,Cairo Oils & Soap,,"{""eps"": null, ""name"": ""Cairo Oils & Soap"", ""sector"": ""Consumer Non-Durables"", ""logoUrl"": ""https://s3-symbol-logo.tradingview.com/cairo-oils-and-soap.svg"", ""peRatio"": null, ""industry"": ""Household/Personal Care"", ""marketCap"": 917280018.0, ""dividendYield"": null}",2026-01-14 19:03:48.294894+00,
COSG,US,,Egypt,"{""eps"": -0.04, ""name"": null, ""country"": ""Egypt"", ""peRatio"": 20.51, ""currency"": ""EGP"", ""marketCap"": 823680000.0}",2026-03-04 18:44:37.337315+00,
CPCI,EGX,Kahira Pharmaceuticals & Chemical Industries Co.,,"{""eps"": null, ""name"": ""Kahira Pharmaceuticals & Chemical Industries Co."", ""sector"": ""Health Technology"", ""logoUrl"": ""https://s3-symbol-logo.tradingview.com/cairo-pharmaceuticals.svg"", ""peRatio"": null, ""industry"": ""Pharmaceuticals: Major"", ""marketCap"": 3996737314.0, ""dividendYield"": 6.263563}",2026-01-14 19:04:06.639038+00,
CPCI,US,,Egypt,"{""eps"": 38.48, ""name"": null, ""country"": ""Egypt"", ""peRatio"": 7.49, ""currency"": ""EGP"", ""marketCap"": 3778396875.0}",2026-03-04 18:44:40.168248+00,
CPME,US,,Egypt,"{""eps"": 0.0, ""name"": null, ""country"": ""Egypt"", ""currency"": ""EGP"", ""marketCap"": 398090000.0}",2026-03-04 18:44:42.011942+00,
CRE3W,BA,,,"{""eps"": 332.9853, ""name"": ""Cresud SA Warrant 2021-08.03.26 on Cresud"", ""sector"": ""Process Industries"", ""peRatio"": 7.174493799604139, ""industry"": ""Agricultural Commodities/Milling"", ""marketCap"": 1261863669373.0, ""dividendYield"": null}",2026-01-13 21:10:30.03679+00,
CRES,BA,,,"{""eps"": 332.9853, ""name"": ""Cresud SA"", ""sector"": ""Process Industries"", ""peRatio"": 7.524469106901902, ""industry"": ""Agricultural Commodities/Milling"", ""marketCap"": 1261863669373.0, ""dividendYield"": 3.8257856}",2026-01-13 21:10:29.238351+00,
CRST,EGX,Creast Mark For Contracting And Real Estate Development,,"{""eps"": null, ""name"": ""Creast Mark For Contracting And Real Estate Development"", ""sector"": ""Industrial Services"", ""logoUrl"": ""https://s3-symbol-logo.tradingview.com/the-egyptian-company-for-construction-development-lift-slab.svg"", ""peRatio"": null, ""industry"": ""Engineering & Construction"", ""marketCap"": 605033656.0, ""dividendYield"": null}",2026-01-20 09:17:05.559749+00,
CRST,US,,Egypt,"{""eps"": 0.04, ""name"": null, ""country"": ""Egypt"", ""peRatio"": 8.95, ""currency"": ""EGP"", ""marketCap"": 308690659.2}",2026-03-04 18:44:45.033121+00,
CSAG,EGX,Canal Shipping Agencies Co.,,"{""eps"": null, ""name"": ""Canal Shipping Agencies Co."", ""sector"": ""Transportation"", ""logoUrl"": ""https://s3-symbol-logo.tradingview.com/canal-shipping-agencies.svg"", ""peRatio"": null, ""industry"": ""Marine Shipping"", ""marketCap"": 9668999863.0, ""dividendYield"": 8.850837}",2026-01-14 19:04:02.203723+00,
CSAG,US,,Egypt,"{""eps"": 11.56, ""name"": null, ""country"": ""Egypt"", ""peRatio"": 66.39, ""currency"": ""EGP"", ""marketCap"": 7767000000.0}",2026-03-04 18:44:46.760081+00,
CTIO,BA,,,"{""eps"": 73.7146, ""name"": ""Consultatio SA"", ""sector"": ""Finance"", ""peRatio"": 29.912663163064032, ""industry"": ""Real Estate Development"", ""marketCap"": 922290092468.0, ""dividendYield"": 2.8732822}",2026-01-13 21:10:29.482953+00,
CVH,BA,,,"{""eps"": -524.1178, ""name"": ""Cablevision Holding SA Class B"", ""sector"": ""Communications"", ""peRatio"": null, ""industry"": ""Specialty Telecommunications"", ""marketCap"": 1354819328262.0, ""dividendYield"": null}",2026-01-13 21:10:29.789111+00,
CVX,BA,,,"{""eps"": 502.5126, ""name"": ""Chevron Corporation Shs Cert Deposito Arg Repr 0.0625 Shs"", ""sector"": ""Energy Minerals"", ""peRatio"": 31.35767967550993, ""industry"": ""Integrated Oil"", ""marketCap"": 479992790333333.3, ""dividendYield"": 2.6206741}",2026-01-13 21:10:29.026901+00,
DAPH,EGX,Development & Engineering Consultants,,"{""eps"": 0.3163, ""name"": ""Development & Engineering Consultants"", ""sector"": ""Finance"", ""logoUrl"": ""https://s3-symbol-logo.tradingview.com/development-and-engineering-consultants.svg"", ""peRatio"": 251.88112551375275, ""industry"": ""Real Estate Development"", ""marketCap"": 1950712631.0, ""dividendYield"": null}",2026-01-14 19:03:52.822472+00,
DAPH,US,,Egypt,"{""eps"": 0.38, ""name"": null, ""country"": ""Egypt"", ""peRatio"": -139.58, ""currency"": ""EGP"", ""marketCap"": 1721369232.0}",2026-03-04 18:44:48.493105+00,
DCRC,EGX,,,"{""eps"": 4.83, ""name"": null, ""country"": ""Egypt"", ""peRatio"": 3.83, ""currency"": ""EGP"", ""marketCap"": 1132196009.0}",2026-01-14 17:12:21.266646+00,
DCRC,US,,Egypt,"{""eps"": 4.83, ""name"": null, ""country"": ""Egypt"", ""peRatio"": 3.83, ""currency"": ""EGP"", ""marketCap"": 1178408091.0}",2026-03-04 18:44:50.192804+00,
DEIN,EGX,Delta Insurance,,"{""eps"": 6.3878, ""name"": ""Delta Insurance"", ""sector"": ""Finance"", ""logoUrl"": ""https://s3-symbol-logo.tradingview.com/delta-insurance.svg"", ""peRatio"": 1.7815210244528632, ""industry"": ""Property/Casualty Insurance"", ""marketCap"": 1422500014.0, ""dividendYield"": 14.059753}",2026-01-14 19:04:17.140125+00,
DEIN,US,,Egypt,"{""eps"": 5.2, ""name"": null, ""country"": ""Egypt"", ""peRatio"": 1.07, ""currency"": ""EGP"", ""marketCap"": 1706250000.0}",2026-03-04 18:44:52.146393+00,
DGCU2,BA,,,"{""eps"": 240.9994, ""name"": ""Distribuidora de Gas Cuyana SA Class B"", ""sector"": ""Utilities"", ""peRatio"": 7.759355417482367, ""industry"": ""Gas Distributors"", ""marketCap"": 389526239388.0, ""dividendYield"": 10.268884}",2026-01-13 21:10:32.033851+00,
DGTZ,EGX,,,"{""eps"": 0.27, ""name"": null, ""country"": ""Egypt"", ""peRatio"": 17.58, ""currency"": ""EGP"", ""marketCap"": 455760000.0}",2026-01-14 17:12:28.013018+00,
DGTZ,US,,Egypt,"{""eps"": 0.27, ""name"": null, ""country"": ""Egypt"", ""peRatio"": 17.58, ""currency"": ""EGP"", ""marketCap"": 330480000.0}",2026-03-04 18:44:54.1714+00,
DISN,BA,,,"{""eps"": 3128.4221, ""name"": ""Walt Disney Company Shs Cert Deposito Arg Repr 0.083333333 Shs"", ""sector"": ""Consumer Services"", ""peRatio"": 4.579938643575479, ""industry"": ""Movies/Entertainment"", ""marketCap"": 295765468343612.4, ""dividendYield"": 0.55208814}",2026-01-13 21:10:31.829916+00,
DOME,BA,,,"{""eps"": -28.1764, ""name"": ""Domec S.A."", ""sector"": ""Consumer Durables"", ""peRatio"": null, ""industry"": ""Electronics/Appliances"", ""marketCap"": 8659999847.0, ""dividendYield"": null}",2026-01-13 21:10:32.276481+00,
DOMT,EGX,Arabian Food Industries Co.,,"{""eps"": 0.5978, ""name"": ""Arabian Food Industries Co."", ""sector"": ""Consumer Non-Durables"", ""logoUrl"": ""https://s3-symbol-logo.tradingview.com/arabian-food-industries-domty.svg"", ""peRatio"": 41.98728671796588, ""industry"": ""Food: Meat/Fish/Dairy"", ""marketCap"": 7220652162.0, ""dividendYield"": 3.2730076}",2026-01-14 19:04:05.544044+00,
DOMT,US,,Egypt,"{""eps"": 1.32, ""name"": null, ""country"": ""Egypt"", ""peRatio"": 11.66, ""currency"": ""EGP"", ""marketCap"": 6802391288.65}",2026-03-04 18:44:57.272647+00,
DSCW,EGX,Dice Sports & Casual Wear Manufacturers SAE,,"{""eps"": null, ""name"": ""Dice Sports & Casual Wear Manufacturers SAE"", ""sector"": ""Consumer Non-Durables"", ""logoUrl"": ""https://s3-symbol-logo.tradingview.com/dice-sport-and-casual-wear.svg"", ""peRatio"": null, ""industry"": ""Apparel/Footwear"", ""marketCap"": 4609543807.0, ""dividendYield"": null}",2026-01-14 19:03:46.585378+00,
DSCW,US,,Egypt,"{""eps"": 0.23, ""name"": null, ""country"": ""Egypt"", ""peRatio"": 13.38, ""currency"": ""EGP"", ""marketCap"": 4502344847.28}",2026-03-04 18:44:59.981126+00,
DTPP,EGX,Delta for Printing & Packaging,,"{""eps"": 10.7171, ""name"": ""Delta for Printing & Packaging"", ""sector"": ""Process Industries"", ""logoUrl"": ""https://s3-symbol-logo.tradingview.com/delta-for-printing-and-packaging.svg"", ""peRatio"": 9.516566981739462, ""industry"": ""Containers/Packaging"", ""marketCap"": 576631997.0, ""dividendYield"": 8.232711}",2026-01-14 19:03:55.63536+00,
DTPP,US,,Egypt,"{""eps"": 15.05, ""name"": null, ""country"": ""Egypt"", ""peRatio"": 7.29, ""currency"": ""EGP"", ""marketCap"": 544432000.0}",2026-03-04 18:45:02.244062+00,
EALR,EGX,El Arabia for Land Reclamation,,"{""eps"": null, ""name"": ""El Arabia for Land Reclamation"", ""sector"": ""Finance"", ""logoUrl"": ""https://s3-symbol-logo.tradingview.com/el-arabia-for-land-reclamation.svg"", ""peRatio"": null, ""industry"": ""Real Estate Development"", ""marketCap"": 1853487945.0, ""dividendYield"": null}",2026-01-14 19:04:02.626379+00,
EALR,US,,Egypt,"{""eps"": 1.06, ""name"": null, ""country"": ""Egypt"", ""peRatio"": 87.57, ""currency"": ""EGP"", ""marketCap"": 1565720000.0}",2026-03-04 18:45:06.14653+00,
EASB,EGX,Egyptian Arabian Company for Securities Brokerage EAC,,"{""eps"": null, ""name"": ""Egyptian Arabian Company for Securities Brokerage EAC"", ""sector"": ""Finance"", ""logoUrl"": ""https://s3-symbol-logo.tradingview.com/egyptian-arabian-themar-comp-for-securitiesandbonds-brok-eac.svg"", ""peRatio"": null, ""industry"": ""Investment Banks/Brokers"", ""marketCap"": 313000011.0, ""dividendYield"": 4.192547}",2026-01-14 19:04:10.227409+00,
EASB,US,,Egypt,"{""eps"": 0.1, ""name"": null, ""country"": ""Egypt"", ""peRatio"": 25.3, ""currency"": ""EGP"", ""marketCap"": 249300000.0}",2026-03-04 18:45:08.179033+00,
EAST,EGX,Eastern Company,,"{""eps"": 2.9906, ""name"": ""Eastern Company"", ""sector"": ""Consumer Non-Durables"", ""logoUrl"": ""https://s3-symbol-logo.tradingview.com/eastern-company.svg"", ""peRatio"": 12.000936266969838, ""industry"": ""Tobacco"", ""marketCap"": 108000000000.0, ""dividendYield"": 7.872928}",2026-01-14 19:03:42.654392+00,
EAST,US,,Egypt,"{""eps"": 2.17, ""name"": null, ""country"": ""Egypt"", ""peRatio"": 7.23, ""currency"": ""EGP"", ""marketCap"": 113550000000.0}",2026-03-04 18:45:11.649194+00,
EBSC,EGX,Osool ESB Securities Brokerage,,"{""eps"": null, ""name"": ""Osool ESB Securities Brokerage"", ""sector"": ""Finance"", ""logoUrl"": ""https://s3-symbol-logo.tradingview.com/osool-esb-securities-brokerage.svg"", ""peRatio"": null, ""industry"": ""Regional Banks"", ""marketCap"": 966927625.0, ""dividendYield"": null}",2026-01-14 19:04:04.927634+00,
EBSC,US,,Egypt,"{""eps"": 0.05, ""name"": null, ""country"": ""Egypt"", ""peRatio"": 19.93, ""currency"": ""EGP"", ""marketCap"": 846714951.0}",2026-03-04 18:45:13.818825+00,
ECAP,EGX,El Ezz Ceramics & Porcelain Co. (Gemma),,"{""eps"": null, ""name"": ""El Ezz Ceramics & Porcelain Co. (Gemma)"", ""sector"": ""Producer Manufacturing"", ""logoUrl"": ""https://s3-symbol-logo.tradingview.com/el-ezz-porcelain-gemma.svg"", ""peRatio"": null, ""industry"": ""Building Products"", ""marketCap"": 1537864676.0, ""dividendYield"": null}",2026-01-14 19:04:00.728109+00,
ECAP,US,,Egypt,"{""eps"": -2.14, ""name"": null, ""country"": ""Egypt"", ""peRatio"": 145.79, ""currency"": ""EGP"", ""marketCap"": 1377837110.79}",2026-03-04 18:45:16.691594+00,
ECOG,BA,ECOGAS Inversiones S.A. Class D,,"{""eps"": null, ""name"": ""ECOGAS Inversiones S.A. Class D"", ""sector"": ""Finance"", ""logoUrl"": ""https://s3-symbol-logo.tradingview.com/dgce.svg"", ""peRatio"": null, ""industry"": ""Financial Conglomerates"", ""marketCap"": null, ""dividendYield"": 8.318704}",2026-01-20 09:17:51.574938+00,
EDFM,EGX,East Delta Flour Mills Co.,,"{""eps"": null, ""name"": ""East Delta Flour Mills Co."", ""sector"": ""Consumer Non-Durables"", ""logoUrl"": ""https://s3-symbol-logo.tradingview.com/east-delta-flour-mills.svg"", ""peRatio"": null, ""industry"": ""Food: Specialty/Candy"", ""marketCap"": 1855200073.0, ""dividendYield"": 7.375577}",2026-01-14 19:04:11.203438+00,
EDFM,US,,Egypt,"{""eps"": 28.84, ""name"": null, ""country"": ""Egypt"", ""peRatio"": 10.08, ""currency"": ""EGP"", ""marketCap"": 1799400000.0}",2026-03-04 18:45:20.323228+00,
EDN,BA,,,"{""eps"": 235.8641, ""name"": ""Empresa Distribuidora Y Comercializadora Norte S.A. Class B"", ""sector"": ""Utilities"", ""peRatio"": 9.123898041287335, ""industry"": ""Electric Utilities"", ""marketCap"": 2007679687316.0, ""dividendYield"": null}",2026-01-13 21:10:37.068781+00,
EDSH,BA,,,"{""eps"": 2259.6791, ""name"": ""EDESA Holding SA"", ""sector"": ""Utilities"", ""peRatio"": 0.17701628518845886, ""industry"": ""Electric Utilities"", ""marketCap"": 9155233765.0, ""dividendYield"": null}",2026-01-13 21:10:37.478604+00,
EEII,EGX,El Arabia Engineering Industries,,"{""eps"": null, ""name"": ""El Arabia Engineering Industries"", ""sector"": ""Electronic Technology"", ""logoUrl"": ""https://s3-symbol-logo.tradingview.com/el-arabia-engineering-industries.svg"", ""peRatio"": null, ""industry"": ""Electronic Equipment/Instruments"", ""marketCap"": 459777352.0, ""dividendYield"": null}",2026-01-14 19:03:55.172364+00,
EEII,US,,Egypt,"{""eps"": 0.04, ""name"": null, ""country"": ""Egypt"", ""peRatio"": 49.03, ""currency"": ""EGP"", ""marketCap"": 388700690.0}",2026-03-04 18:45:24.276745+00,
EEM,BA,iShares MSCI Emerging Markets ETF Shs Cert Deposito Arg Repr 0.2 Sh,,"{""eps"": null, ""name"": ""iShares MSCI Emerging Markets ETF Shs Cert Deposito Arg Repr 0.2 Sh"", ""sector"": ""Miscellaneous"", ""logoUrl"": ""https://s3-symbol-logo.tradingview.com/ishares.svg"", ""peRatio"": null, ""industry"": ""Investment Trusts/Mutual Funds"", ""marketCap"": null, ""dividendYield"": 1.3369312}",2026-01-20 09:17:51.806205+00,
EFIC,EGX,Egyptian Financial & Industrial Co.,,"{""eps"": null, ""name"": ""Egyptian Financial & Industrial Co."", ""sector"": ""Process Industries"", ""logoUrl"": ""https://s3-symbol-logo.tradingview.com/egyptian-financial-and-industrial.svg"", ""peRatio"": null, ""industry"": ""Chemicals: Specialty"", ""marketCap"": 22022000122.0, ""dividendYield"": 4.9022684}",2026-01-14 19:04:03.031644+00,
EFIC,US,,Egypt,"{""eps"": 28.36, ""name"": null, ""country"": ""Egypt"", ""peRatio"": -9.2, ""currency"": ""EGP"", ""marketCap"": 20300000000.0}",2026-03-04 18:45:28.338926+00,
EFID,EGX,Edita Food Industries SAE,,"{""eps"": null, ""name"": ""Edita Food Industries SAE"", ""sector"": ""Consumer Non-Durables"", ""logoUrl"": ""https://s3-symbol-logo.tradingview.com/edita-food-industries-sae.svg"", ""peRatio"": null, ""industry"": ""Food: Specialty/Candy"", ""marketCap"": 38024739127.0, ""dividendYield"": 2.076628}",2026-01-14 19:03:48.699037+00,
EFID,US,,Egypt,"{""eps"": 1.69, ""name"": null, ""country"": ""Egypt"", ""peRatio"": 6.33, ""currency"": ""EGP"", ""marketCap"": 38500751080.0}",2026-03-04 18:45:30.82947+00,
EFIH,EGX,e-finance for Digital and Financial Investments S.A.E.,,"{""eps"": null, ""name"": ""e-finance for Digital and Financial Investments S.A.E."", ""sector"": ""Technology Services"", ""logoUrl"": ""https://s3-symbol-logo.tradingview.com/e-finance-for-digital-and-financial-investments.svg"", ""peRatio"": null, ""industry"": ""Packaged Software"", ""marketCap"": 66039998905.0, ""dividendYield"": 1.4388977}",2026-01-14 19:03:45.05475+00,
EFIH,US,,Egypt,"{""eps"": 0.57, ""name"": null, ""country"": ""Egypt"", ""peRatio"": 22.37, ""currency"": ""EGP"", ""marketCap"": 66560000006.4}",2026-03-04 18:45:35.203775+00,
EGAL,EGX,Egypt Aluminum,,"{""eps"": 20.2891, ""name"": ""Egypt Aluminum"", ""sector"": ""Non-Energy Minerals"", ""logoUrl"": ""https://s3-symbol-logo.tradingview.com/egypt-aluminum.svg"", ""peRatio"": 12.33716626168731, ""industry"": ""Aluminum"", ""marketCap"": 106012500000.0, ""dividendYield"": 3.1007752}",2026-01-14 19:03:44.198461+00,
EGAL,US,,Egypt,"{""eps"": 39.73, ""name"": null, ""country"": ""Egypt"", ""peRatio"": 3.86, ""currency"": ""EGP"", ""marketCap"": 111799875000.0}",2026-03-04 18:45:40.281628+00,
EGAS,EGX,Egypt Gas Co.,,"{""eps"": null, ""name"": ""Egypt Gas Co."", ""sector"": ""Utilities"", ""logoUrl"": ""https://s3-symbol-logo.tradingview.com/natural-gas-and-mining-project-egypt-gas.svg"", ""peRatio"": null, ""industry"": ""Gas Distributors"", ""marketCap"": 6288094287.0, ""dividendYield"": 0.0}",2026-01-14 19:04:03.250207+00,
EGAS,US,,Egypt,"{""eps"": 3.06, ""name"": null, ""country"": ""Egypt"", ""peRatio"": 111.33, ""currency"": ""EGP"", ""marketCap"": 6203002972.43}",2026-03-04 18:45:43.76114+00,
EGBE,EGX,Egyptian Gulf Bank,,"{""eps"": 6.8975610032, ""name"": ""Egyptian Gulf Bank"", ""sector"": ""Finance"", ""logoUrl"": ""https://s3-symbol-logo.tradingview.com/egyptian-gulf-bank.svg"", ""peRatio"": 2.4328147100424324, ""industry"": ""Regional Banks"", ""marketCap"": 8571149743.08105, ""dividendYield"": 3.464781}",2026-01-14 19:04:14.436488+00,
EGBE,US,,Egypt,"{""eps"": 5.0, ""name"": null, ""country"": ""Egypt"", ""peRatio"": 2.6, ""currency"": ""EGP"", ""marketCap"": 192309986.88}",2026-03-04 18:45:51.087559+00,
EGCH,EGX,Egyptian Chemical Industries,,"{""eps"": null, ""name"": ""Egyptian Chemical Industries"", ""sector"": ""Process Industries"", ""logoUrl"": ""https://s3-symbol-logo.tradingview.com/egyptian-chemical-industries-kima.svg"", ""peRatio"": null, ""industry"": ""Chemicals: Agricultural"", ""marketCap"": 22150354864.0, ""dividendYield"": null}",2026-01-14 19:03:48.512321+00,
EGCH,US,,Egypt,"{""eps"": 1.55, ""name"": null, ""country"": ""Egypt"", ""peRatio"": 1.44, ""currency"": ""EGP"", ""marketCap"": 24931566437.45}",2026-03-04 18:45:56.578475+00,
EGREF,EGX,Egyptians Real Estate Fund,,"{""eps"": null, ""name"": ""Egyptians Real Estate Fund"", ""sector"": ""Miscellaneous"", ""logoUrl"": ""https://s3-symbol-logo.tradingview.com/egyptians-real-estate-fund-certificates.svg"", ""peRatio"": null, ""industry"": ""Investment Trusts/Mutual Funds"", ""marketCap"": 226306770.0, ""dividendYield"": null}",2026-01-14 19:04:14.644531+00,
EGREF,US,,Egypt,"{""name"": null, ""country"": ""Egypt"", ""currency"": ""EGP"", ""marketCap"": 91362689.4}",2026-03-04 18:45:58.602167+00,
EGSA,EGX,Egyptian Satellite Co.,,"{""eps"": null, ""name"": ""Egyptian Satellite Co."", ""sector"": ""Consumer Services"", ""logoUrl"": ""https://s3-symbol-logo.tradingview.com/egyptian-satellites-nilesat.svg"", ""peRatio"": null, ""industry"": ""Broadcasting"", ""marketCap"": 11933960480.761038, ""dividendYield"": 8.258259}",2026-01-14 19:04:16.044732+00,
EGSA,US,,Egypt,"{""eps"": 1.82, ""name"": null, ""country"": ""Egypt"", ""peRatio"": 3.31, ""currency"": ""EGP"", ""marketCap"": 262021387.68}",2026-03-04 18:46:01.792157+00,
EGTS,EGX,Egyptian for Tourism Resorts,,"{""eps"": 0.9609, ""name"": ""Egyptian for Tourism Resorts"", ""sector"": ""Utilities"", ""logoUrl"": ""https://s3-symbol-logo.tradingview.com/egyptian-for-tourism-resorts.svg"", ""peRatio"": 7.888437922780727, ""industry"": ""Electric Utilities"", ""marketCap"": 8158499980.0, ""dividendYield"": null}",2026-01-14 19:03:59.845349+00,
EGTS,US,,Egypt,"{""eps"": 3.52, ""name"": null, ""country"": ""Egypt"", ""peRatio"": -10.09, ""currency"": ""EGP"", ""marketCap"": 7497000000.0}",2026-03-04 18:46:04.473647+00,
EHDR,EGX,Egyptians Housing Development & Reconstruction,,"{""eps"": null, ""name"": ""Egyptians Housing Development & Reconstruction"", ""sector"": ""Finance"", ""logoUrl"": ""https://s3-symbol-logo.tradingview.com/egyptians-housing-development-and-reconstruction.svg"", ""peRatio"": null, ""industry"": ""Real Estate Development"", ""marketCap"": 1538879974.0, ""dividendYield"": 4.3290043}",2026-01-14 19:03:52.118717+00,
EHDR,US,,Egypt,"{""eps"": 0.02, ""name"": null, ""country"": ""Egypt"", ""peRatio"": 14.46, ""currency"": ""EGP"", ""marketCap"": 1350720000.0}",2026-03-04 18:46:06.892234+00,
EITP,EGX,,,"{""eps"": -1.49, ""name"": null, ""country"": ""Egypt"", ""peRatio"": -10.23, ""currency"": ""EGP"", ""marketCap"": 3548409209.16}",2026-01-14 17:12:27.704066+00,
EITP,US,,Egypt,"{""eps"": -1.49, ""name"": null, ""country"": ""Egypt"", ""peRatio"": -10.23, ""currency"": ""EGP"", ""marketCap"": 3500672762.4}",2026-03-04 18:46:08.940316+00,
EIUD,EGX,Egyptians For Investment & Urban Development,,"{""eps"": null, ""name"": ""Egyptians For Investment & Urban Development"", ""sector"": ""Finance"", ""logoUrl"": ""https://s3-symbol-logo.tradingview.com/egyptians-for-investment-and-urban-development.svg"", ""peRatio"": null, ""industry"": ""Real Estate Development"", ""marketCap"": 1016181812.0, ""dividendYield"": null}",2026-01-14 19:03:48.099287+00,
ELEC,EGX,Electro Cable Egypt,,"{""eps"": null, ""name"": ""Electro Cable Egypt"", ""sector"": ""Producer Manufacturing"", ""logoUrl"": ""https://s3-symbol-logo.tradingview.com/electro-cable-egypt.svg"", ""peRatio"": null, ""industry"": ""Electrical Products"", ""marketCap"": 9476725652.0, ""dividendYield"": null}",2026-01-14 19:03:43.338509+00,
ELEC,US,,Egypt,"{""eps"": 0.04, ""name"": null, ""country"": ""Egypt"", ""peRatio"": 63.17, ""currency"": ""EGP"", ""marketCap"": 6859028572.11}",2026-03-04 18:46:15.394137+00,
ELKA,EGX,El Kahera Housing,,"{""eps"": null, ""name"": ""El Kahera Housing"", ""sector"": ""Finance"", ""logoUrl"": ""https://s3-symbol-logo.tradingview.com/el-kahera-housing.svg"", ""peRatio"": null, ""industry"": ""Real Estate Development"", ""marketCap"": 2397879026.0, ""dividendYield"": null}",2026-01-14 19:03:53.684261+00,
ELKA,US,,Egypt,"{""eps"": 0.06, ""name"": null, ""country"": ""Egypt"", ""peRatio"": 26.7, ""currency"": ""EGP"", ""marketCap"": 1156499066.62}",2026-03-04 18:46:17.982868+00,
ELNA,EGX,El Nasr for Manufacturing Agricultural Crops,,"{""eps"": null, ""name"": ""El Nasr for Manufacturing Agricultural Crops"", ""sector"": ""Process Industries"", ""logoUrl"": ""https://s3-symbol-logo.tradingview.com/el-nasr-for-manufacturing-agricultural-crops.svg"", ""peRatio"": null, ""industry"": ""Agricultural Commodities/Milling"", ""marketCap"": 325314125.0, ""dividendYield"": null}",2026-01-14 19:04:12.968641+00,
ELNA,US,,Egypt,"{""eps"": 0.25, ""name"": null, ""country"": ""Egypt"", ""peRatio"": -99.13, ""currency"": ""EGP"", ""marketCap"": 285593690.68}",2026-03-04 18:46:19.572265+00,
ELSH,EGX,El-Shams Housing & Development SA,,"{""eps"": null, ""name"": ""El-Shams Housing & Development SA"", ""sector"": ""Finance"", ""logoUrl"": ""https://s3-symbol-logo.tradingview.com/el-shams-housing-and-urbanization.svg"", ""peRatio"": null, ""industry"": ""Real Estate Development"", ""marketCap"": 1769625043.0, ""dividendYield"": 0.625}",2026-01-14 19:03:59.402966+00,
ELSH,US,,Egypt,"{""eps"": 0.14, ""name"": null, ""country"": ""Egypt"", ""peRatio"": 5.61, ""currency"": ""EGP"", ""marketCap"": 1563168750.0}",2026-03-04 18:46:21.405174+00,
EMFD,EGX,Emaar Misr for Development SAE,,"{""eps"": 2.2434, ""name"": ""Emaar Misr for Development SAE"", ""sector"": ""Finance"", ""logoUrl"": ""https://s3-symbol-logo.tradingview.com/emaar-misr-for-development.svg"", ""peRatio"": 4.056343050726576, ""industry"": ""Real Estate Development"", ""marketCap"": 50111752086.0, ""dividendYield"": null}",2026-01-14 19:03:43.5633+00,
EMFD,US,,Egypt,"{""eps"": 0.43, ""name"": null, ""country"": ""Egypt"", ""peRatio"": 3.81, ""currency"": ""EGP"", ""marketCap"": 49022364456.0}",2026-03-04 18:46:23.459255+00,
ENGC,EGX,Industrial Engineering Co. for Construction & Development,,"{""eps"": null, ""name"": ""Industrial Engineering Co. for Construction & Development"", ""sector"": ""Producer Manufacturing"", ""logoUrl"": ""https://s3-symbol-logo.tradingview.com/engineering-industries-icon.svg"", ""peRatio"": null, ""industry"": ""Building Products"", ""marketCap"": 4821869911.0, ""dividendYield"": 3.6938534}",2026-01-14 19:03:59.101214+00,
ENGC,US,,Egypt,"{""eps"": 0.99, ""name"": null, ""country"": ""Egypt"", ""peRatio"": 5.48, ""currency"": ""EGP"", ""marketCap"": 4616715000.0}",2026-03-04 18:46:27.249399+00,
EOSB,EGX,El Orouba Securities Brokerage,,"{""eps"": 0.0353, ""name"": ""El Orouba Securities Brokerage"", ""sector"": ""Finance"", ""logoUrl"": ""https://s3-symbol-logo.tradingview.com/el-orouba-securities-brokerage.svg"", ""peRatio"": 32.01133144475921, ""industry"": ""Investment Banks/Brokers"", ""marketCap"": 28664999.0, ""dividendYield"": null}",2026-01-14 19:04:15.111125+00,
EOSB,US,,Egypt,"{""eps"": -0.07, ""name"": null, ""country"": ""Egypt"", ""peRatio"": 14.22, ""currency"": ""EGP"", ""marketCap"": 33040000.0}",2026-03-04 18:46:30.091376+00,
EPCO,EGX,Egypt for Poultry Co.,,"{""eps"": null, ""name"": ""Egypt for Poultry Co."", ""sector"": ""Process Industries"", ""logoUrl"": ""https://s3-symbol-logo.tradingview.com/egypt-for-poultry.svg"", ""peRatio"": null, ""industry"": ""Agricultural Commodities/Milling"", ""marketCap"": 285218990.0, ""dividendYield"": null}",2026-01-14 19:03:58.059685+00,
EPPK,EGX,El Ahram Co. for Printing & Packing,,"{""eps"": null, ""name"": ""El Ahram Co. for Printing & Packing"", ""sector"": ""Process Industries"", ""logoUrl"": ""https://s3-symbol-logo.tradingview.com/el-ahram-co-for-printing-and-packing.svg"", ""peRatio"": null, ""industry"": ""Containers/Packaging"", ""marketCap"": 88275194.0, ""dividendYield"": null}",2026-01-14 19:04:12.495356+00,
ESRS,EGX,,,"{""eps"": 4.81, ""name"": null, ""country"": ""Egypt"", ""peRatio"": 10.96, ""currency"": ""EGP"", ""marketCap"": 76471990986.0}",2026-01-14 17:12:33.705717+00,
ETEL,EGX,Telecom Egypt,,"{""eps"": 10.796, ""name"": ""Telecom Egypt"", ""sector"": ""Communications"", ""logoUrl"": ""https://s3-symbol-logo.tradingview.com/telecom-egypt.svg"", ""peRatio"": 6.344942571322712, ""industry"": ""Major Telecommunications"", ""marketCap"": 117805018577.0, ""dividendYield"": 2.1691973}",2026-01-14 19:03:42.439274+00,
ETRS,EGX,Egyptian Transport & Commercial Services Co. SAE,,"{""eps"": null, ""name"": ""Egyptian Transport & Commercial Services Co. SAE"", ""sector"": ""Transportation"", ""logoUrl"": ""https://s3-symbol-logo.tradingview.com/egyptian-transport-egytrans.svg"", ""peRatio"": null, ""industry"": ""Marine Shipping"", ""marketCap"": 1680375062.0, ""dividendYield"": 3.4293554}",2026-01-14 19:03:46.809656+00,
EWZ,BA,,,"{""eps"": null, ""name"": ""iShares MSCI Brazil ETF Shs Cert Deposito Arg Repr 0.5 Sh"", ""sector"": ""Miscellaneous"", ""peRatio"": null, ""industry"": ""Investment Trusts/Mutual Funds"", ""marketCap"": null, ""dividendYield"": 1.2626132}",2026-01-13 21:10:36.767681+00,
EXPA,EGX,Export Development Bank of Egypt,,"{""eps"": 4.0239, ""name"": ""Export Development Bank of Egypt"", ""sector"": ""Finance"", ""logoUrl"": ""https://s3-symbol-logo.tradingview.com/export-development-bank-of-egypt-edbe.svg"", ""peRatio"": 3.7848853102711297, ""industry"": ""Regional Banks"", ""marketCap"": 20740000000.0, ""dividendYield"": null}",2026-01-14 19:03:56.570009+00,
FAIT,EGX,Faisal Islamic Bank of Egypt,,"{""eps"": null, ""name"": ""Faisal Islamic Bank of Egypt"", ""sector"": ""Finance"", ""logoUrl"": ""https://s3-symbol-logo.tradingview.com/faisal-islamic-bank-of-egypt-in-egp.svg"", ""peRatio"": null, ""industry"": ""Regional Banks"", ""marketCap"": 26455297509.0, ""dividendYield"": 9.013341}",2026-01-14 19:04:05.136248+00,
FAITA,EGX,Faisal Islamic Bank of Egypt,,"{""eps"": null, ""name"": ""Faisal Islamic Bank of Egypt"", ""sector"": ""Finance"", ""logoUrl"": ""https://s3-symbol-logo.tradingview.com/faisal-islamic-bank-of-egypt-in-egp.svg"", ""peRatio"": null, ""industry"": ""Regional Banks"", ""marketCap"": 26455297382.80823, ""dividendYield"": 5.7852077}",2026-01-14 19:04:15.755876+00,
FERR,BA,,,"{""eps"": -1.0302, ""name"": ""Ferrum S.A. Class B"", ""sector"": ""Producer Manufacturing"", ""peRatio"": null, ""industry"": ""Building Products"", ""marketCap"": 13804967280.0, ""dividendYield"": null}",2026-01-13 21:10:37.278466+00,
FIPL,BA,Fiplasto SA Comercial e Industrial FIPL Class B,,"{""eps"": null, ""name"": ""Fiplasto SA Comercial e Industrial FIPL Class B"", ""sector"": ""Non-Energy Minerals"", ""logoUrl"": ""https://s3-symbol-logo.tradingview.com/fiplasto.svg"", ""peRatio"": null, ""industry"": ""Forest Products"", ""marketCap"": 29510038271.0, ""dividendYield"": null}",2026-01-16 10:06:29.039575+00,
FWRY,EGX,Fawry For Banking Technology And Electronic Payment,,"{""eps"": null, ""name"": ""Fawry For Banking Technology And Electronic Payment"", ""sector"": ""Technology Services"", ""logoUrl"": ""https://s3-symbol-logo.tradingview.com/fawry-for-banking-technology-and-electronic-payment.svg"", ""peRatio"": null, ""industry"": ""Packaged Software"", ""marketCap"": 52354621357.0, ""dividendYield"": null}",2026-01-14 19:03:43.988759+00,
GAMI,BA,,,"{""eps"": 8.1555, ""name"": ""B-Gaming SA"", ""sector"": ""Technology Services"", ""peRatio"": 28.017902029305375, ""industry"": ""Information Technology Services"", ""marketCap"": 79050000000.0, ""dividendYield"": null}",2026-01-13 21:10:43.826471+00,
GARO,BA,Garovaglio y Zorraquin SA,,"{""eps"": -28.7414, ""name"": ""Garovaglio y Zorraquin SA"", ""sector"": ""Producer Manufacturing"", ""logoUrl"": ""https://s3-symbol-logo.tradingview.com/garovaglio-zorraq.svg"", ""peRatio"": null, ""industry"": ""Building Products"", ""marketCap"": 13584264954.0, ""dividendYield"": null}",2026-01-16 10:06:29.590927+00,
GBAN,BA,,,"{""eps"": null, ""name"": ""Naturgy Ban SA Class B"", ""sector"": ""Industrial Services"", ""peRatio"": null, ""industry"": ""Oil & Gas Pipelines"", ""marketCap"": 712932503954.0, ""dividendYield"": 0.0}",2026-01-13 21:10:42.996893+00,
GBCO,EGX,GB Corp,,"{""eps"": null, ""name"": ""GB Corp"", ""sector"": ""Distribution Services"", ""logoUrl"": ""https://s3-symbol-logo.tradingview.com/gb-auto.svg"", ""peRatio"": null, ""industry"": ""Wholesale Distributors"", ""marketCap"": 30394000000.0, ""dividendYield"": 1.2910365}",2026-01-14 19:03:45.881522+00,
GCLA,BA,,,"{""eps"": 423.8987, ""name"": ""Grupo Clarin SA Class B"", ""sector"": ""Consumer Services"", ""peRatio"": 7.018186184576645, ""industry"": ""Broadcasting"", ""marketCap"": 320328013850.0, ""dividendYield"": null}",2026-01-13 21:10:48.611511+00,
GDWA,EGX,Gadwa For Industrial Development,,"{""eps"": null, ""name"": ""Gadwa For Industrial Development"", ""sector"": ""Producer Manufacturing"", ""logoUrl"": ""https://s3-symbol-logo.tradingview.com/gadwa-for-industrial-development.svg"", ""peRatio"": null, ""industry"": ""Industrial Machinery"", ""marketCap"": 5078504913.0, ""dividendYield"": null}",2026-01-14 19:03:56.06085+00,
GFI,BA,,,"{""eps"": 2193.0085, ""name"": ""Gold Fields Limited ADR"", ""sector"": ""Non-Energy Minerals"", ""peRatio"": 34.99853443637048, ""industry"": ""Precious Metals"", ""marketCap"": 62915030627213.21, ""dividendYield"": 0.7854306}",2026-01-13 21:10:48.354093+00,
GGAL,BA,,,"{""eps"": 552.7547, ""name"": ""Grupo Financiero Galicia SA Class B"", ""sector"": ""Finance"", ""peRatio"": 14.726242942846078, ""industry"": ""Regional Banks"", ""marketCap"": 13524656612824.0, ""dividendYield"": 2.4982355}",2026-01-13 21:10:47.711933+00,
GGCC,EGX,,,"{""eps"": null, ""name"": ""Giza General Contracting & Real Estate Investment"", ""sector"": ""Industrial Services"", ""peRatio"": null, ""industry"": ""Engineering & Construction"", ""marketCap"": 882938629.0, ""dividendYield"": null}",2026-01-13 21:18:25.790813+00,
GGRN,EGX,,,"{""eps"": 0.02, ""name"": null, ""country"": ""Egypt"", ""peRatio"": 29.1, ""currency"": ""EGP"", ""marketCap"": 3402000000.0}",2026-01-14 17:12:33.628408+00,
GIHD,EGX,,,"{""eps"": null, ""name"": ""Gharbia Islamic Housing Development"", ""sector"": ""Consumer Durables"", ""peRatio"": null, ""industry"": ""Homebuilding"", ""marketCap"": 243562496.0, ""dividendYield"": null}",2026-01-13 21:18:30.165827+00,
GLOB,BA,,,"{""eps"": 140.9566, ""name"": ""Globant SA Shs Cert Deposito Arg Repr 0.055555555 Shs"", ""sector"": ""Technology Services"", ""peRatio"": 40.26230930918469, ""industry"": ""Information Technology Services"", ""marketCap"": 4365749233480.177, ""dividendYield"": null}",2026-01-13 21:10:48.144594+00,
GMCI,EGX,,,"{""eps"": null, ""name"": ""GMC Group for Industrial Commercial & Financial Investments"", ""sector"": ""Distribution Services"", ""peRatio"": null, ""industry"": ""Wholesale Distributors"", ""marketCap"": 76990217.0, ""dividendYield"": null}",2026-01-13 21:18:30.592166+00,
GOCO,EGX,,,"{""eps"": null, ""name"": ""Golden Coast Co."", ""sector"": ""Consumer Services"", ""peRatio"": null, ""industry"": ""Hotels/Resorts/Cruise lines"", ""marketCap"": 152654295.0, ""dividendYield"": null}",2026-01-13 21:18:30.380226+00,
GOOGL,BA,,,"{""eps"": 201.485, ""name"": ""Alphabet Inc. Shs A Cert Deposito Arg Repr 0.01724138 Shs"", ""sector"": ""Technology Services"", ""peRatio"": 44.35686550157302, ""industry"": ""Internet Software/Services"", ""marketCap"": 5887310825027900.0, ""dividendYield"": 0.15781522}",2026-01-13 21:10:47.919948+00,
GPPL,EGX,,,"{""eps"": null, ""name"": ""Golden Pyramids Plaza"", ""sector"": ""Finance"", ""peRatio"": null, ""industry"": ""Real Estate Development"", ""marketCap"": 38857659745.79328, ""dividendYield"": null}",2026-01-13 21:18:30.81193+00,
GRCA,EGX,,,"{""eps"": null, ""name"": ""Grand Investment Capital"", ""sector"": ""Finance"", ""peRatio"": null, ""industry"": ""Investment Banks/Brokers"", ""marketCap"": 228462013.0, ""dividendYield"": null}",2026-01-13 21:18:33.091768+00,
GRIM,BA,,,"{""eps"": null, ""name"": ""Grimoldi SA Class B"", ""sector"": ""Consumer Non-Durables"", ""peRatio"": null, ""industry"": ""Apparel/Footwear"", ""marketCap"": 117769710083.0, ""dividendYield"": 1.1148669}",2026-01-13 21:10:51.389983+00,
GSSC,EGX,,,"{""eps"": null, ""name"": ""General Silos & Storage Co."", ""sector"": ""Retail Trade"", ""peRatio"": null, ""industry"": ""Food Retail"", ""marketCap"": 4157824936.0, ""dividendYield"": 1.788796}",2026-01-13 21:18:32.876409+00,
GTEX,EGX,,,"{""eps"": -0.01, ""name"": null, ""country"": ""Egypt"", ""peRatio"": -2.02, ""currency"": ""EGP"", ""marketCap"": 16458750.0}",2026-01-14 17:12:37.943401+00,
GTHE,EGX,,,"{""eps"": -0.04, ""name"": null, ""country"": ""Egypt"", ""peRatio"": 9.9, ""currency"": ""EGP"", ""marketCap"": 9489454331.58}",2026-01-14 17:12:38.085095+00,
GTWL,EGX,Golden Textiles & Clothes Wool,,"{""eps"": null, ""name"": ""Golden Textiles & Clothes Wool"", ""sector"": ""Process Industries"", ""logoUrl"": ""https://s3-symbol-logo.tradingview.com/golden-textiles-and-clothes-wool.svg"", ""peRatio"": null, ""industry"": ""Textiles"", ""marketCap"": 606757268.0, ""dividendYield"": null}",2026-01-14 19:03:59.614812+00,
HAL,BA,,,"{""eps"": 806.2974, ""name"": ""Halliburton Company Shs Cert Deposito Arg Repr 0.5"", ""sector"": ""Industrial Services"", ""peRatio"": 30.758389009531506, ""industry"": ""Oilfield Services/Equipment"", ""marketCap"": 39424214022026.44, ""dividendYield"": 1.3042623}",2026-01-13 21:10:50.672195+00,
HARG,BA,,,"{""eps"": null, ""name"": ""Holcim (Argentina) SA"", ""sector"": ""Non-Energy Minerals"", ""peRatio"": null, ""industry"": ""Construction Materials"", ""marketCap"": 839380001221.0, ""dividendYield"": null}",2026-01-13 21:10:50.88031+00,
HAVA,BA,,,"{""eps"": 238.846, ""name"": ""Havanna Holding SA Class B"", ""sector"": ""Consumer Non-Durables"", ""peRatio"": 24.74397729080663, ""industry"": ""Food: Specialty/Candy"", ""marketCap"": 276689436118.0, ""dividendYield"": 0.0}",2026-01-13 21:10:51.143255+00,
HD,BA,"Home Depot, Inc. Shs Cert Deposito Arg Repr 0.03125 Shs",,"{""eps"": 1699.5806, ""name"": ""Home Depot, Inc. Shs Cert Deposito Arg Repr 0.03125 Shs"", ""sector"": ""Retail Trade"", ""logoUrl"": ""https://s3-symbol-logo.tradingview.com/home-depot.svg"", ""peRatio"": 10.714883208657579, ""industry"": ""Home Improvement Chains"", ""marketCap"": 541435780643776.9, ""dividendYield"": 1.4734881}",2026-01-20 09:17:53.379769+00,
HDBK,EGX,Housing & Development Bank,,"{""eps"": 30.1399, ""name"": ""Housing & Development Bank"", ""sector"": ""Finance"", ""logoUrl"": ""https://s3-symbol-logo.tradingview.com/housing-and-development-bank.svg"", ""peRatio"": 3.0109588950195585, ""industry"": ""Regional Banks"", ""marketCap"": 48969918902.0, ""dividendYield"": 5.4460297}",2026-01-14 19:04:03.870434+00,
HELI,EGX,Heliopolis Housing,,"{""eps"": null, ""name"": ""Heliopolis Housing"", ""sector"": ""Consumer Durables"", ""logoUrl"": ""https://s3-symbol-logo.tradingview.com/heliopolis-housing.svg"", ""peRatio"": null, ""industry"": ""Homebuilding"", ""marketCap"": 13417605929.0, ""dividendYield"": 13.011662}",2026-01-14 19:03:44.411527+00,
HMY,BA,,,"{""eps"": 1312.9574, ""name"": ""Harmony Gold Mining Co. Ltd. Sponsored ADR"", ""sector"": ""Non-Energy Minerals"", ""peRatio"": 26.07104699290812, ""industry"": ""Precious Metals"", ""marketCap"": 20913643047994.715, ""dividendYield"": 0.55150145}",2026-01-13 21:10:50.323483+00,
HRHO,EGX,EFG Holding S.A.E.,,"{""eps"": 2.5206, ""name"": ""EFG Holding S.A.E."", ""sector"": ""Finance"", ""logoUrl"": ""https://s3-symbol-logo.tradingview.com/egyptian-financial-hermes-company.svg"", ""peRatio"": 10.037292708085378, ""industry"": ""Investment Banks/Brokers"", ""marketCap"": 36916806284.0, ""dividendYield"": null}",2026-01-14 19:03:42.216838+00,
IBM,BA,,,"{""eps"": 636.0461, ""name"": ""International Business Machines Corp Shs Cert Deposito Arg Repr 0.06666667 Shs"", ""sector"": ""Technology Services"", ""peRatio"": 49.78973755432553, ""industry"": ""Information Technology Services"", ""marketCap"": 428495768051395.0, ""dividendYield"": 1.340374}",2026-01-13 21:10:53.389099+00,
ICFC,EGX,International Co. for Fertilizers & Chemicals,,"{""eps"": null, ""name"": ""International Co. for Fertilizers & Chemicals"", ""sector"": ""Process Industries"", ""logoUrl"": ""https://s3-symbol-logo.tradingview.com/international-company-for-fertilizers-and-chemicals.svg"", ""peRatio"": null, ""industry"": ""Chemicals: Agricultural"", ""marketCap"": 1880077569.0, ""dividendYield"": null}",2026-01-14 19:03:45.266066+00,
ICID,EGX,International Company for Investment & Development,,"{""eps"": null, ""name"": ""International Company for Investment & Development"", ""sector"": ""Finance"", ""logoUrl"": ""https://s3-symbol-logo.tradingview.com/international-co-for-investment-and-development.svg"", ""peRatio"": null, ""industry"": ""Financial Conglomerates"", ""marketCap"": 417000008.0, ""dividendYield"": null}",2026-01-14 19:04:01.372452+00,
ICLE,EGX,International Co. for Leasing SAE,,"{""eps"": null, ""name"": ""International Co. for Leasing SAE"", ""sector"": ""Finance"", ""logoUrl"": ""https://s3-symbol-logo.tradingview.com/international-company-for-leasing-incolease.svg"", ""peRatio"": null, ""industry"": ""Finance/Rental/Leasing"", ""marketCap"": 820000000.0, ""dividendYield"": null}",2026-01-14 19:04:16.812326+00,
IDRE,EGX,Ismailia Development & Real Estate Co.,,"{""eps"": null, ""name"": ""Ismailia Development & Real Estate Co."", ""sector"": ""Finance"", ""logoUrl"": ""https://s3-symbol-logo.tradingview.com/ismailia-development-and-real-estate-co.svg"", ""peRatio"": null, ""industry"": ""Real Estate Development"", ""marketCap"": 1356752645.0, ""dividendYield"": null}",2026-01-14 19:03:53.236652+00,
IEEC,EGX,Industrial & Engineering Enterprises Co.,,"{""eps"": 0.0265, ""name"": ""Industrial & Engineering Enterprises Co."", ""sector"": ""Industrial Services"", ""logoUrl"": ""https://s3-symbol-logo.tradingview.com/industrial-and-engineering-enterprises-co.svg"", ""peRatio"": 17.245283018867926, ""industry"": ""Engineering & Construction"", ""marketCap"": 680886000.0, ""dividendYield"": null}",2026-01-14 19:03:54.301662+00,
IFAP,EGX,International Agricultural Products,,"{""eps"": null, ""name"": ""International Agricultural Products"", ""sector"": ""Process Industries"", ""logoUrl"": ""https://s3-symbol-logo.tradingview.com/international-agricultural-products.svg"", ""peRatio"": null, ""industry"": ""Agricultural Commodities/Milling"", ""marketCap"": 9425000191.0, ""dividendYield"": null}",2026-01-14 19:04:04.274963+00,
INFI,EGX,Ismailia National Food Industries,,"{""eps"": null, ""name"": ""Ismailia National Food Industries"", ""sector"": ""Consumer Non-Durables"", ""logoUrl"": ""https://s3-symbol-logo.tradingview.com/ismailia-national-food-industries.svg"", ""peRatio"": null, ""industry"": ""Food: Specialty/Candy"", ""marketCap"": 1772758317.0, ""dividendYield"": 0.20117487}",2026-01-14 19:04:01.584974+00,
INTC,BA,,,"{""eps"": 40.1942, ""name"": ""Intel Corporation Shs Cert.Deposito Arg.Repr. 0.2 Shs"", ""sector"": ""Electronic Technology"", ""peRatio"": 374.0962521663227, ""industry"": ""Semiconductors"", ""marketCap"": 322509917157121.8, ""dividendYield"": null}",2026-01-13 21:10:53.06011+00,
INTR,BA,,,"{""eps"": 8.153, ""name"": ""Cia Introductora de Buenos Aires SA Class B"", ""sector"": ""Process Industries"", ""peRatio"": 44.400834048816385, ""industry"": ""Chemicals: Agricultural"", ""marketCap"": 61651882172.0, ""dividendYield"": null}",2026-01-13 21:10:53.813372+00,
INVJ,BA,,,"{""eps"": null, ""name"": ""Inversora Juramento SA Class B"", ""sector"": ""Distribution Services"", ""peRatio"": null, ""industry"": ""Food Distributors"", ""marketCap"": 387874891875.0, ""dividendYield"": null}",2026-01-13 21:10:53.60222+00,
IRAX,EGX,,,"{""eps"": -486.58, ""name"": null, ""country"": ""Egypt"", ""peRatio"": 1.93, ""currency"": ""EGP"", ""marketCap"": 21463045579.63}",2026-01-14 17:12:43.38287+00,
IRON,EGX,Egyptian Iron & Steel,,"{""eps"": 1.06, ""name"": ""Egyptian Iron & Steel"", ""sector"": ""Non-Energy Minerals"", ""logoUrl"": ""https://s3-symbol-logo.tradingview.com/egyptian-iron-and-steel.svg"", ""peRatio"": null, ""industry"": ""Steel"", ""marketCap"": 31992566299.0, ""dividendYield"": null}",2026-01-14 19:03:51.069555+00,
IRS2W,BA,,,"{""eps"": 628.8962, ""name"": ""IRSA Inversiones y Representaciones SA Warrant 2021-13.05.26 on IRSA"", ""sector"": ""Finance"", ""peRatio"": 5.7557430349832135, ""industry"": ""Real Estate Development"", ""marketCap"": 1990623521422.9995, ""dividendYield"": null}",2026-01-13 21:10:58.978456+00,
IRSA,BA,,,"{""eps"": 628.8962, ""name"": ""IRSA Inversiones y Representaciones SA"", ""sector"": ""Finance"", ""peRatio"": 4.489304886162931, ""industry"": ""Real Estate Development"", ""marketCap"": 1990623521423.0, ""dividendYield"": 0.0}",2026-01-13 21:10:58.498835+00,
ISMA,EGX,Ismailia Misr Poultry,,"{""eps"": null, ""name"": ""Ismailia Misr Poultry"", ""sector"": ""Process Industries"", ""logoUrl"": ""https://s3-symbol-logo.tradingview.com/ismailia-misr-poultry.svg"", ""peRatio"": null, ""industry"": ""Agricultural Commodities/Milling"", ""marketCap"": 1150163103.0, ""dividendYield"": null}",2026-01-14 19:04:03.667341+00,
ISMQ,EGX,Iron & Steel for Mines & Quarries,,"{""eps"": null, ""name"": ""Iron & Steel for Mines & Quarries"", ""sector"": ""Non-Energy Minerals"", ""logoUrl"": ""https://s3-symbol-logo.tradingview.com/iron-and-steel-for-mines-and-quarries.svg"", ""peRatio"": null, ""industry"": ""Steel"", ""marketCap"": 7111630210.0, ""dividendYield"": 5.8252425}",2026-01-14 19:03:45.686556+00,
ISPH,EGX,Ibnsina Pharma,,"{""eps"": 0.6974, ""name"": ""Ibnsina Pharma"", ""sector"": ""Distribution Services"", ""logoUrl"": ""https://s3-symbol-logo.tradingview.com/ibnsina-pharma.svg"", ""peRatio"": 14.898193289360481, ""industry"": ""Medical Distributors"", ""marketCap"": 12062400513.0, ""dividendYield"": 1.4545455}",2026-01-14 19:03:44.846886+00,
JNJ,BA,,,"{""eps"": 782.591, ""name"": ""Johnson & Johnson Shs Cert Deposito Arg Repr 0.066666666 Shs"", ""sector"": ""Health Technology"", ""peRatio"": 28.015097525225812, ""industry"": ""Pharmaceuticals: Major"", ""marketCap"": 741963779672540.4, ""dividendYield"": 2.3767686}",2026-01-13 21:10:58.74954+00,
JPM,BA,JPMorgan Chase & Co Shs Cert Deposito Arg Repr 0.06666667 Sh,,"{""eps"": 1654.9841, ""name"": ""JPMorgan Chase & Co Shs Cert Deposito Arg Repr 0.06666667 Sh"", ""sector"": ""Finance"", ""logoUrl"": ""https://s3-symbol-logo.tradingview.com/jpmorgan-chase.svg"", ""peRatio"": 19.38311217597832, ""industry"": ""Major Banks"", ""marketCap"": 1216917417959942.8, ""dividendYield"": 1.7919896}",2026-01-20 09:17:54.931829+00,
JUFO,EGX,Juhayna Food Industries,,"{""eps"": 1.0977, ""name"": ""Juhayna Food Industries"", ""sector"": ""Consumer Non-Durables"", ""logoUrl"": ""https://s3-symbol-logo.tradingview.com/juhayna-food-industries.svg"", ""peRatio"": 23.67677871914002, ""industry"": ""Food: Meat/Fish/Dairy"", ""marketCap"": 31772421387.0, ""dividendYield"": 0.8727273}",2026-01-14 19:03:44.621219+00,
KABO,EGX,El Nasr Clothing & Textiles Co.,,"{""eps"": null, ""name"": ""El Nasr Clothing & Textiles Co."", ""sector"": ""Consumer Non-Durables"", ""logoUrl"": ""https://s3-symbol-logo.tradingview.com/el-nasr-clothes-and-textiles-kabo.svg"", ""peRatio"": null, ""industry"": ""Apparel/Footwear"", ""marketCap"": 3314752463.0, ""dividendYield"": null}",2026-01-14 19:03:53.037273+00,
KASABF,EGX,,,"{""eps"": 0.59, ""name"": null, ""country"": ""Egypt"", ""currency"": ""EGP"", ""marketCap"": 79527119.12}",2026-01-14 17:12:43.460735+00,
KO,BA,,,"{""eps"": 697.4613, ""name"": ""Coca-Cola Company Shs Cert.Deposito Arg.Repr. 0.20 Shs"", ""sector"": ""Consumer Non-Durables"", ""peRatio"": 31.190090232787313, ""industry"": ""Beverages: Non-Alcoholic"", ""marketCap"": 445320743779735.7, ""dividendYield"": 1.8024348}",2026-01-13 21:10:58.225518+00,
KOFM,BA,Coca-Cola Femsa SAB de CV Shs Cert.Deposito Arg. Repr. 0.5 Shs,,"{""eps"": 847.6572720994474, ""name"": ""Coca-Cola Femsa SAB de CV Shs Cert.Deposito Arg. Repr. 0.5 Shs"", ""sector"": ""Consumer Non-Durables"", ""logoUrl"": ""https://s3-symbol-logo.tradingview.com/coca-cola.svg"", ""peRatio"": 86.59160065742785, ""industry"": ""Beverages: Non-Alcoholic"", ""marketCap"": 7449930618593.5625, ""dividendYield"": 4.1822934}",2026-01-20 09:18:01.798323+00,
KRDI,EGX,Al Khair River for Development Agriculture Investment and Environmental Services,,"{""eps"": 0.0347, ""name"": ""Al Khair River for Development Agriculture Investment and Environmental Services"", ""sector"": ""Finance"", ""logoUrl"": ""https://s3-symbol-logo.tradingview.com/al-khair-river-for-development-agricultural-investmentandenvir.svg"", ""peRatio"": 18.12680115273775, ""industry"": ""Financial Conglomerates"", ""marketCap"": 1286000013.0, ""dividendYield"": null}",2026-01-14 19:03:46.354119+00,
KWIN,EGX,El Kahera El Watania Investment,,"{""eps"": null, ""name"": ""El Kahera El Watania Investment"", ""sector"": ""Finance"", ""logoUrl"": ""https://s3-symbol-logo.tradingview.com/el-kahera-el-watania-investment.svg"", ""peRatio"": null, ""industry"": ""Investment Banks/Brokers"", ""marketCap"": 757680038.0, ""dividendYield"": null}",2026-01-14 19:04:05.817192+00,
KZPC,EGX,Kafr El Zayat Pesticides & Chemical Co.,,"{""eps"": null, ""name"": ""Kafr El Zayat Pesticides & Chemical Co."", ""sector"": ""Process Industries"", ""logoUrl"": ""https://s3-symbol-logo.tradingview.com/kafr-el-zayat-pesticides.svg"", ""peRatio"": null, ""industry"": ""Chemicals: Agricultural"", ""marketCap"": 2388889497.0, ""dividendYield"": 4.5135403}",2026-01-14 19:04:06.02717+00,
LCSW,EGX,Lecico Egypt SAE,,"{""eps"": 3.7628, ""name"": ""Lecico Egypt SAE"", ""sector"": ""Producer Manufacturing"", ""logoUrl"": ""https://s3-symbol-logo.tradingview.com/lecico-egypt.svg"", ""peRatio"": 6.2719251621133205, ""industry"": ""Building Products"", ""marketCap"": 2024166805.0, ""dividendYield"": null}",2026-01-14 19:03:57.404478+00,
LEDE,BA,,,"{""eps"": -82.2394, ""name"": ""Ledesma S.A.A.I."", ""sector"": ""Process Industries"", ""peRatio"": null, ""industry"": ""Agricultural Commodities/Milling"", ""marketCap"": 426498887939.0, ""dividendYield"": null}",2026-01-13 21:11:03.192053+00,
LLY,BA,,,"{""eps"": 418.1, ""name"": ""Eli Lilly & Co Shs Cert Deposito Arg Repr 0.14285714 Shs"", ""sector"": ""Health Technology"", ""peRatio"": 70.77274784417442, ""industry"": ""Pharmaceuticals: Major"", ""marketCap"": 1500675198234948.8, ""dividendYield"": 0.61347026}",2026-01-13 21:11:02.913578+00,
LMT,BA,Lockheed Martin Corporation Cert Deposito Arg Repr 0.05 Shs,,"{""eps"": 1045.7427, ""name"": ""Lockheed Martin Corporation Cert Deposito Arg Repr 0.05 Shs"", ""sector"": ""Electronic Technology"", ""logoUrl"": ""https://s3-symbol-logo.tradingview.com/lockheed-martin.svg"", ""peRatio"": 43.98516331099805, ""industry"": ""Aerospace & Defense"", ""marketCap"": 192808321884120.16, ""dividendYield"": 1.384046}",2026-01-20 09:17:54.714817+00,
LOMA,BA,,,"{""eps"": 61.4202, ""name"": ""Loma Negra Compania Industrial Argentina SA"", ""sector"": ""Non-Energy Minerals"", ""peRatio"": 60.68850313089179, ""industry"": ""Construction Materials"", ""marketCap"": 2247868851929.0, ""dividendYield"": null}",2026-01-13 21:11:02.597144+00,
LONG,BA,,,"{""eps"": -6.1388, ""name"": ""Longvie SA Class B"", ""sector"": ""Consumer Durables"", ""peRatio"": null, ""industry"": ""Electronics/Appliances"", ""marketCap"": 12046568068.0, ""dividendYield"": null}",2026-01-13 21:11:03.384308+00,
LUTS,EGX,,,"{""eps"": -0.05, ""name"": null, ""country"": ""Egypt"", ""peRatio"": 23.78, ""currency"": ""EGP"", ""marketCap"": 604800000.0}",2026-01-14 17:12:43.55934+00,
LYG,BA,Lloyds Banking Group PLC ADR Cert. Deposito Arg. Repr. 2 ADRs,,"{""eps"": 170.4112, ""name"": ""Lloyds Banking Group PLC ADR Cert. Deposito Arg. Repr. 2 ADRs"", ""sector"": ""Finance"", ""logoUrl"": ""https://s3-symbol-logo.tradingview.com/lloyds.svg"", ""peRatio"": null, ""industry"": ""Major Banks"", ""marketCap"": 114803491171744.78, ""dividendYield"": 3.0666046}",2026-01-20 09:17:56.323975+00,
MAAL,EGX,Marseilla Al Masreia Al Khalegeya for Holding Investment,,"{""eps"": null, ""name"": ""Marseilla Al Masreia Al Khalegeya for Holding Investment"", ""sector"": ""Finance"", ""logoUrl"": ""https://s3-symbol-logo.tradingview.com/marseille-almasreia-alkhalegeya-for-investment.svg"", ""peRatio"": null, ""industry"": ""Real Estate Development"", ""marketCap"": 814873040.0, ""dividendYield"": null}",2026-01-14 19:04:03.446698+00,
MASR,EGX,Madinet Masr for Housing & Development,,"{""eps"": 1.1361, ""name"": ""Madinet Masr for Housing & Development"", ""sector"": ""Finance"", ""logoUrl"": ""https://s3-symbol-logo.tradingview.com/medinet-nasr-housing.svg"", ""peRatio"": 3.793680133791039, ""industry"": ""Real Estate Development"", ""marketCap"": 9265900326.0, ""dividendYield"": 5.787037}",2026-01-14 19:03:46.120827+00,
MBEG,EGX,MB for Engineering & Contracting,,"{""eps"": null, ""name"": ""MB for Engineering & Contracting"", ""sector"": ""Distribution Services"", ""logoUrl"": ""https://s3-symbol-logo.tradingview.com/mb-engineering.svg"", ""peRatio"": null, ""industry"": ""Wholesale Distributors"", ""marketCap"": 781820668.0, ""dividendYield"": null}",2026-01-14 19:03:54.102692+00,
MBSC,EGX,Misr Beni Suef Cement Co. SAE,,"{""eps"": null, ""name"": ""Misr Beni Suef Cement Co. SAE"", ""sector"": ""Non-Energy Minerals"", ""logoUrl"": ""https://s3-symbol-logo.tradingview.com/misr-beni-suef-cement.svg"", ""peRatio"": null, ""industry"": ""Construction Materials"", ""marketCap"": 13988876826.0, ""dividendYield"": 2.2898142}",2026-01-14 19:03:54.944957+00,
MCQE,EGX,Misr Cement Co. (Qena),,"{""eps"": 15.7731, ""name"": ""Misr Cement Co. (Qena)"", ""sector"": ""Non-Energy Minerals"", ""logoUrl"": ""https://s3-symbol-logo.tradingview.com/misr-cement-qena.svg"", ""peRatio"": 10.460847899271545, ""industry"": ""Construction Materials"", ""marketCap"": 16502399414.0, ""dividendYield"": 0.57142854}",2026-01-14 19:03:51.484906+00,
MCRO,EGX,Macro Group Pharmaceutical S.A.E.,,"{""eps"": null, ""name"": ""Macro Group Pharmaceutical S.A.E."", ""sector"": ""Health Technology"", ""logoUrl"": ""https://s3-symbol-logo.tradingview.com/macro-pharmaceuticals-macro-capital.svg"", ""peRatio"": null, ""industry"": ""Pharmaceuticals: Major"", ""marketCap"": 3788583975.0, ""dividendYield"": null}",2026-01-14 19:04:00.292128+00,
MDLZ,BA,,,"{""eps"": 197.6924, ""name"": ""Mondelez International, Inc. Shs Cert Deposito Arg Repr 0.0666666667 Shs"", ""sector"": ""Consumer Non-Durables"", ""peRatio"": 28.889184234368138, ""industry"": ""Food: Specialty/Candy"", ""marketCap"": 104062389991189.44, ""dividendYield"": 3.4854226}",2026-01-13 21:11:07.83696+00,