2026-06-19 18:29:24 [INFO] daily_bot_job: ============================================================
2026-06-19 18:29:24 [INFO] daily_bot_job: 🚀 Daily Bot Job Started
2026-06-19 18:29:24 [INFO] daily_bot_job:    Dry run: False
2026-06-19 18:29:24 [INFO] daily_bot_job:    Model filter: ALL
2026-06-19 18:29:24 [INFO] daily_bot_job:    Skip sync: False
2026-06-19 18:29:24 [INFO] daily_bot_job:    Log file: C:\Users\MR__CODER__\Desktop\stokscan_AI\logs\daily_bot_20260619_152918.log
2026-06-19 18:29:24 [INFO] daily_bot_job: ============================================================
2026-06-19 18:29:27 [INFO] httpx: HTTP Request: GET https://gfcmaxbtscmizsakarvc.supabase.co/rest/v1/stock_prices?select=date&symbol=eq.ACGC&exchange=eq.EGX&order=date.desc&limit=1 "HTTP/2 206 Partial Content"
2026-06-19 18:29:27 [INFO] httpx: HTTP Request: GET https://gfcmaxbtscmizsakarvc.supabase.co/rest/v1/stock_prices?select=date&symbol=eq.ADPC&exchange=eq.EGX&order=date.desc&limit=1 "HTTP/2 206 Partial Content"
2026-06-19 18:29:27 [INFO] httpx: HTTP Request: GET https://gfcmaxbtscmizsakarvc.supabase.co/rest/v1/stock_prices?select=date&symbol=eq.ACTF&exchange=eq.EGX&order=date.desc&limit=1 "HTTP/2 206 Partial Content"
2026-06-19 18:29:27 [INFO] httpx: HTTP Request: GET https://gfcmaxbtscmizsakarvc.supabase.co/rest/v1/stock_prices?select=date&symbol=eq.ADIB&exchange=eq.EGX&order=date.desc&limit=1 "HTTP/2 206 Partial Content"
2026-06-19 18:29:27 [INFO] httpx: HTTP Request: GET https://gfcmaxbtscmizsakarvc.supabase.co/rest/v1/stock_prices?select=date&symbol=eq.ACRO&exchange=eq.EGX&order=date.desc&limit=1 "HTTP/2 206 Partial Content"
2026-06-19 18:29:27 [INFO] httpx: HTTP Request: GET https://gfcmaxbtscmizsakarvc.supabase.co/rest/v1/stock_prices?select=date&symbol=eq.ADCI&exchange=eq.EGX&order=date.desc&limit=1 "HTTP/2 206 Partial Content"
2026-06-19 18:29:27 [INFO] httpx: HTTP Request: GET https://gfcmaxbtscmizsakarvc.supabase.co/rest/v1/stock_prices?select=date&symbol=eq.ABUK&exchange=eq.EGX&order=date.desc&limit=1 "HTTP/2 206 Partial Content"
2026-06-19 18:29:27 [INFO] httpx: HTTP Request: GET https://gfcmaxbtscmizsakarvc.supabase.co/rest/v1/stock_prices?select=date&symbol=eq.ACAP&exchange=eq.EGX&order=date.desc&limit=1 "HTTP/2 206 Partial Content"
2026-06-19 18:29:27 [INFO] httpx: HTTP Request: GET https://gfcmaxbtscmizsakarvc.supabase.co/rest/v1/stock_prices?select=date&symbol=eq.ACAMD&exchange=eq.EGX&order=date.desc&limit=1 "HTTP/2 206 Partial Content"
2026-06-19 18:29:27 [INFO] httpx: HTTP Request: GET https://gfcmaxbtscmizsakarvc.supabase.co/rest/v1/stock_prices?select=date&symbol=eq.AALR&exchange=eq.EGX&order=date.desc&limit=1 "HTTP/2 206 Partial Content"
2026-06-19 18:29:28 [WARNING] tvDatafeed.main: you are using nologin method, data you access may be limited
2026-06-19 18:29:28 [WARNING] tvDatafeed.main: you are using nologin method, data you access may be limited
2026-06-19 18:29:28 [WARNING] tvDatafeed.main: you are using nologin method, data you access may be limited
2026-06-19 18:29:28 [WARNING] tvDatafeed.main: you are using nologin method, data you access may be limited
2026-06-19 18:29:28 [WARNING] tvDatafeed.main: you are using nologin method, data you access may be limited
2026-06-19 18:29:28 [WARNING] tvDatafeed.main: you are using nologin method, data you access may be limited
2026-06-19 18:29:28 [WARNING] tvDatafeed.main: you are using nologin method, data you access may be limited
2026-06-19 18:29:28 [WARNING] tvDatafeed.main: you are using nologin method, data you access may be limited
2026-06-19 18:29:28 [WARNING] tvDatafeed.main: you are using nologin method, data you access may be limited
2026-06-19 18:29:28 [WARNING] tvDatafeed.main: you are using nologin method, data you access may be limited
2026-06-19 18:29:30 [INFO] httpx: HTTP Request: POST https://gfcmaxbtscmizsakarvc.supabase.co/rest/v1/stock_prices?on_conflict=symbol%2Cexchange%2Cdate&columns=%22volume%22%2C%22open%22%2C%22adjusted_close%22%2C%22high%22%2C%22symbol%22%2C%22exchange%22%2C%22close%22%2C%22date%22%2C%22low%22 "HTTP/2 200 OK"
2026-06-19 18:29:30 [INFO] httpx: HTTP Request: GET https://gfcmaxbtscmizsakarvc.supabase.co/rest/v1/stock_prices?select=date&symbol=eq.AFDI&exchange=eq.EGX&order=date.desc&limit=1 "HTTP/2 206 Partial Content"
2026-06-19 18:29:30 [INFO] httpx: HTTP Request: POST https://gfcmaxbtscmizsakarvc.supabase.co/rest/v1/stock_prices?on_conflict=symbol%2Cexchange%2Cdate&columns=%22volume%22%2C%22open%22%2C%22adjusted_close%22%2C%22high%22%2C%22symbol%22%2C%22exchange%22%2C%22close%22%2C%22date%22%2C%22low%22 "HTTP/2 200 OK"
2026-06-19 18:29:30 [INFO] httpx: HTTP Request: POST https://gfcmaxbtscmizsakarvc.supabase.co/rest/v1/stock_prices?on_conflict=symbol%2Cexchange%2Cdate&columns=%22volume%22%2C%22open%22%2C%22adjusted_close%22%2C%22high%22%2C%22symbol%22%2C%22exchange%22%2C%22close%22%2C%22date%22%2C%22low%22 "HTTP/2 200 OK"
2026-06-19 18:29:30 [INFO] httpx: HTTP Request: POST https://gfcmaxbtscmizsakarvc.supabase.co/rest/v1/stock_prices?on_conflict=symbol%2Cexchange%2Cdate&columns=%22volume%22%2C%22open%22%2C%22adjusted_close%22%2C%22high%22%2C%22symbol%22%2C%22exchange%22%2C%22close%22%2C%22date%22%2C%22low%22 "HTTP/2 200 OK"
2026-06-19 18:29:30 [INFO] httpx: HTTP Request: POST https://gfcmaxbtscmizsakarvc.supabase.co/rest/v1/stock_prices?on_conflict=symbol%2Cexchange%2Cdate&columns=%22volume%22%2C%22open%22%2C%22adjusted_close%22%2C%22high%22%2C%22symbol%22%2C%22exchange%22%2C%22close%22%2C%22date%22%2C%22low%22 "HTTP/2 200 OK"
2026-06-19 18:29:30 [INFO] httpx: HTTP Request: POST https://gfcmaxbtscmizsakarvc.supabase.co/rest/v1/stock_prices?on_conflict=symbol%2Cexchange%2Cdate&columns=%22volume%22%2C%22open%22%2C%22adjusted_close%22%2C%22high%22%2C%22symbol%22%2C%22exchange%22%2C%22close%22%2C%22date%22%2C%22low%22 "HTTP/2 200 OK"
2026-06-19 18:29:30 [INFO] httpx: HTTP Request: POST https://gfcmaxbtscmizsakarvc.supabase.co/rest/v1/stock_prices?on_conflict=symbol%2Cexchange%2Cdate&columns=%22volume%22%2C%22open%22%2C%22adjusted_close%22%2C%22high%22%2C%22symbol%22%2C%22exchange%22%2C%22close%22%2C%22date%22%2C%22low%22 "HTTP/2 200 OK"
2026-06-19 18:29:30 [INFO] httpx: HTTP Request: POST https://gfcmaxbtscmizsakarvc.supabase.co/rest/v1/stock_prices?on_conflict=symbol%2Cexchange%2Cdate&columns=%22volume%22%2C%22open%22%2C%22adjusted_close%22%2C%22high%22%2C%22symbol%22%2C%22exchange%22%2C%22close%22%2C%22date%22%2C%22low%22 "HTTP/2 200 OK"
2026-06-19 18:29:30 [INFO] httpx: HTTP Request: POST https://gfcmaxbtscmizsakarvc.supabase.co/rest/v1/stock_prices?on_conflict=symbol%2Cexchange%2Cdate&columns=%22volume%22%2C%22open%22%2C%22adjusted_close%22%2C%22high%22%2C%22symbol%22%2C%22exchange%22%2C%22close%22%2C%22date%22%2C%22low%22 "HTTP/2 200 OK"
2026-06-19 18:29:30 [INFO] httpx: HTTP Request: POST https://gfcmaxbtscmizsakarvc.supabase.co/rest/v1/stock_prices?on_conflict=symbol%2Cexchange%2Cdate&columns=%22volume%22%2C%22open%22%2C%22adjusted_close%22%2C%22high%22%2C%22symbol%22%2C%22exchange%22%2C%22close%22%2C%22date%22%2C%22low%22 "HTTP/2 200 OK"
2026-06-19 18:29:31 [INFO] httpx: HTTP Request: POST https://gfcmaxbtscmizsakarvc.supabase.co/rest/v1/stock_prices?on_conflict=symbol%2Cexchange%2Cdate&columns=%22volume%22%2C%22open%22%2C%22adjusted_close%22%2C%22high%22%2C%22symbol%22%2C%22exchange%22%2C%22close%22%2C%22date%22%2C%22low%22 "HTTP/2 200 OK"
2026-06-19 18:29:31 [INFO] httpx: HTTP Request: POST https://gfcmaxbtscmizsakarvc.supabase.co/rest/v1/stock_prices?on_conflict=symbol%2Cexchange%2Cdate&columns=%22volume%22%2C%22open%22%2C%22adjusted_close%22%2C%22high%22%2C%22symbol%22%2C%22exchange%22%2C%22close%22%2C%22date%22%2C%22low%22 "HTTP/2 201 Created"
2026-06-19 18:29:31 [INFO] httpx: HTTP Request: POST https://gfcmaxbtscmizsakarvc.supabase.co/rest/v1/stock_prices?on_conflict=symbol%2Cexchange%2Cdate&columns=%22volume%22%2C%22open%22%2C%22adjusted_close%22%2C%22high%22%2C%22symbol%22%2C%22exchange%22%2C%22close%22%2C%22date%22%2C%22low%22 "HTTP/2 201 Created"
2026-06-19 18:29:31 [INFO] httpx: HTTP Request: GET https://gfcmaxbtscmizsakarvc.supabase.co/rest/v1/stock_prices?select=date&symbol=eq.AFMC&exchange=eq.EGX&order=date.desc&limit=1 "HTTP/2 206 Partial Content"
2026-06-19 18:29:31 [INFO] httpx: HTTP Request: POST https://gfcmaxbtscmizsakarvc.supabase.co/rest/v1/stock_prices?on_conflict=symbol%2Cexchange%2Cdate&columns=%22volume%22%2C%22open%22%2C%22adjusted_close%22%2C%22high%22%2C%22symbol%22%2C%22exchange%22%2C%22close%22%2C%22date%22%2C%22low%22 "HTTP/2 200 OK"
2026-06-19 18:29:31 [INFO] httpx: HTTP Request: GET https://gfcmaxbtscmizsakarvc.supabase.co/rest/v1/stock_prices?select=date&symbol=eq.AGIG&exchange=eq.EGX&order=date.desc&limit=1 "HTTP/2 200 OK"
2026-06-19 18:29:32 [WARNING] tvDatafeed.main: you are using nologin method, data you access may be limited
2026-06-19 18:29:32 [INFO] httpx: HTTP Request: POST https://gfcmaxbtscmizsakarvc.supabase.co/rest/v1/stock_prices?on_conflict=symbol%2Cexchange%2Cdate&columns=%22volume%22%2C%22open%22%2C%22adjusted_close%22%2C%22high%22%2C%22symbol%22%2C%22exchange%22%2C%22close%22%2C%22date%22%2C%22low%22 "HTTP/2 200 OK"
2026-06-19 18:29:32 [INFO] httpx: HTTP Request: GET https://gfcmaxbtscmizsakarvc.supabase.co/rest/v1/stock_prices?select=date&symbol=eq.AIDC&exchange=eq.EGX&order=date.desc&limit=1 "HTTP/2 206 Partial Content"
2026-06-19 18:29:32 [INFO] httpx: HTTP Request: GET https://gfcmaxbtscmizsakarvc.supabase.co/rest/v1/stock_prices?select=date&symbol=eq.AIVCB&exchange=eq.EGX&order=date.desc&limit=1 "HTTP/2 200 OK"
2026-06-19 18:29:32 [INFO] httpx: HTTP Request: GET https://gfcmaxbtscmizsakarvc.supabase.co/rest/v1/stock_prices?select=date&symbol=eq.AITG&exchange=eq.EGX&order=date.desc&limit=1 "HTTP/2 200 OK"
2026-06-19 18:29:32 [INFO] httpx: HTTP Request: GET https://gfcmaxbtscmizsakarvc.supabase.co/rest/v1/stock_prices?select=date&symbol=eq.AIND&exchange=eq.EGX&order=date.desc&limit=1 "HTTP/2 206 Partial Content"
2026-06-19 18:29:32 [WARNING] tvDatafeed.main: you are using nologin method, data you access may be limited
2026-06-19 18:29:33 [INFO] httpx: HTTP Request: POST https://gfcmaxbtscmizsakarvc.supabase.co/rest/v1/stock_prices?on_conflict=symbol%2Cexchange%2Cdate&columns=%22volume%22%2C%22open%22%2C%22adjusted_close%22%2C%22high%22%2C%22symbol%22%2C%22exchange%22%2C%22close%22%2C%22date%22%2C%22low%22 "HTTP/2 200 OK"
2026-06-19 18:29:33 [INFO] httpx: HTTP Request: POST https://gfcmaxbtscmizsakarvc.supabase.co/rest/v1/stock_prices?on_conflict=symbol%2Cexchange%2Cdate&columns=%22volume%22%2C%22open%22%2C%22adjusted_close%22%2C%22high%22%2C%22symbol%22%2C%22exchange%22%2C%22close%22%2C%22date%22%2C%22low%22 "HTTP/2 200 OK"
2026-06-19 18:29:33 [INFO] httpx: HTTP Request: GET https://gfcmaxbtscmizsakarvc.supabase.co/rest/v1/stock_prices?select=date&symbol=eq.AJWA&exchange=eq.EGX&order=date.desc&limit=1 "HTTP/2 206 Partial Content"
2026-06-19 18:29:33 [INFO] httpx: HTTP Request: POST https://gfcmaxbtscmizsakarvc.supabase.co/rest/v1/stock_prices?on_conflict=symbol%2Cexchange%2Cdate&columns=%22volume%22%2C%22open%22%2C%22adjusted_close%22%2C%22high%22%2C%22symbol%22%2C%22exchange%22%2C%22close%22%2C%22date%22%2C%22low%22 "HTTP/2 200 OK"
2026-06-19 18:29:33 [INFO] httpx: HTTP Request: GET https://gfcmaxbtscmizsakarvc.supabase.co/rest/v1/stock_prices?select=date&symbol=eq.ALCN&exchange=eq.EGX&order=date.desc&limit=1 "HTTP/2 206 Partial Content"
2026-06-19 18:29:33 [INFO] httpx: HTTP Request: GET https://gfcmaxbtscmizsakarvc.supabase.co/rest/v1/stock_prices?select=date&symbol=eq.ALEX&exchange=eq.EGX&order=date.desc&limit=1 "HTTP/2 206 Partial Content"
2026-06-19 18:29:34 [WARNING] tvDatafeed.main: you are using nologin method, data you access may be limited
2026-06-19 18:29:34 [WARNING] tvDatafeed.main: you are using nologin method, data you access may be limited
2026-06-19 18:29:34 [WARNING] tvDatafeed.main: you are using nologin method, data you access may be limited
2026-06-19 18:29:34 [WARNING] tvDatafeed.main: you are using nologin method, data you access may be limited
2026-06-19 18:29:34 [WARNING] tvDatafeed.main: you are using nologin method, data you access may be limited
2026-06-19 18:29:34 [INFO] httpx: HTTP Request: GET https://gfcmaxbtscmizsakarvc.supabase.co/rest/v1/stock_prices?select=date&symbol=eq.ALRA&exchange=eq.EGX&order=date.desc&limit=1 "HTTP/2 200 OK"
2026-06-19 18:29:34 [WARNING] tvDatafeed.main: you are using nologin method, data you access may be limited
2026-06-19 18:29:35 [WARNING] tvDatafeed.main: you are using nologin method, data you access may be limited
2026-06-19 18:29:35 [WARNING] tvDatafeed.main: you are using nologin method, data you access may be limited
2026-06-19 18:29:35 [INFO] httpx: HTTP Request: POST https://gfcmaxbtscmizsakarvc.supabase.co/rest/v1/stock_prices?on_conflict=symbol%2Cexchange%2Cdate&columns=%22volume%22%2C%22open%22%2C%22adjusted_close%22%2C%22high%22%2C%22symbol%22%2C%22exchange%22%2C%22close%22%2C%22date%22%2C%22low%22 "HTTP/2 200 OK"
2026-06-19 18:29:35 [WARNING] tvDatafeed.main: you are using nologin method, data you access may be limited
2026-06-19 18:29:36 [INFO] httpx: HTTP Request: GET https://gfcmaxbtscmizsakarvc.supabase.co/rest/v1/stock_prices?select=date&symbol=eq.ALUM&exchange=eq.EGX&order=date.desc&limit=1 "HTTP/2 206 Partial Content"
2026-06-19 18:29:36 [INFO] httpx: HTTP Request: POST https://gfcmaxbtscmizsakarvc.supabase.co/rest/v1/stock_prices?on_conflict=symbol%2Cexchange%2Cdate&columns=%22volume%22%2C%22open%22%2C%22adjusted_close%22%2C%22high%22%2C%22symbol%22%2C%22exchange%22%2C%22close%22%2C%22date%22%2C%22low%22 "HTTP/2 200 OK"
2026-06-19 18:29:37 [INFO] httpx: HTTP Request: POST https://gfcmaxbtscmizsakarvc.supabase.co/rest/v1/stock_prices?on_conflict=symbol%2Cexchange%2Cdate&columns=%22volume%22%2C%22open%22%2C%22adjusted_close%22%2C%22high%22%2C%22symbol%22%2C%22exchange%22%2C%22close%22%2C%22date%22%2C%22low%22 "HTTP/2 200 OK"
2026-06-19 18:29:37 [INFO] httpx: HTTP Request: GET https://gfcmaxbtscmizsakarvc.supabase.co/rest/v1/stock_prices?select=date&symbol=eq.AMER&exchange=eq.EGX&order=date.desc&limit=1 "HTTP/2 206 Partial Content"
2026-06-19 18:29:37 [INFO] httpx: HTTP Request: POST https://gfcmaxbtscmizsakarvc.supabase.co/rest/v1/stock_prices?on_conflict=symbol%2Cexchange%2Cdate&columns=%22volume%22%2C%22open%22%2C%22adjusted_close%22%2C%22high%22%2C%22symbol%22%2C%22exchange%22%2C%22close%22%2C%22date%22%2C%22low%22 "HTTP/2 200 OK"
2026-06-19 18:29:38 [WARNING] tvDatafeed.main: you are using nologin method, data you access may be limited
2026-06-19 18:29:39 [WARNING] tvDatafeed.main: you are using nologin method, data you access may be limited
2026-06-19 18:29:39 [INFO] httpx: HTTP Request: GET https://gfcmaxbtscmizsakarvc.supabase.co/rest/v1/stock_prices?select=date&symbol=eq.AMES&exchange=eq.EGX&order=date.desc&limit=1 "HTTP/2 206 Partial Content"
2026-06-19 18:29:40 [INFO] httpx: HTTP Request: POST https://gfcmaxbtscmizsakarvc.supabase.co/rest/v1/stock_prices?on_conflict=symbol%2Cexchange%2Cdate&columns=%22volume%22%2C%22open%22%2C%22adjusted_close%22%2C%22high%22%2C%22symbol%22%2C%22exchange%22%2C%22close%22%2C%22date%22%2C%22low%22 "HTTP/2 200 OK"
2026-06-19 18:29:40 [INFO] httpx: HTTP Request: POST https://gfcmaxbtscmizsakarvc.supabase.co/rest/v1/stock_prices?on_conflict=symbol%2Cexchange%2Cdate&columns=%22volume%22%2C%22open%22%2C%22adjusted_close%22%2C%22high%22%2C%22symbol%22%2C%22exchange%22%2C%22close%22%2C%22date%22%2C%22low%22 "HTTP/2 200 OK"
2026-06-19 18:29:41 [INFO] httpx: HTTP Request: GET https://gfcmaxbtscmizsakarvc.supabase.co/rest/v1/stock_prices?select=date&symbol=eq.AMIA&exchange=eq.EGX&order=date.desc&limit=1 "HTTP/2 206 Partial Content"
2026-06-19 18:29:41 [INFO] httpx: HTTP Request: GET https://gfcmaxbtscmizsakarvc.supabase.co/rest/v1/stock_prices?select=date&symbol=eq.AMOC&exchange=eq.EGX&order=date.desc&limit=1 "HTTP/2 206 Partial Content"
2026-06-19 18:29:41 [WARNING] tvDatafeed.main: you are using nologin method, data you access may be limited
2026-06-19 18:29:41 [INFO] httpx: HTTP Request: POST https://gfcmaxbtscmizsakarvc.supabase.co/rest/v1/stock_prices?on_conflict=symbol%2Cexchange%2Cdate&columns=%22volume%22%2C%22open%22%2C%22adjusted_close%22%2C%22high%22%2C%22symbol%22%2C%22exchange%22%2C%22close%22%2C%22date%22%2C%22low%22 "HTTP/2 200 OK"
2026-06-19 18:29:41 [ERROR] tvDatafeed.main: Connection timed out
2026-06-19 18:29:41 [ERROR] tvDatafeed.main: no data, please check the exchange and symbol
2026-06-19 18:29:41 [ERROR] tvDatafeed.main: Connection timed out
2026-06-19 18:29:41 [ERROR] tvDatafeed.main: no data, please check the exchange and symbol
2026-06-19 18:29:42 [INFO] httpx: HTTP Request: GET https://gfcmaxbtscmizsakarvc.supabase.co/rest/v1/stock_prices?select=date&symbol=eq.APPC&exchange=eq.EGX&order=date.desc&limit=1 "HTTP/2 206 Partial Content"
2026-06-19 18:29:42 [INFO] httpx: HTTP Request: POST https://gfcmaxbtscmizsakarvc.supabase.co/rest/v1/stock_prices?on_conflict=symbol%2Cexchange%2Cdate&columns=%22volume%22%2C%22open%22%2C%22adjusted_close%22%2C%22high%22%2C%22symbol%22%2C%22exchange%22%2C%22close%22%2C%22date%22%2C%22low%22 "HTTP/2 200 OK"
2026-06-19 18:29:42 [INFO] httpx: HTTP Request: GET https://gfcmaxbtscmizsakarvc.supabase.co/rest/v1/stock_prices?select=date&symbol=eq.APSW&exchange=eq.EGX&order=date.desc&limit=1 "HTTP/2 206 Partial Content"
2026-06-19 18:29:42 [INFO] httpx: HTTP Request: GET https://gfcmaxbtscmizsakarvc.supabase.co/rest/v1/stock_prices?select=date&symbol=eq.ARCC&exchange=eq.EGX&order=date.desc&limit=1 "HTTP/2 206 Partial Content"
2026-06-19 18:29:42 [INFO] httpx: HTTP Request: GET https://gfcmaxbtscmizsakarvc.supabase.co/rest/v1/stock_prices?select=date&symbol=eq.ARAB&exchange=eq.EGX&order=date.desc&limit=1 "HTTP/2 206 Partial Content"
2026-06-19 18:29:42 [WARNING] tvDatafeed.main: you are using nologin method, data you access may be limited
2026-06-19 18:29:42 [WARNING] tvDatafeed.main: you are using nologin method, data you access may be limited
2026-06-19 18:29:42 [ERROR] tvDatafeed.main: Connection timed out
2026-06-19 18:29:42 [ERROR] tvDatafeed.main: no data, please check the exchange and symbol
2026-06-19 18:29:42 [ERROR] tvDatafeed.main: Connection timed out
2026-06-19 18:29:42 [ERROR] tvDatafeed.main: no data, please check the exchange and symbol
2026-06-19 18:29:42 [INFO] httpx: HTTP Request: POST https://gfcmaxbtscmizsakarvc.supabase.co/rest/v1/stock_prices?on_conflict=symbol%2Cexchange%2Cdate&columns=%22volume%22%2C%22open%22%2C%22adjusted_close%22%2C%22high%22%2C%22symbol%22%2C%22exchange%22%2C%22close%22%2C%22date%22%2C%22low%22 "HTTP/2 200 OK"
2026-06-19 18:29:43 [INFO] httpx: HTTP Request: GET https://gfcmaxbtscmizsakarvc.supabase.co/rest/v1/stock_prices?select=date&symbol=eq.AREH&exchange=eq.EGX&order=date.desc&limit=1 "HTTP/2 206 Partial Content"
2026-06-19 18:29:43 [INFO] httpx: HTTP Request: GET https://gfcmaxbtscmizsakarvc.supabase.co/rest/v1/stock_prices?select=date&symbol=eq.AREHA&exchange=eq.EGX&order=date.desc&limit=1 "HTTP/2 200 OK"
2026-06-19 18:29:43 [INFO] httpx: HTTP Request: GET https://gfcmaxbtscmizsakarvc.supabase.co/rest/v1/stock_prices?select=date&symbol=eq.ARVA&exchange=eq.EGX&order=date.desc&limit=1 "HTTP/2 206 Partial Content"
2026-06-19 18:29:43 [WARNING] tvDatafeed.main: you are using nologin method, data you access may be limited
2026-06-19 18:29:43 [INFO] httpx: HTTP Request: POST https://gfcmaxbtscmizsakarvc.supabase.co/rest/v1/stock_prices?on_conflict=symbol%2Cexchange%2Cdate&columns=%22volume%22%2C%22open%22%2C%22adjusted_close%22%2C%22high%22%2C%22symbol%22%2C%22exchange%22%2C%22close%22%2C%22date%22%2C%22low%22 "HTTP/2 200 OK"
2026-06-19 18:29:44 [WARNING] tvDatafeed.main: you are using nologin method, data you access may be limited
2026-06-19 18:29:44 [WARNING] tvDatafeed.main: you are using nologin method, data you access may be limited
2026-06-19 18:29:44 [WARNING] tvDatafeed.main: you are using nologin method, data you access may be limited
2026-06-19 18:29:44 [INFO] httpx: HTTP Request: GET https://gfcmaxbtscmizsakarvc.supabase.co/rest/v1/stock_prices?select=date&symbol=eq.ASCM&exchange=eq.EGX&order=date.desc&limit=1 "HTTP/2 206 Partial Content"
2026-06-19 18:29:44 [INFO] httpx: HTTP Request: POST https://gfcmaxbtscmizsakarvc.supabase.co/rest/v1/stock_prices?on_conflict=symbol%2Cexchange%2Cdate&columns=%22volume%22%2C%22open%22%2C%22adjusted_close%22%2C%22high%22%2C%22symbol%22%2C%22exchange%22%2C%22close%22%2C%22date%22%2C%22low%22 "HTTP/2 200 OK"
2026-06-19 18:29:44 [WARNING] tvDatafeed.main: you are using nologin method, data you access may be limited
2026-06-19 18:29:44 [WARNING] tvDatafeed.main: you are using nologin method, data you access may be limited
2026-06-19 18:29:45 [WARNING] tvDatafeed.main: you are using nologin method, data you access may be limited
2026-06-19 18:29:45 [ERROR] tvDatafeed.main: Connection timed out
2026-06-19 18:29:45 [ERROR] tvDatafeed.main: no data, please check the exchange and symbol
2026-06-19 18:29:45 [INFO] httpx: HTTP Request: GET https://gfcmaxbtscmizsakarvc.supabase.co/rest/v1/stock_prices?select=date&symbol=eq.ASPI&exchange=eq.EGX&order=date.desc&limit=1 "HTTP/2 206 Partial Content"
2026-06-19 18:29:45 [INFO] httpx: HTTP Request: POST https://gfcmaxbtscmizsakarvc.supabase.co/rest/v1/stock_prices?on_conflict=symbol%2Cexchange%2Cdate&columns=%22volume%22%2C%22open%22%2C%22adjusted_close%22%2C%22high%22%2C%22symbol%22%2C%22exchange%22%2C%22close%22%2C%22date%22%2C%22low%22 "HTTP/2 200 OK"
2026-06-19 18:29:45 [INFO] httpx: HTTP Request: POST https://gfcmaxbtscmizsakarvc.supabase.co/rest/v1/stock_prices?on_conflict=symbol%2Cexchange%2Cdate&columns=%22volume%22%2C%22open%22%2C%22adjusted_close%22%2C%22high%22%2C%22symbol%22%2C%22exchange%22%2C%22close%22%2C%22date%22%2C%22low%22 "HTTP/2 200 OK"
2026-06-19 18:29:45 [INFO] httpx: HTTP Request: GET https://gfcmaxbtscmizsakarvc.supabase.co/rest/v1/stock_prices?select=date&symbol=eq.ATLC&exchange=eq.EGX&order=date.desc&limit=1 "HTTP/2 206 Partial Content"
2026-06-19 18:29:45 [INFO] httpx: HTTP Request: GET https://gfcmaxbtscmizsakarvc.supabase.co/rest/v1/stock_prices?select=date&symbol=eq.ATQA&exchange=eq.EGX&order=date.desc&limit=1 "HTTP/2 206 Partial Content"
2026-06-19 18:29:46 [WARNING] tvDatafeed.main: you are using nologin method, data you access may be limited
2026-06-19 18:29:46 [INFO] httpx: HTTP Request: GET https://gfcmaxbtscmizsakarvc.supabase.co/rest/v1/stock_prices?select=date&symbol=eq.AUTO&exchange=eq.EGX&order=date.desc&limit=1 "HTTP/2 200 OK"
2026-06-19 18:29:46 [WARNING] tvDatafeed.main: you are using nologin method, data you access may be limited
2026-06-19 18:29:47 [INFO] httpx: HTTP Request: POST https://gfcmaxbtscmizsakarvc.supabase.co/rest/v1/stock_prices?on_conflict=symbol%2Cexchange%2Cdate&columns=%22volume%22%2C%22open%22%2C%22adjusted_close%22%2C%22high%22%2C%22symbol%22%2C%22exchange%22%2C%22close%22%2C%22date%22%2C%22low%22 "HTTP/2 200 OK"
2026-06-19 18:29:47 [WARNING] tvDatafeed.main: you are using nologin method, data you access may be limited
2026-06-19 18:29:47 [WARNING] tvDatafeed.main: you are using nologin method, data you access may be limited
2026-06-19 18:29:47 [INFO] httpx: HTTP Request: POST https://gfcmaxbtscmizsakarvc.supabase.co/rest/v1/stock_prices?on_conflict=symbol%2Cexchange%2Cdate&columns=%22volume%22%2C%22open%22%2C%22adjusted_close%22%2C%22high%22%2C%22symbol%22%2C%22exchange%22%2C%22close%22%2C%22date%22%2C%22low%22 "HTTP/2 200 OK"
2026-06-19 18:29:47 [ERROR] tvDatafeed.main: Connection to remote host was lost.
2026-06-19 18:29:47 [ERROR] tvDatafeed.main: no data, please check the exchange and symbol
2026-06-19 18:29:47 [INFO] httpx: HTTP Request: POST https://gfcmaxbtscmizsakarvc.supabase.co/rest/v1/stock_prices?on_conflict=symbol%2Cexchange%2Cdate&columns=%22volume%22%2C%22open%22%2C%22adjusted_close%22%2C%22high%22%2C%22symbol%22%2C%22exchange%22%2C%22close%22%2C%22date%22%2C%22low%22 "HTTP/2 200 OK"
2026-06-19 18:29:47 [INFO] httpx: HTTP Request: GET https://gfcmaxbtscmizsakarvc.supabase.co/rest/v1/stock_prices?select=date&symbol=eq.BINV&exchange=eq.EGX&order=date.desc&limit=1 "HTTP/2 206 Partial Content"
2026-06-19 18:29:47 [INFO] httpx: HTTP Request: GET https://gfcmaxbtscmizsakarvc.supabase.co/rest/v1/stock_prices?select=date&symbol=eq.AXPH&exchange=eq.EGX&order=date.desc&limit=1 "HTTP/2 206 Partial Content"
2026-06-19 18:29:48 [INFO] httpx: HTTP Request: POST https://gfcmaxbtscmizsakarvc.supabase.co/rest/v1/stock_prices?on_conflict=symbol%2Cexchange%2Cdate&columns=%22volume%22%2C%22open%22%2C%22adjusted_close%22%2C%22high%22%2C%22symbol%22%2C%22exchange%22%2C%22close%22%2C%22date%22%2C%22low%22 "HTTP/2 200 OK"
2026-06-19 18:29:48 [INFO] httpx: HTTP Request: GET https://gfcmaxbtscmizsakarvc.supabase.co/rest/v1/stock_prices?select=date&symbol=eq.BIOC&exchange=eq.EGX&order=date.desc&limit=1 "HTTP/2 206 Partial Content"
2026-06-19 18:29:48 [INFO] httpx: HTTP Request: GET https://gfcmaxbtscmizsakarvc.supabase.co/rest/v1/stock_prices?select=date&symbol=eq.BONY&exchange=eq.EGX&order=date.desc&limit=1 "HTTP/2 206 Partial Content"
2026-06-19 18:29:48 [WARNING] tvDatafeed.main: you are using nologin method, data you access may be limited
2026-06-19 18:29:48 [INFO] httpx: HTTP Request: POST https://gfcmaxbtscmizsakarvc.supabase.co/rest/v1/stock_prices?on_conflict=symbol%2Cexchange%2Cdate&columns=%22volume%22%2C%22open%22%2C%22adjusted_close%22%2C%22high%22%2C%22symbol%22%2C%22exchange%22%2C%22close%22%2C%22date%22%2C%22low%22 "HTTP/2 200 OK"
2026-06-19 18:29:48 [INFO] httpx: HTTP Request: GET https://gfcmaxbtscmizsakarvc.supabase.co/rest/v1/stock_prices?select=date&symbol=eq.BTFH&exchange=eq.EGX&order=date.desc&limit=1 "HTTP/2 206 Partial Content"
2026-06-19 18:29:49 [INFO] httpx: HTTP Request: GET https://gfcmaxbtscmizsakarvc.supabase.co/rest/v1/stock_prices?select=date&symbol=eq.CAED&exchange=eq.EGX&order=date.desc&limit=1 "HTTP/2 206 Partial Content"
2026-06-19 18:29:49 [WARNING] tvDatafeed.main: you are using nologin method, data you access may be limited
2026-06-19 18:29:49 [WARNING] tvDatafeed.main: you are using nologin method, data you access may be limited
2026-06-19 18:29:49 [INFO] httpx: HTTP Request: POST https://gfcmaxbtscmizsakarvc.supabase.co/rest/v1/stock_prices?on_conflict=symbol%2Cexchange%2Cdate&columns=%22volume%22%2C%22open%22%2C%22adjusted_close%22%2C%22high%22%2C%22symbol%22%2C%22exchange%22%2C%22close%22%2C%22date%22%2C%22low%22 "HTTP/2 200 OK"
2026-06-19 18:29:49 [INFO] httpx: HTTP Request: POST https://gfcmaxbtscmizsakarvc.supabase.co/rest/v1/stock_prices?on_conflict=symbol%2Cexchange%2Cdate&columns=%22volume%22%2C%22open%22%2C%22adjusted_close%22%2C%22high%22%2C%22symbol%22%2C%22exchange%22%2C%22close%22%2C%22date%22%2C%22low%22 "HTTP/2 200 OK"
2026-06-19 18:29:49 [WARNING] tvDatafeed.main: you are using nologin method, data you access may be limited
2026-06-19 18:29:49 [WARNING] tvDatafeed.main: you are using nologin method, data you access may be limited
2026-06-19 18:29:50 [INFO] httpx: HTTP Request: GET https://gfcmaxbtscmizsakarvc.supabase.co/rest/v1/stock_prices?select=date&symbol=eq.CANA&exchange=eq.EGX&order=date.desc&limit=1 "HTTP/2 206 Partial Content"
2026-06-19 18:29:50 [INFO] httpx: HTTP Request: GET https://gfcmaxbtscmizsakarvc.supabase.co/rest/v1/stock_prices?select=date&symbol=eq.CCAP&exchange=eq.EGX&order=date.desc&limit=1 "HTTP/2 206 Partial Content"
2026-06-19 18:29:50 [WARNING] tvDatafeed.main: you are using nologin method, data you access may be limited
2026-06-19 18:29:50 [INFO] httpx: HTTP Request: POST https://gfcmaxbtscmizsakarvc.supabase.co/rest/v1/stock_prices?on_conflict=symbol%2Cexchange%2Cdate&columns=%22volume%22%2C%22open%22%2C%22adjusted_close%22%2C%22high%22%2C%22symbol%22%2C%22exchange%22%2C%22close%22%2C%22date%22%2C%22low%22 "HTTP/2 200 OK"
2026-06-19 18:29:51 [ERROR] tvDatafeed.main: Connection to remote host was lost.
2026-06-19 18:29:51 [ERROR] tvDatafeed.main: no data, please check the exchange and symbol
2026-06-19 18:29:51 [WARNING] tvDatafeed.main: you are using nologin method, data you access may be limited
2026-06-19 18:29:51 [INFO] httpx: HTTP Request: POST https://gfcmaxbtscmizsakarvc.supabase.co/rest/v1/stock_prices?on_conflict=symbol%2Cexchange%2Cdate&columns=%22volume%22%2C%22open%22%2C%22adjusted_close%22%2C%22high%22%2C%22symbol%22%2C%22exchange%22%2C%22close%22%2C%22date%22%2C%22low%22 "HTTP/2 200 OK"
2026-06-19 18:29:51 [INFO] httpx: HTTP Request: GET https://gfcmaxbtscmizsakarvc.supabase.co/rest/v1/stock_prices?select=date&symbol=eq.CCRS&exchange=eq.EGX&order=date.desc&limit=1 "HTTP/2 206 Partial Content"
2026-06-19 18:29:51 [INFO] httpx: HTTP Request: POST https://gfcmaxbtscmizsakarvc.supabase.co/rest/v1/stock_prices?on_conflict=symbol%2Cexchange%2Cdate&columns=%22volume%22%2C%22open%22%2C%22adjusted_close%22%2C%22high%22%2C%22symbol%22%2C%22exchange%22%2C%22close%22%2C%22date%22%2C%22low%22 "HTTP/2 200 OK"
2026-06-19 18:29:51 [INFO] httpx: HTTP Request: GET https://gfcmaxbtscmizsakarvc.supabase.co/rest/v1/stock_prices?select=date&symbol=eq.CEFM&exchange=eq.EGX&order=date.desc&limit=1 "HTTP/2 206 Partial Content"
2026-06-19 18:29:51 [WARNING] tvDatafeed.main: you are using nologin method, data you access may be limited
2026-06-19 18:29:51 [INFO] httpx: HTTP Request: GET https://gfcmaxbtscmizsakarvc.supabase.co/rest/v1/stock_prices?select=date&symbol=eq.CERA&exchange=eq.EGX&order=date.desc&limit=1 "HTTP/2 206 Partial Content"
2026-06-19 18:29:52 [INFO] httpx: HTTP Request: POST https://gfcmaxbtscmizsakarvc.supabase.co/rest/v1/stock_prices?on_conflict=symbol%2Cexchange%2Cdate&columns=%22volume%22%2C%22open%22%2C%22adjusted_close%22%2C%22high%22%2C%22symbol%22%2C%22exchange%22%2C%22close%22%2C%22date%22%2C%22low%22 "HTTP/2 200 OK"
2026-06-19 18:29:52 [INFO] httpx: HTTP Request: GET https://gfcmaxbtscmizsakarvc.supabase.co/rest/v1/stock_prices?select=date&symbol=eq.CFGH&exchange=eq.EGX&order=date.desc&limit=1 "HTTP/2 206 Partial Content"
2026-06-19 18:29:52 [WARNING] tvDatafeed.main: you are using nologin method, data you access may be limited
2026-06-19 18:29:52 [INFO] httpx: HTTP Request: GET https://gfcmaxbtscmizsakarvc.supabase.co/rest/v1/stock_prices?select=date&symbol=eq.CICH&exchange=eq.EGX&order=date.desc&limit=1 "HTTP/2 206 Partial Content"
2026-06-19 18:29:52 [INFO] httpx: HTTP Request: POST https://gfcmaxbtscmizsakarvc.supabase.co/rest/v1/stock_prices?on_conflict=symbol%2Cexchange%2Cdate&columns=%22volume%22%2C%22open%22%2C%22adjusted_close%22%2C%22high%22%2C%22symbol%22%2C%22exchange%22%2C%22close%22%2C%22date%22%2C%22low%22 "HTTP/2 200 OK"
2026-06-19 18:29:52 [WARNING] tvDatafeed.main: you are using nologin method, data you access may be limited
2026-06-19 18:29:53 [INFO] httpx: HTTP Request: POST https://gfcmaxbtscmizsakarvc.supabase.co/rest/v1/stock_prices?on_conflict=symbol%2Cexchange%2Cdate&columns=%22volume%22%2C%22open%22%2C%22adjusted_close%22%2C%22high%22%2C%22symbol%22%2C%22exchange%22%2C%22close%22%2C%22date%22%2C%22low%22 "HTTP/2 200 OK"
2026-06-19 18:29:53 [WARNING] tvDatafeed.main: you are using nologin method, data you access may be limited
2026-06-19 18:29:53 [INFO] httpx: HTTP Request: POST https://gfcmaxbtscmizsakarvc.supabase.co/rest/v1/stock_prices?on_conflict=symbol%2Cexchange%2Cdate&columns=%22volume%22%2C%22open%22%2C%22adjusted_close%22%2C%22high%22%2C%22symbol%22%2C%22exchange%22%2C%22close%22%2C%22date%22%2C%22low%22 "HTTP/2 200 OK"
2026-06-19 18:29:53 [INFO] httpx: HTTP Request: POST https://gfcmaxbtscmizsakarvc.supabase.co/rest/v1/stock_prices?on_conflict=symbol%2Cexchange%2Cdate&columns=%22volume%22%2C%22open%22%2C%22adjusted_close%22%2C%22high%22%2C%22symbol%22%2C%22exchange%22%2C%22close%22%2C%22date%22%2C%22low%22 "HTTP/2 200 OK"
2026-06-19 18:29:53 [INFO] httpx: HTTP Request: GET https://gfcmaxbtscmizsakarvc.supabase.co/rest/v1/stock_prices?select=date&symbol=eq.CIEB&exchange=eq.EGX&order=date.desc&limit=1 "HTTP/2 206 Partial Content"
2026-06-19 18:29:53 [WARNING] tvDatafeed.main: you are using nologin method, data you access may be limited
2026-06-19 18:29:53 [WARNING] tvDatafeed.main: you are using nologin method, data you access may be limited
2026-06-19 18:29:53 [INFO] httpx: HTTP Request: POST https://gfcmaxbtscmizsakarvc.supabase.co/rest/v1/stock_prices?on_conflict=symbol%2Cexchange%2Cdate&columns=%22volume%22%2C%22open%22%2C%22adjusted_close%22%2C%22high%22%2C%22symbol%22%2C%22exchange%22%2C%22close%22%2C%22date%22%2C%22low%22 "HTTP/2 200 OK"
2026-06-19 18:29:54 [INFO] httpx: HTTP Request: GET https://gfcmaxbtscmizsakarvc.supabase.co/rest/v1/stock_prices?select=date&symbol=eq.CIRA&exchange=eq.EGX&order=date.desc&limit=1 "HTTP/2 206 Partial Content"
2026-06-19 18:29:54 [INFO] httpx: HTTP Request: GET https://gfcmaxbtscmizsakarvc.supabase.co/rest/v1/stock_prices?select=date&symbol=eq.CIRF&exchange=eq.EGX&order=date.desc&limit=1 "HTTP/2 200 OK"
2026-06-19 18:29:54 [INFO] httpx: HTTP Request: POST https://gfcmaxbtscmizsakarvc.supabase.co/rest/v1/stock_prices?on_conflict=symbol%2Cexchange%2Cdate&columns=%22volume%22%2C%22open%22%2C%22adjusted_close%22%2C%22high%22%2C%22symbol%22%2C%22exchange%22%2C%22close%22%2C%22date%22%2C%22low%22 "HTTP/2 200 OK"
2026-06-19 18:29:54 [WARNING] tvDatafeed.main: you are using nologin method, data you access may be limited
2026-06-19 18:29:54 [ERROR] tvDatafeed.main: Connection to remote host was lost.
2026-06-19 18:29:54 [ERROR] tvDatafeed.main: no data, please check the exchange and symbol
2026-06-19 18:29:54 [INFO] httpx: HTTP Request: GET https://gfcmaxbtscmizsakarvc.supabase.co/rest/v1/stock_prices?select=date&symbol=eq.CLHO&exchange=eq.EGX&order=date.desc&limit=1 "HTTP/2 206 Partial Content"
2026-06-19 18:29:54 [INFO] httpx: HTTP Request: POST https://gfcmaxbtscmizsakarvc.supabase.co/rest/v1/stock_prices?on_conflict=symbol%2Cexchange%2Cdate&columns=%22volume%22%2C%22open%22%2C%22adjusted_close%22%2C%22high%22%2C%22symbol%22%2C%22exchange%22%2C%22close%22%2C%22date%22%2C%22low%22 "HTTP/2 200 OK"
2026-06-19 18:29:55 [WARNING] tvDatafeed.main: you are using nologin method, data you access may be limited
2026-06-19 18:29:55 [INFO] httpx: HTTP Request: POST https://gfcmaxbtscmizsakarvc.supabase.co/rest/v1/stock_prices?on_conflict=symbol%2Cexchange%2Cdate&columns=%22volume%22%2C%22open%22%2C%22adjusted_close%22%2C%22high%22%2C%22symbol%22%2C%22exchange%22%2C%22close%22%2C%22date%22%2C%22low%22 "HTTP/2 200 OK"
2026-06-19 18:29:55 [INFO] httpx: HTTP Request: POST https://gfcmaxbtscmizsakarvc.supabase.co/rest/v1/stock_prices?on_conflict=symbol%2Cexchange%2Cdate&columns=%22volume%22%2C%22open%22%2C%22adjusted_close%22%2C%22high%22%2C%22symbol%22%2C%22exchange%22%2C%22close%22%2C%22date%22%2C%22low%22 "HTTP/2 200 OK"
2026-06-19 18:29:55 [WARNING] tvDatafeed.main: you are using nologin method, data you access may be limited
2026-06-19 18:29:55 [INFO] httpx: HTTP Request: POST https://gfcmaxbtscmizsakarvc.supabase.co/rest/v1/stock_prices?on_conflict=symbol%2Cexchange%2Cdate&columns=%22volume%22%2C%22open%22%2C%22adjusted_close%22%2C%22high%22%2C%22symbol%22%2C%22exchange%22%2C%22close%22%2C%22date%22%2C%22low%22 "HTTP/2 201 Created"
2026-06-19 18:29:55 [INFO] httpx: HTTP Request: POST https://gfcmaxbtscmizsakarvc.supabase.co/rest/v1/stock_prices?on_conflict=symbol%2Cexchange%2Cdate&columns=%22volume%22%2C%22open%22%2C%22adjusted_close%22%2C%22high%22%2C%22symbol%22%2C%22exchange%22%2C%22close%22%2C%22date%22%2C%22low%22 "HTTP/2 200 OK"
2026-06-19 18:29:55 [WARNING] tvDatafeed.main: you are using nologin method, data you access may be limited
2026-06-19 18:29:55 [INFO] httpx: HTTP Request: GET https://gfcmaxbtscmizsakarvc.supabase.co/rest/v1/stock_prices?select=date&symbol=eq.CNFN&exchange=eq.EGX&order=date.desc&limit=1 "HTTP/2 206 Partial Content"
2026-06-19 18:29:56 [INFO] httpx: HTTP Request: GET https://gfcmaxbtscmizsakarvc.supabase.co/rest/v1/stock_prices?select=date&symbol=eq.COMI&exchange=eq.EGX&order=date.desc&limit=1 "HTTP/2 206 Partial Content"
2026-06-19 18:29:56 [INFO] httpx: HTTP Request: GET https://gfcmaxbtscmizsakarvc.supabase.co/rest/v1/stock_prices?select=date&symbol=eq.COPR&exchange=eq.EGX&order=date.desc&limit=1 "HTTP/2 206 Partial Content"
2026-06-19 18:29:56 [WARNING] tvDatafeed.main: you are using nologin method, data you access may be limited
2026-06-19 18:29:56 [INFO] httpx: HTTP Request: POST https://gfcmaxbtscmizsakarvc.supabase.co/rest/v1/stock_prices?on_conflict=symbol%2Cexchange%2Cdate&columns=%22volume%22%2C%22open%22%2C%22adjusted_close%22%2C%22high%22%2C%22symbol%22%2C%22exchange%22%2C%22close%22%2C%22date%22%2C%22low%22 "HTTP/2 200 OK"
2026-06-19 18:29:56 [INFO] httpx: HTTP Request: POST https://gfcmaxbtscmizsakarvc.supabase.co/rest/v1/stock_prices?on_conflict=symbol%2Cexchange%2Cdate&columns=%22volume%22%2C%22open%22%2C%22adjusted_close%22%2C%22high%22%2C%22symbol%22%2C%22exchange%22%2C%22close%22%2C%22date%22%2C%22low%22 "HTTP/2 200 OK"
2026-06-19 18:29:56 [INFO] httpx: HTTP Request: GET https://gfcmaxbtscmizsakarvc.supabase.co/rest/v1/stock_prices?select=date&symbol=eq.COSG&exchange=eq.EGX&order=date.desc&limit=1 "HTTP/2 206 Partial Content"
2026-06-19 18:29:57 [INFO] httpx: HTTP Request: POST https://gfcmaxbtscmizsakarvc.supabase.co/rest/v1/stock_prices?on_conflict=symbol%2Cexchange%2Cdate&columns=%22volume%22%2C%22open%22%2C%22adjusted_close%22%2C%22high%22%2C%22symbol%22%2C%22exchange%22%2C%22close%22%2C%22date%22%2C%22low%22 "HTTP/2 200 OK"
2026-06-19 18:29:57 [INFO] httpx: HTTP Request: GET https://gfcmaxbtscmizsakarvc.supabase.co/rest/v1/stock_prices?select=date&symbol=eq.CPCI&exchange=eq.EGX&order=date.desc&limit=1 "HTTP/2 206 Partial Content"
2026-06-19 18:29:57 [WARNING] tvDatafeed.main: you are using nologin method, data you access may be limited
2026-06-19 18:29:57 [INFO] httpx: HTTP Request: POST https://gfcmaxbtscmizsakarvc.supabase.co/rest/v1/stock_prices?on_conflict=symbol%2Cexchange%2Cdate&columns=%22volume%22%2C%22open%22%2C%22adjusted_close%22%2C%22high%22%2C%22symbol%22%2C%22exchange%22%2C%22close%22%2C%22date%22%2C%22low%22 "HTTP/2 200 OK"
2026-06-19 18:29:57 [WARNING] tvDatafeed.main: you are using nologin method, data you access may be limited
2026-06-19 18:29:57 [WARNING] tvDatafeed.main: you are using nologin method, data you access may be limited
2026-06-19 18:29:57 [INFO] httpx: HTTP Request: GET https://gfcmaxbtscmizsakarvc.supabase.co/rest/v1/stock_prices?select=date&symbol=eq.CPME&exchange=eq.EGX&order=date.desc&limit=1 "HTTP/2 206 Partial Content"
2026-06-19 18:29:58 [INFO] httpx: HTTP Request: POST https://gfcmaxbtscmizsakarvc.supabase.co/rest/v1/stock_prices?on_conflict=symbol%2Cexchange%2Cdate&columns=%22volume%22%2C%22open%22%2C%22adjusted_close%22%2C%22high%22%2C%22symbol%22%2C%22exchange%22%2C%22close%22%2C%22date%22%2C%22low%22 "HTTP/2 200 OK"
2026-06-19 18:29:58 [INFO] httpx: HTTP Request: GET https://gfcmaxbtscmizsakarvc.supabase.co/rest/v1/stock_prices?select=date&symbol=eq.CRST&exchange=eq.EGX&order=date.desc&limit=1 "HTTP/2 206 Partial Content"
2026-06-19 18:29:58 [INFO] httpx: HTTP Request: GET https://gfcmaxbtscmizsakarvc.supabase.co/rest/v1/stock_prices?select=date&symbol=eq.CSAG&exchange=eq.EGX&order=date.desc&limit=1 "HTTP/2 206 Partial Content"
2026-06-19 18:29:58 [WARNING] tvDatafeed.main: you are using nologin method, data you access may be limited
2026-06-19 18:29:58 [WARNING] tvDatafeed.main: you are using nologin method, data you access may be limited
2026-06-19 18:29:59 [INFO] httpx: HTTP Request: POST https://gfcmaxbtscmizsakarvc.supabase.co/rest/v1/stock_prices?on_conflict=symbol%2Cexchange%2Cdate&columns=%22volume%22%2C%22open%22%2C%22adjusted_close%22%2C%22high%22%2C%22symbol%22%2C%22exchange%22%2C%22close%22%2C%22date%22%2C%22low%22 "HTTP/2 200 OK"
2026-06-19 18:29:59 [WARNING] tvDatafeed.main: you are using nologin method, data you access may be limited
2026-06-19 18:29:59 [INFO] httpx: HTTP Request: GET https://gfcmaxbtscmizsakarvc.supabase.co/rest/v1/stock_prices?select=date&symbol=eq.DAPH&exchange=eq.EGX&order=date.desc&limit=1 "HTTP/2 206 Partial Content"
2026-06-19 18:29:59 [INFO] httpx: HTTP Request: POST https://gfcmaxbtscmizsakarvc.supabase.co/rest/v1/stock_prices?on_conflict=symbol%2Cexchange%2Cdate&columns=%22volume%22%2C%22open%22%2C%22adjusted_close%22%2C%22high%22%2C%22symbol%22%2C%22exchange%22%2C%22close%22%2C%22date%22%2C%22low%22 "HTTP/2 200 OK"
2026-06-19 18:29:59 [WARNING] tvDatafeed.main: you are using nologin method, data you access may be limited
2026-06-19 18:29:59 [INFO] httpx: HTTP Request: POST https://gfcmaxbtscmizsakarvc.supabase.co/rest/v1/stock_prices?on_conflict=symbol%2Cexchange%2Cdate&columns=%22volume%22%2C%22open%22%2C%22adjusted_close%22%2C%22high%22%2C%22symbol%22%2C%22exchange%22%2C%22close%22%2C%22date%22%2C%22low%22 "HTTP/2 200 OK"
2026-06-19 18:30:00 [WARNING] tvDatafeed.main: you are using nologin method, data you access may be limited
2026-06-19 18:30:00 [INFO] httpx: HTTP Request: POST https://gfcmaxbtscmizsakarvc.supabase.co/rest/v1/stock_prices?on_conflict=symbol%2Cexchange%2Cdate&columns=%22volume%22%2C%22open%22%2C%22adjusted_close%22%2C%22high%22%2C%22symbol%22%2C%22exchange%22%2C%22close%22%2C%22date%22%2C%22low%22 "HTTP/2 200 OK"
2026-06-19 18:30:00 [INFO] httpx: HTTP Request: GET https://gfcmaxbtscmizsakarvc.supabase.co/rest/v1/stock_prices?select=date&symbol=eq.DCRC&exchange=eq.EGX&order=date.desc&limit=1 "HTTP/2 206 Partial Content"
2026-06-19 18:30:00 [INFO] httpx: HTTP Request: POST https://gfcmaxbtscmizsakarvc.supabase.co/rest/v1/stock_prices?on_conflict=symbol%2Cexchange%2Cdate&columns=%22volume%22%2C%22open%22%2C%22adjusted_close%22%2C%22high%22%2C%22symbol%22%2C%22exchange%22%2C%22close%22%2C%22date%22%2C%22low%22 "HTTP/2 200 OK"
2026-06-19 18:30:00 [INFO] httpx: HTTP Request: GET https://gfcmaxbtscmizsakarvc.supabase.co/rest/v1/stock_prices?select=date&symbol=eq.DEIN&exchange=eq.EGX&order=date.desc&limit=1 "HTTP/2 206 Partial Content"
2026-06-19 18:30:01 [WARNING] tvDatafeed.main: you are using nologin method, data you access may be limited
2026-06-19 18:30:01 [INFO] httpx: HTTP Request: GET https://gfcmaxbtscmizsakarvc.supabase.co/rest/v1/stock_prices?select=date&symbol=eq.DGTZ&exchange=eq.EGX&order=date.desc&limit=1 "HTTP/2 206 Partial Content"
2026-06-19 18:30:01 [INFO] httpx: HTTP Request: POST https://gfcmaxbtscmizsakarvc.supabase.co/rest/v1/stock_prices?on_conflict=symbol%2Cexchange%2Cdate&columns=%22volume%22%2C%22open%22%2C%22adjusted_close%22%2C%22high%22%2C%22symbol%22%2C%22exchange%22%2C%22close%22%2C%22date%22%2C%22low%22 "HTTP/2 200 OK"
2026-06-19 18:30:01 [INFO] httpx: HTTP Request: GET https://gfcmaxbtscmizsakarvc.supabase.co/rest/v1/stock_prices?select=date&symbol=eq.DOMT&exchange=eq.EGX&order=date.desc&limit=1 "HTTP/2 206 Partial Content"
2026-06-19 18:30:01 [INFO] httpx: HTTP Request: POST https://gfcmaxbtscmizsakarvc.supabase.co/rest/v1/stock_prices?on_conflict=symbol%2Cexchange%2Cdate&columns=%22volume%22%2C%22open%22%2C%22adjusted_close%22%2C%22high%22%2C%22symbol%22%2C%22exchange%22%2C%22close%22%2C%22date%22%2C%22low%22 "HTTP/2 200 OK"
2026-06-19 18:30:01 [INFO] httpx: HTTP Request: POST https://gfcmaxbtscmizsakarvc.supabase.co/rest/v1/stock_prices?on_conflict=symbol%2Cexchange%2Cdate&columns=%22volume%22%2C%22open%22%2C%22adjusted_close%22%2C%22high%22%2C%22symbol%22%2C%22exchange%22%2C%22close%22%2C%22date%22%2C%22low%22 "HTTP/2 200 OK"
2026-06-19 18:30:01 [INFO] httpx: HTTP Request: POST https://gfcmaxbtscmizsakarvc.supabase.co/rest/v1/stock_prices?on_conflict=symbol%2Cexchange%2Cdate&columns=%22volume%22%2C%22open%22%2C%22adjusted_close%22%2C%22high%22%2C%22symbol%22%2C%22exchange%22%2C%22close%22%2C%22date%22%2C%22low%22 "HTTP/2 200 OK"
2026-06-19 18:30:01 [INFO] httpx: HTTP Request: GET https://gfcmaxbtscmizsakarvc.supabase.co/rest/v1/stock_prices?select=date&symbol=eq.DSCW&exchange=eq.EGX&order=date.desc&limit=1 "HTTP/2 206 Partial Content"
2026-06-19 18:30:01 [INFO] httpx: HTTP Request: GET https://gfcmaxbtscmizsakarvc.supabase.co/rest/v1/stock_prices?select=date&symbol=eq.DTPP&exchange=eq.EGX&order=date.desc&limit=1 "HTTP/2 206 Partial Content"
2026-06-19 18:30:01 [WARNING] tvDatafeed.main: you are using nologin method, data you access may be limited
2026-06-19 18:30:01 [WARNING] tvDatafeed.main: you are using nologin method, data you access may be limited
2026-06-19 18:30:02 [INFO] httpx: HTTP Request: POST https://gfcmaxbtscmizsakarvc.supabase.co/rest/v1/stock_prices?on_conflict=symbol%2Cexchange%2Cdate&columns=%22volume%22%2C%22open%22%2C%22adjusted_close%22%2C%22high%22%2C%22symbol%22%2C%22exchange%22%2C%22close%22%2C%22date%22%2C%22low%22 "HTTP/2 200 OK"
2026-06-19 18:30:02 [INFO] httpx: HTTP Request: GET https://gfcmaxbtscmizsakarvc.supabase.co/rest/v1/stock_prices?select=date&symbol=eq.EALR&exchange=eq.EGX&order=date.desc&limit=1 "HTTP/2 206 Partial Content"
2026-06-19 18:30:02 [INFO] httpx: HTTP Request: GET https://gfcmaxbtscmizsakarvc.supabase.co/rest/v1/stock_prices?select=date&symbol=eq.EASB&exchange=eq.EGX&order=date.desc&limit=1 "HTTP/2 206 Partial Content"
2026-06-19 18:30:02 [INFO] httpx: HTTP Request: GET https://gfcmaxbtscmizsakarvc.supabase.co/rest/v1/stock_prices?select=date&symbol=eq.EAST&exchange=eq.EGX&order=date.desc&limit=1 "HTTP/2 206 Partial Content"
2026-06-19 18:30:02 [WARNING] tvDatafeed.main: you are using nologin method, data you access may be limited
2026-06-19 18:30:02 [WARNING] tvDatafeed.main: you are using nologin method, data you access may be limited
2026-06-19 18:30:03 [WARNING] tvDatafeed.main: you are using nologin method, data you access may be limited
2026-06-19 18:30:03 [INFO] httpx: HTTP Request: POST https://gfcmaxbtscmizsakarvc.supabase.co/rest/v1/stock_prices?on_conflict=symbol%2Cexchange%2Cdate&columns=%22volume%22%2C%22open%22%2C%22adjusted_close%22%2C%22high%22%2C%22symbol%22%2C%22exchange%22%2C%22close%22%2C%22date%22%2C%22low%22 "HTTP/2 200 OK"
2026-06-19 18:30:03 [WARNING] tvDatafeed.main: you are using nologin method, data you access may be limited
2026-06-19 18:30:03 [ERROR] tvDatafeed.main: Connection timed out
2026-06-19 18:30:03 [ERROR] tvDatafeed.main: no data, please check the exchange and symbol
2026-06-19 18:30:03 [WARNING] tvDatafeed.main: you are using nologin method, data you access may be limited
2026-06-19 18:30:03 [WARNING] tvDatafeed.main: you are using nologin method, data you access may be limited
2026-06-19 18:30:03 [INFO] httpx: HTTP Request: GET https://gfcmaxbtscmizsakarvc.supabase.co/rest/v1/stock_prices?select=date&symbol=eq.EBSC&exchange=eq.EGX&order=date.desc&limit=1 "HTTP/2 206 Partial Content"
2026-06-19 18:30:03 [INFO] httpx: HTTP Request: POST https://gfcmaxbtscmizsakarvc.supabase.co/rest/v1/stock_prices?on_conflict=symbol%2Cexchange%2Cdate&columns=%22volume%22%2C%22open%22%2C%22adjusted_close%22%2C%22high%22%2C%22symbol%22%2C%22exchange%22%2C%22close%22%2C%22date%22%2C%22low%22 "HTTP/2 200 OK"
2026-06-19 18:30:04 [WARNING] tvDatafeed.main: you are using nologin method, data you access may be limited
2026-06-19 18:30:04 [INFO] httpx: HTTP Request: POST https://gfcmaxbtscmizsakarvc.supabase.co/rest/v1/stock_prices?on_conflict=symbol%2Cexchange%2Cdate&columns=%22volume%22%2C%22open%22%2C%22adjusted_close%22%2C%22high%22%2C%22symbol%22%2C%22exchange%22%2C%22close%22%2C%22date%22%2C%22low%22 "HTTP/2 200 OK"
2026-06-19 18:30:04 [INFO] httpx: HTTP Request: POST https://gfcmaxbtscmizsakarvc.supabase.co/rest/v1/stock_prices?on_conflict=symbol%2Cexchange%2Cdate&columns=%22volume%22%2C%22open%22%2C%22adjusted_close%22%2C%22high%22%2C%22symbol%22%2C%22exchange%22%2C%22close%22%2C%22date%22%2C%22low%22 "HTTP/2 200 OK"
2026-06-19 18:30:04 [INFO] httpx: HTTP Request: GET https://gfcmaxbtscmizsakarvc.supabase.co/rest/v1/stock_prices?select=date&symbol=eq.ECAP&exchange=eq.EGX&order=date.desc&limit=1 "HTTP/2 206 Partial Content"
2026-06-19 18:30:04 [INFO] httpx: HTTP Request: GET https://gfcmaxbtscmizsakarvc.supabase.co/rest/v1/stock_prices?select=date&symbol=eq.EDBM&exchange=eq.EGX&order=date.desc&limit=1 "HTTP/2 206 Partial Content"
2026-06-19 18:30:04 [INFO] httpx: HTTP Request: POST https://gfcmaxbtscmizsakarvc.supabase.co/rest/v1/stock_prices?on_conflict=symbol%2Cexchange%2Cdate&columns=%22volume%22%2C%22open%22%2C%22adjusted_close%22%2C%22high%22%2C%22symbol%22%2C%22exchange%22%2C%22close%22%2C%22date%22%2C%22low%22 "HTTP/2 200 OK"
2026-06-19 18:30:05 [INFO] httpx: HTTP Request: GET https://gfcmaxbtscmizsakarvc.supabase.co/rest/v1/stock_prices?select=date&symbol=eq.EDFM&exchange=eq.EGX&order=date.desc&limit=1 "HTTP/2 206 Partial Content"
2026-06-19 18:30:05 [INFO] httpx: HTTP Request: GET https://gfcmaxbtscmizsakarvc.supabase.co/rest/v1/stock_prices?select=date&symbol=eq.EEII&exchange=eq.EGX&order=date.desc&limit=1 "HTTP/2 206 Partial Content"
2026-06-19 18:30:05 [WARNING] tvDatafeed.main: you are using nologin method, data you access may be limited
2026-06-19 18:30:05 [INFO] httpx: HTTP Request: GET https://gfcmaxbtscmizsakarvc.supabase.co/rest/v1/stock_prices?select=date&symbol=eq.EFIC&exchange=eq.EGX&order=date.desc&limit=1 "HTTP/2 206 Partial Content"
2026-06-19 18:30:06 [WARNING] tvDatafeed.main: you are using nologin method, data you access may be limited
2026-06-19 18:30:06 [INFO] httpx: HTTP Request: POST https://gfcmaxbtscmizsakarvc.supabase.co/rest/v1/stock_prices?on_conflict=symbol%2Cexchange%2Cdate&columns=%22volume%22%2C%22open%22%2C%22adjusted_close%22%2C%22high%22%2C%22symbol%22%2C%22exchange%22%2C%22close%22%2C%22date%22%2C%22low%22 "HTTP/2 200 OK"
2026-06-19 18:30:06 [WARNING] tvDatafeed.main: you are using nologin method, data you access may be limited
2026-06-19 18:30:06 [INFO] httpx: HTTP Request: POST https://gfcmaxbtscmizsakarvc.supabase.co/rest/v1/stock_prices?on_conflict=symbol%2Cexchange%2Cdate&columns=%22volume%22%2C%22open%22%2C%22adjusted_close%22%2C%22high%22%2C%22symbol%22%2C%22exchange%22%2C%22close%22%2C%22date%22%2C%22low%22 "HTTP/2 200 OK"
2026-06-19 18:30:06 [INFO] httpx: HTTP Request: POST https://gfcmaxbtscmizsakarvc.supabase.co/rest/v1/stock_prices?on_conflict=symbol%2Cexchange%2Cdate&columns=%22volume%22%2C%22open%22%2C%22adjusted_close%22%2C%22high%22%2C%22symbol%22%2C%22exchange%22%2C%22close%22%2C%22date%22%2C%22low%22 "HTTP/2 200 OK"
2026-06-19 18:30:06 [INFO] httpx: HTTP Request: GET https://gfcmaxbtscmizsakarvc.supabase.co/rest/v1/stock_prices?select=date&symbol=eq.EFID&exchange=eq.EGX&order=date.desc&limit=1 "HTTP/2 206 Partial Content"
2026-06-19 18:30:06 [INFO] httpx: HTTP Request: GET https://gfcmaxbtscmizsakarvc.supabase.co/rest/v1/stock_prices?select=date&symbol=eq.EFIH&exchange=eq.EGX&order=date.desc&limit=1 "HTTP/2 206 Partial Content"
2026-06-19 18:30:06 [WARNING] tvDatafeed.main: you are using nologin method, data you access may be limited
2026-06-19 18:30:06 [WARNING] tvDatafeed.main: you are using nologin method, data you access may be limited
2026-06-19 18:30:07 [WARNING] tvDatafeed.main: you are using nologin method, data you access may be limited
2026-06-19 18:30:07 [INFO] httpx: HTTP Request: POST https://gfcmaxbtscmizsakarvc.supabase.co/rest/v1/stock_prices?on_conflict=symbol%2Cexchange%2Cdate&columns=%22volume%22%2C%22open%22%2C%22adjusted_close%22%2C%22high%22%2C%22symbol%22%2C%22exchange%22%2C%22close%22%2C%22date%22%2C%22low%22 "HTTP/2 200 OK"
2026-06-19 18:30:07 [INFO] httpx: HTTP Request: GET https://gfcmaxbtscmizsakarvc.supabase.co/rest/v1/stock_prices?select=date&symbol=eq.EFMP&exchange=eq.EGX&order=date.desc&limit=1 "HTTP/2 200 OK"
2026-06-19 18:30:07 [INFO] httpx: HTTP Request: GET https://gfcmaxbtscmizsakarvc.supabase.co/rest/v1/stock_prices?select=date&symbol=eq.EGAL&exchange=eq.EGX&order=date.desc&limit=1 "HTTP/2 206 Partial Content"
2026-06-19 18:30:08 [INFO] httpx: HTTP Request: POST https://gfcmaxbtscmizsakarvc.supabase.co/rest/v1/stock_prices?on_conflict=symbol%2Cexchange%2Cdate&columns=%22volume%22%2C%22open%22%2C%22adjusted_close%22%2C%22high%22%2C%22symbol%22%2C%22exchange%22%2C%22close%22%2C%22date%22%2C%22low%22 "HTTP/2 200 OK"
2026-06-19 18:30:08 [WARNING] tvDatafeed.main: you are using nologin method, data you access may be limited
2026-06-19 18:30:08 [WARNING] tvDatafeed.main: you are using nologin method, data you access may be limited
2026-06-19 18:30:08 [INFO] httpx: HTTP Request: POST https://gfcmaxbtscmizsakarvc.supabase.co/rest/v1/stock_prices?on_conflict=symbol%2Cexchange%2Cdate&columns=%22volume%22%2C%22open%22%2C%22adjusted_close%22%2C%22high%22%2C%22symbol%22%2C%22exchange%22%2C%22close%22%2C%22date%22%2C%22low%22 "HTTP/2 200 OK"
2026-06-19 18:30:08 [INFO] httpx: HTTP Request: GET https://gfcmaxbtscmizsakarvc.supabase.co/rest/v1/stock_prices?select=date&symbol=eq.EGAS&exchange=eq.EGX&order=date.desc&limit=1 "HTTP/2 206 Partial Content"
2026-06-19 18:30:09 [WARNING] tvDatafeed.main: you are using nologin method, data you access may be limited
2026-06-19 18:30:09 [INFO] httpx: HTTP Request: POST https://gfcmaxbtscmizsakarvc.supabase.co/rest/v1/stock_prices?on_conflict=symbol%2Cexchange%2Cdate&columns=%22volume%22%2C%22open%22%2C%22adjusted_close%22%2C%22high%22%2C%22symbol%22%2C%22exchange%22%2C%22close%22%2C%22date%22%2C%22low%22 "HTTP/2 200 OK"
2026-06-19 18:30:09 [INFO] httpx: HTTP Request: GET https://gfcmaxbtscmizsakarvc.supabase.co/rest/v1/stock_prices?select=date&symbol=eq.EGBE&exchange=eq.EGX&order=date.desc&limit=1 "HTTP/2 206 Partial Content"
2026-06-19 18:30:09 [WARNING] tvDatafeed.main: you are using nologin method, data you access may be limited
2026-06-19 18:30:10 [WARNING] tvDatafeed.main: you are using nologin method, data you access may be limited
2026-06-19 18:30:10 [INFO] httpx: HTTP Request: GET https://gfcmaxbtscmizsakarvc.supabase.co/rest/v1/stock_prices?select=date&symbol=eq.EGCH&exchange=eq.EGX&order=date.desc&limit=1 "HTTP/2 206 Partial Content"
2026-06-19 18:30:10 [INFO] httpx: HTTP Request: POST https://gfcmaxbtscmizsakarvc.supabase.co/rest/v1/stock_prices?on_conflict=symbol%2Cexchange%2Cdate&columns=%22volume%22%2C%22open%22%2C%22adjusted_close%22%2C%22high%22%2C%22symbol%22%2C%22exchange%22%2C%22close%22%2C%22date%22%2C%22low%22 "HTTP/2 200 OK"
2026-06-19 18:30:10 [INFO] httpx: HTTP Request: POST https://gfcmaxbtscmizsakarvc.supabase.co/rest/v1/stock_prices?on_conflict=symbol%2Cexchange%2Cdate&columns=%22volume%22%2C%22open%22%2C%22adjusted_close%22%2C%22high%22%2C%22symbol%22%2C%22exchange%22%2C%22close%22%2C%22date%22%2C%22low%22 "HTTP/2 200 OK"
2026-06-19 18:30:10 [INFO] httpx: HTTP Request: POST https://gfcmaxbtscmizsakarvc.supabase.co/rest/v1/stock_prices?on_conflict=symbol%2Cexchange%2Cdate&columns=%22volume%22%2C%22open%22%2C%22adjusted_close%22%2C%22high%22%2C%22symbol%22%2C%22exchange%22%2C%22close%22%2C%22date%22%2C%22low%22 "HTTP/2 200 OK"
2026-06-19 18:30:10 [INFO] httpx: HTTP Request: GET https://gfcmaxbtscmizsakarvc.supabase.co/rest/v1/stock_prices?select=date&symbol=eq.EGREF&exchange=eq.EGX&order=date.desc&limit=1 "HTTP/2 206 Partial Content"
2026-06-19 18:30:10 [INFO] httpx: HTTP Request: GET https://gfcmaxbtscmizsakarvc.supabase.co/rest/v1/stock_prices?select=date&symbol=eq.EGSA&exchange=eq.EGX&order=date.desc&limit=1 "HTTP/2 206 Partial Content"
2026-06-19 18:30:10 [INFO] httpx: HTTP Request: POST https://gfcmaxbtscmizsakarvc.supabase.co/rest/v1/stock_prices?on_conflict=symbol%2Cexchange%2Cdate&columns=%22volume%22%2C%22open%22%2C%22adjusted_close%22%2C%22high%22%2C%22symbol%22%2C%22exchange%22%2C%22close%22%2C%22date%22%2C%22low%22 "HTTP/2 200 OK"
2026-06-19 18:30:11 [WARNING] tvDatafeed.main: you are using nologin method, data you access may be limited
2026-06-19 18:30:11 [INFO] httpx: HTTP Request: GET https://gfcmaxbtscmizsakarvc.supabase.co/rest/v1/stock_prices?select=date&symbol=eq.EGTS&exchange=eq.EGX&order=date.desc&limit=1 "HTTP/2 206 Partial Content"
2026-06-19 18:30:11 [INFO] httpx: HTTP Request: GET https://gfcmaxbtscmizsakarvc.supabase.co/rest/v1/stock_prices?select=date&symbol=eq.EHDR&exchange=eq.EGX&order=date.desc&limit=1 "HTTP/2 206 Partial Content"
2026-06-19 18:30:11 [WARNING] tvDatafeed.main: you are using nologin method, data you access may be limited
2026-06-19 18:30:11 [INFO] httpx: HTTP Request: POST https://gfcmaxbtscmizsakarvc.supabase.co/rest/v1/stock_prices?on_conflict=symbol%2Cexchange%2Cdate&columns=%22volume%22%2C%22open%22%2C%22adjusted_close%22%2C%22high%22%2C%22symbol%22%2C%22exchange%22%2C%22close%22%2C%22date%22%2C%22low%22 "HTTP/2 200 OK"
2026-06-19 18:30:12 [WARNING] tvDatafeed.main: you are using nologin method, data you access may be limited
2026-06-19 18:30:12 [WARNING] tvDatafeed.main: you are using nologin method, data you access may be limited
2026-06-19 18:30:12 [INFO] httpx: HTTP Request: GET https://gfcmaxbtscmizsakarvc.supabase.co/rest/v1/stock_prices?select=date&symbol=eq.EITP&exchange=eq.EGX&order=date.desc&limit=1 "HTTP/2 206 Partial Content"
2026-06-19 18:30:12 [INFO] httpx: HTTP Request: POST https://gfcmaxbtscmizsakarvc.supabase.co/rest/v1/stock_prices?on_conflict=symbol%2Cexchange%2Cdate&columns=%22volume%22%2C%22open%22%2C%22adjusted_close%22%2C%22high%22%2C%22symbol%22%2C%22exchange%22%2C%22close%22%2C%22date%22%2C%22low%22 "HTTP/2 200 OK"
2026-06-19 18:30:12 [WARNING] tvDatafeed.main: you are using nologin method, data you access may be limited
2026-06-19 18:30:12 [INFO] httpx: HTTP Request: GET https://gfcmaxbtscmizsakarvc.supabase.co/rest/v1/stock_prices?select=date&symbol=eq.ELEC&exchange=eq.EGX&order=date.desc&limit=1 "HTTP/2 206 Partial Content"
2026-06-19 18:30:13 [WARNING] tvDatafeed.main: you are using nologin method, data you access may be limited
2026-06-19 18:30:13 [INFO] httpx: HTTP Request: POST https://gfcmaxbtscmizsakarvc.supabase.co/rest/v1/stock_prices?on_conflict=symbol%2Cexchange%2Cdate&columns=%22volume%22%2C%22open%22%2C%22adjusted_close%22%2C%22high%22%2C%22symbol%22%2C%22exchange%22%2C%22close%22%2C%22date%22%2C%22low%22 "HTTP/2 200 OK"
2026-06-19 18:30:13 [ERROR] tvDatafeed.main: Connection timed out
2026-06-19 18:30:13 [ERROR] tvDatafeed.main: no data, please check the exchange and symbol
2026-06-19 18:30:13 [INFO] httpx: HTTP Request: GET https://gfcmaxbtscmizsakarvc.supabase.co/rest/v1/stock_prices?select=date&symbol=eq.ELKA&exchange=eq.EGX&order=date.desc&limit=1 "HTTP/2 206 Partial Content"
2026-06-19 18:30:13 [INFO] httpx: HTTP Request: POST https://gfcmaxbtscmizsakarvc.supabase.co/rest/v1/stock_prices?on_conflict=symbol%2Cexchange%2Cdate&columns=%22volume%22%2C%22open%22%2C%22adjusted_close%22%2C%22high%22%2C%22symbol%22%2C%22exchange%22%2C%22close%22%2C%22date%22%2C%22low%22 "HTTP/2 200 OK"
2026-06-19 18:30:13 [WARNING] tvDatafeed.main: you are using nologin method, data you access may be limited
2026-06-19 18:30:14 [INFO] httpx: HTTP Request: POST https://gfcmaxbtscmizsakarvc.supabase.co/rest/v1/stock_prices?on_conflict=symbol%2Cexchange%2Cdate&columns=%22volume%22%2C%22open%22%2C%22adjusted_close%22%2C%22high%22%2C%22symbol%22%2C%22exchange%22%2C%22close%22%2C%22date%22%2C%22low%22 "HTTP/2 200 OK"
2026-06-19 18:30:14 [INFO] httpx: HTTP Request: POST https://gfcmaxbtscmizsakarvc.supabase.co/rest/v1/stock_prices?on_conflict=symbol%2Cexchange%2Cdate&columns=%22volume%22%2C%22open%22%2C%22adjusted_close%22%2C%22high%22%2C%22symbol%22%2C%22exchange%22%2C%22close%22%2C%22date%22%2C%22low%22 "HTTP/2 200 OK"
2026-06-19 18:30:14 [INFO] httpx: HTTP Request: GET https://gfcmaxbtscmizsakarvc.supabase.co/rest/v1/stock_prices?select=date&symbol=eq.ELNA&exchange=eq.EGX&order=date.desc&limit=1 "HTTP/2 206 Partial Content"
2026-06-19 18:30:14 [INFO] httpx: HTTP Request: POST https://gfcmaxbtscmizsakarvc.supabase.co/rest/v1/stock_prices?on_conflict=symbol%2Cexchange%2Cdate&columns=%22volume%22%2C%22open%22%2C%22adjusted_close%22%2C%22high%22%2C%22symbol%22%2C%22exchange%22%2C%22close%22%2C%22date%22%2C%22low%22 "HTTP/2 200 OK"
2026-06-19 18:30:14 [WARNING] tvDatafeed.main: you are using nologin method, data you access may be limited
2026-06-19 18:30:14 [INFO] httpx: HTTP Request: POST https://gfcmaxbtscmizsakarvc.supabase.co/rest/v1/stock_prices?on_conflict=symbol%2Cexchange%2Cdate&columns=%22volume%22%2C%22open%22%2C%22adjusted_close%22%2C%22high%22%2C%22symbol%22%2C%22exchange%22%2C%22close%22%2C%22date%22%2C%22low%22 "HTTP/2 200 OK"
2026-06-19 18:30:14 [INFO] httpx: HTTP Request: POST https://gfcmaxbtscmizsakarvc.supabase.co/rest/v1/stock_prices?on_conflict=symbol%2Cexchange%2Cdate&columns=%22volume%22%2C%22open%22%2C%22adjusted_close%22%2C%22high%22%2C%22symbol%22%2C%22exchange%22%2C%22close%22%2C%22date%22%2C%22low%22 "HTTP/2 200 OK"
2026-06-19 18:30:14 [INFO] httpx: HTTP Request: GET https://gfcmaxbtscmizsakarvc.supabase.co/rest/v1/stock_prices?select=date&symbol=eq.ELSH&exchange=eq.EGX&order=date.desc&limit=1 "HTTP/2 206 Partial Content"
2026-06-19 18:30:15 [INFO] httpx: HTTP Request: POST https://gfcmaxbtscmizsakarvc.supabase.co/rest/v1/stock_prices?on_conflict=symbol%2Cexchange%2Cdate&columns=%22volume%22%2C%22open%22%2C%22adjusted_close%22%2C%22high%22%2C%22symbol%22%2C%22exchange%22%2C%22close%22%2C%22date%22%2C%22low%22 "HTTP/2 200 OK"
2026-06-19 18:30:15 [WARNING] tvDatafeed.main: you are using nologin method, data you access may be limited
2026-06-19 18:30:15 [INFO] httpx: HTTP Request: GET https://gfcmaxbtscmizsakarvc.supabase.co/rest/v1/stock_prices?select=date&symbol=eq.EMRI&exchange=eq.EGX&order=date.desc&limit=1 "HTTP/2 200 OK"
2026-06-19 18:30:15 [INFO] httpx: HTTP Request: GET https://gfcmaxbtscmizsakarvc.supabase.co/rest/v1/stock_prices?select=date&symbol=eq.EMFD&exchange=eq.EGX&order=date.desc&limit=1 "HTTP/2 206 Partial Content"
2026-06-19 18:30:15 [INFO] httpx: HTTP Request: POST https://gfcmaxbtscmizsakarvc.supabase.co/rest/v1/stock_prices?on_conflict=symbol%2Cexchange%2Cdate&columns=%22volume%22%2C%22open%22%2C%22adjusted_close%22%2C%22high%22%2C%22symbol%22%2C%22exchange%22%2C%22close%22%2C%22date%22%2C%22low%22 "HTTP/2 200 OK"
2026-06-19 18:30:15 [INFO] httpx: HTTP Request: GET https://gfcmaxbtscmizsakarvc.supabase.co/rest/v1/stock_prices?select=date&symbol=eq.ENGC&exchange=eq.EGX&order=date.desc&limit=1 "HTTP/2 206 Partial Content"
2026-06-19 18:30:15 [WARNING] tvDatafeed.main: you are using nologin method, data you access may be limited
2026-06-19 18:30:16 [INFO] httpx: HTTP Request: GET https://gfcmaxbtscmizsakarvc.supabase.co/rest/v1/stock_prices?select=date&symbol=eq.EOSB&exchange=eq.EGX&order=date.desc&limit=1 "HTTP/2 206 Partial Content"
2026-06-19 18:30:16 [WARNING] tvDatafeed.main: you are using nologin method, data you access may be limited
2026-06-19 18:30:16 [ERROR] tvDatafeed.main: Connection timed out
2026-06-19 18:30:16 [ERROR] tvDatafeed.main: no data, please check the exchange and symbol
2026-06-19 18:30:16 [INFO] httpx: HTTP Request: POST https://gfcmaxbtscmizsakarvc.supabase.co/rest/v1/stock_prices?on_conflict=symbol%2Cexchange%2Cdate&columns=%22volume%22%2C%22open%22%2C%22adjusted_close%22%2C%22high%22%2C%22symbol%22%2C%22exchange%22%2C%22close%22%2C%22date%22%2C%22low%22 "HTTP/2 200 OK"
2026-06-19 18:30:16 [INFO] httpx: HTTP Request: POST https://gfcmaxbtscmizsakarvc.supabase.co/rest/v1/stock_prices?on_conflict=symbol%2Cexchange%2Cdate&columns=%22volume%22%2C%22open%22%2C%22adjusted_close%22%2C%22high%22%2C%22symbol%22%2C%22exchange%22%2C%22close%22%2C%22date%22%2C%22low%22 "HTTP/2 200 OK"
2026-06-19 18:30:16 [WARNING] tvDatafeed.main: you are using nologin method, data you access may be limited
2026-06-19 18:30:16 [WARNING] tvDatafeed.main: you are using nologin method, data you access may be limited
2026-06-19 18:30:16 [INFO] httpx: HTTP Request: POST https://gfcmaxbtscmizsakarvc.supabase.co/rest/v1/stock_prices?on_conflict=symbol%2Cexchange%2Cdate&columns=%22volume%22%2C%22open%22%2C%22adjusted_close%22%2C%22high%22%2C%22symbol%22%2C%22exchange%22%2C%22close%22%2C%22date%22%2C%22low%22 "HTTP/2 200 OK"
2026-06-19 18:30:16 [INFO] httpx: HTTP Request: POST https://gfcmaxbtscmizsakarvc.supabase.co/rest/v1/stock_prices?on_conflict=symbol%2Cexchange%2Cdate&columns=%22volume%22%2C%22open%22%2C%22adjusted_close%22%2C%22high%22%2C%22symbol%22%2C%22exchange%22%2C%22close%22%2C%22date%22%2C%22low%22 "HTTP/2 200 OK"
2026-06-19 18:30:17 [WARNING] tvDatafeed.main: you are using nologin method, data you access may be limited
2026-06-19 18:30:17 [INFO] httpx: HTTP Request: POST https://gfcmaxbtscmizsakarvc.supabase.co/rest/v1/stock_prices?on_conflict=symbol%2Cexchange%2Cdate&columns=%22volume%22%2C%22open%22%2C%22adjusted_close%22%2C%22high%22%2C%22symbol%22%2C%22exchange%22%2C%22close%22%2C%22date%22%2C%22low%22 "HTTP/2 200 OK"
2026-06-19 18:30:17 [INFO] httpx: HTTP Request: GET https://gfcmaxbtscmizsakarvc.supabase.co/rest/v1/stock_prices?select=date&symbol=eq.EPPK&exchange=eq.EGX&order=date.desc&limit=1 "HTTP/2 206 Partial Content"
2026-06-19 18:30:17 [INFO] httpx: HTTP Request: GET https://gfcmaxbtscmizsakarvc.supabase.co/rest/v1/stock_prices?select=date&symbol=eq.EPCO&exchange=eq.EGX&order=date.desc&limit=1 "HTTP/2 206 Partial Content"
2026-06-19 18:30:17 [INFO] httpx: HTTP Request: GET https://gfcmaxbtscmizsakarvc.supabase.co/rest/v1/stock_prices?select=date&symbol=eq.ESGI&exchange=eq.EGX&order=date.desc&limit=1 "HTTP/2 200 OK"
2026-06-19 18:30:17 [WARNING] tvDatafeed.main: you are using nologin method, data you access may be limited
2026-06-19 18:30:18 [WARNING] tvDatafeed.main: you are using nologin method, data you access may be limited
2026-06-19 18:30:18 [WARNING] tvDatafeed.main: you are using nologin method, data you access may be limited
2026-06-19 18:30:18 [INFO] httpx: HTTP Request: POST https://gfcmaxbtscmizsakarvc.supabase.co/rest/v1/stock_prices?on_conflict=symbol%2Cexchange%2Cdate&columns=%22volume%22%2C%22open%22%2C%22adjusted_close%22%2C%22high%22%2C%22symbol%22%2C%22exchange%22%2C%22close%22%2C%22date%22%2C%22low%22 "HTTP/2 200 OK"
2026-06-19 18:30:18 [INFO] httpx: HTTP Request: GET https://gfcmaxbtscmizsakarvc.supabase.co/rest/v1/stock_prices?select=date&symbol=eq.ETEL&exchange=eq.EGX&order=date.desc&limit=1 "HTTP/2 206 Partial Content"
2026-06-19 18:30:18 [WARNING] tvDatafeed.main: you are using nologin method, data you access may be limited
2026-06-19 18:30:19 [INFO] httpx: HTTP Request: POST https://gfcmaxbtscmizsakarvc.supabase.co/rest/v1/stock_prices?on_conflict=symbol%2Cexchange%2Cdate&columns=%22volume%22%2C%22open%22%2C%22adjusted_close%22%2C%22high%22%2C%22symbol%22%2C%22exchange%22%2C%22close%22%2C%22date%22%2C%22low%22 "HTTP/2 200 OK"
2026-06-19 18:30:19 [INFO] httpx: HTTP Request: GET https://gfcmaxbtscmizsakarvc.supabase.co/rest/v1/stock_prices?select=date&symbol=eq.ETRS&exchange=eq.EGX&order=date.desc&limit=1 "HTTP/2 206 Partial Content"
2026-06-19 18:30:19 [INFO] httpx: HTTP Request: POST https://gfcmaxbtscmizsakarvc.supabase.co/rest/v1/stock_prices?on_conflict=symbol%2Cexchange%2Cdate&columns=%22volume%22%2C%22open%22%2C%22adjusted_close%22%2C%22high%22%2C%22symbol%22%2C%22exchange%22%2C%22close%22%2C%22date%22%2C%22low%22 "HTTP/2 200 OK"
2026-06-19 18:30:19 [INFO] httpx: HTTP Request: POST https://gfcmaxbtscmizsakarvc.supabase.co/rest/v1/stock_prices?on_conflict=symbol%2Cexchange%2Cdate&columns=%22volume%22%2C%22open%22%2C%22adjusted_close%22%2C%22high%22%2C%22symbol%22%2C%22exchange%22%2C%22close%22%2C%22date%22%2C%22low%22 "HTTP/2 200 OK"
2026-06-19 18:30:19 [INFO] httpx: HTTP Request: GET https://gfcmaxbtscmizsakarvc.supabase.co/rest/v1/stock_prices?select=date&symbol=eq.EXPA&exchange=eq.EGX&order=date.desc&limit=1 "HTTP/2 206 Partial Content"
2026-06-19 18:30:19 [INFO] httpx: HTTP Request: GET https://gfcmaxbtscmizsakarvc.supabase.co/rest/v1/stock_prices?select=date&symbol=eq.FAIT&exchange=eq.EGX&order=date.desc&limit=1 "HTTP/2 206 Partial Content"
2026-06-19 18:30:20 [INFO] httpx: HTTP Request: GET https://gfcmaxbtscmizsakarvc.supabase.co/rest/v1/stock_prices?select=date&symbol=eq.FAITA&exchange=eq.EGX&order=date.desc&limit=1 "HTTP/2 206 Partial Content"
2026-06-19 18:30:20 [INFO] httpx: HTTP Request: POST https://gfcmaxbtscmizsakarvc.supabase.co/rest/v1/stock_prices?on_conflict=symbol%2Cexchange%2Cdate&columns=%22volume%22%2C%22open%22%2C%22adjusted_close%22%2C%22high%22%2C%22symbol%22%2C%22exchange%22%2C%22close%22%2C%22date%22%2C%22low%22 "HTTP/2 200 OK"
2026-06-19 18:30:20 [WARNING] tvDatafeed.main: you are using nologin method, data you access may be limited
2026-06-19 18:30:20 [INFO] httpx: HTTP Request: POST https://gfcmaxbtscmizsakarvc.supabase.co/rest/v1/stock_prices?on_conflict=symbol%2Cexchange%2Cdate&columns=%22volume%22%2C%22open%22%2C%22adjusted_close%22%2C%22high%22%2C%22symbol%22%2C%22exchange%22%2C%22close%22%2C%22date%22%2C%22low%22 "HTTP/2 200 OK"
2026-06-19 18:30:20 [INFO] httpx: HTTP Request: GET https://gfcmaxbtscmizsakarvc.supabase.co/rest/v1/stock_prices?select=date&symbol=eq.FERC&exchange=eq.EGX&order=date.desc&limit=1 "HTTP/2 206 Partial Content"
2026-06-19 18:30:20 [ERROR] tvDatafeed.main: Connection to remote host was lost.
2026-06-19 18:30:20 [ERROR] tvDatafeed.main: no data, please check the exchange and symbol
2026-06-19 18:30:20 [WARNING] tvDatafeed.main: you are using nologin method, data you access may be limited
2026-06-19 18:30:21 [WARNING] tvDatafeed.main: you are using nologin method, data you access may be limited
2026-06-19 18:30:21 [WARNING] tvDatafeed.main: you are using nologin method, data you access may be limited
2026-06-19 18:30:21 [INFO] httpx: HTTP Request: GET https://gfcmaxbtscmizsakarvc.supabase.co/rest/v1/stock_prices?select=date&symbol=eq.FWRY&exchange=eq.EGX&order=date.desc&limit=1 "HTTP/2 206 Partial Content"
2026-06-19 18:30:21 [INFO] httpx: HTTP Request: POST https://gfcmaxbtscmizsakarvc.supabase.co/rest/v1/stock_prices?on_conflict=symbol%2Cexchange%2Cdate&columns=%22volume%22%2C%22open%22%2C%22adjusted_close%22%2C%22high%22%2C%22symbol%22%2C%22exchange%22%2C%22close%22%2C%22date%22%2C%22low%22 "HTTP/2 200 OK"
2026-06-19 18:30:21 [WARNING] tvDatafeed.main: you are using nologin method, data you access may be limited
2026-06-19 18:30:21 [INFO] httpx: HTTP Request: POST https://gfcmaxbtscmizsakarvc.supabase.co/rest/v1/stock_prices?on_conflict=symbol%2Cexchange%2Cdate&columns=%22volume%22%2C%22open%22%2C%22adjusted_close%22%2C%22high%22%2C%22symbol%22%2C%22exchange%22%2C%22close%22%2C%22date%22%2C%22low%22 "HTTP/2 200 OK"
2026-06-19 18:30:22 [INFO] httpx: HTTP Request: POST https://gfcmaxbtscmizsakarvc.supabase.co/rest/v1/stock_prices?on_conflict=symbol%2Cexchange%2Cdate&columns=%22volume%22%2C%22open%22%2C%22adjusted_close%22%2C%22high%22%2C%22symbol%22%2C%22exchange%22%2C%22close%22%2C%22date%22%2C%22low%22 "HTTP/2 201 Created"
2026-06-19 18:30:22 [INFO] httpx: HTTP Request: POST https://gfcmaxbtscmizsakarvc.supabase.co/rest/v1/stock_prices?on_conflict=symbol%2Cexchange%2Cdate&columns=%22volume%22%2C%22open%22%2C%22adjusted_close%22%2C%22high%22%2C%22symbol%22%2C%22exchange%22%2C%22close%22%2C%22date%22%2C%22low%22 "HTTP/2 200 OK"
2026-06-19 18:30:22 [WARNING] tvDatafeed.main: you are using nologin method, data you access may be limited
2026-06-19 18:30:22 [INFO] httpx: HTTP Request: POST https://gfcmaxbtscmizsakarvc.supabase.co/rest/v1/stock_prices?on_conflict=symbol%2Cexchange%2Cdate&columns=%22volume%22%2C%22open%22%2C%22adjusted_close%22%2C%22high%22%2C%22symbol%22%2C%22exchange%22%2C%22close%22%2C%22date%22%2C%22low%22 "HTTP/2 200 OK"
2026-06-19 18:30:22 [INFO] httpx: HTTP Request: GET https://gfcmaxbtscmizsakarvc.supabase.co/rest/v1/stock_prices?select=date&symbol=eq.GBCO&exchange=eq.EGX&order=date.desc&limit=1 "HTTP/2 206 Partial Content"
2026-06-19 18:30:22 [INFO] httpx: HTTP Request: GET https://gfcmaxbtscmizsakarvc.supabase.co/rest/v1/stock_prices?select=date&symbol=eq.GDWA&exchange=eq.EGX&order=date.desc&limit=1 "HTTP/2 206 Partial Content"
2026-06-19 18:30:23 [WARNING] tvDatafeed.main: you are using nologin method, data you access may be limited
2026-06-19 18:30:23 [INFO] httpx: HTTP Request: GET https://gfcmaxbtscmizsakarvc.supabase.co/rest/v1/stock_prices?select=date&symbol=eq.GGCC&exchange=eq.EGX&order=date.desc&limit=1 "HTTP/2 206 Partial Content"
2026-06-19 18:30:23 [INFO] httpx: HTTP Request: POST https://gfcmaxbtscmizsakarvc.supabase.co/rest/v1/stock_prices?on_conflict=symbol%2Cexchange%2Cdate&columns=%22volume%22%2C%22open%22%2C%22adjusted_close%22%2C%22high%22%2C%22symbol%22%2C%22exchange%22%2C%22close%22%2C%22date%22%2C%22low%22 "HTTP/2 200 OK"
2026-06-19 18:30:23 [INFO] httpx: HTTP Request: POST https://gfcmaxbtscmizsakarvc.supabase.co/rest/v1/stock_prices?on_conflict=symbol%2Cexchange%2Cdate&columns=%22volume%22%2C%22open%22%2C%22adjusted_close%22%2C%22high%22%2C%22symbol%22%2C%22exchange%22%2C%22close%22%2C%22date%22%2C%22low%22 "HTTP/2 200 OK"
2026-06-19 18:30:23 [INFO] httpx: HTTP Request: GET https://gfcmaxbtscmizsakarvc.supabase.co/rest/v1/stock_prices?select=date&symbol=eq.GGRN&exchange=eq.EGX&order=date.desc&limit=1 "HTTP/2 206 Partial Content"
2026-06-19 18:30:24 [INFO] httpx: HTTP Request: GET https://gfcmaxbtscmizsakarvc.supabase.co/rest/v1/stock_prices?select=date&symbol=eq.GIHD&exchange=eq.EGX&order=date.desc&limit=1 "HTTP/2 206 Partial Content"
2026-06-19 18:30:24 [ERROR] tvDatafeed.main: Connection timed out
2026-06-19 18:30:24 [ERROR] tvDatafeed.main: no data, please check the exchange and symbol
2026-06-19 18:30:24 [INFO] httpx: HTTP Request: POST https://gfcmaxbtscmizsakarvc.supabase.co/rest/v1/stock_prices?on_conflict=symbol%2Cexchange%2Cdate&columns=%22volume%22%2C%22open%22%2C%22adjusted_close%22%2C%22high%22%2C%22symbol%22%2C%22exchange%22%2C%22close%22%2C%22date%22%2C%22low%22 "HTTP/2 200 OK"
2026-06-19 18:30:24 [WARNING] tvDatafeed.main: you are using nologin method, data you access may be limited
2026-06-19 18:30:24 [WARNING] tvDatafeed.main: you are using nologin method, data you access may be limited
2026-06-19 18:30:24 [WARNING] tvDatafeed.main: you are using nologin method, data you access may be limited
2026-06-19 18:30:24 [INFO] httpx: HTTP Request: POST https://gfcmaxbtscmizsakarvc.supabase.co/rest/v1/stock_prices?on_conflict=symbol%2Cexchange%2Cdate&columns=%22volume%22%2C%22open%22%2C%22adjusted_close%22%2C%22high%22%2C%22symbol%22%2C%22exchange%22%2C%22close%22%2C%22date%22%2C%22low%22 "HTTP/2 200 OK"
2026-06-19 18:30:24 [INFO] httpx: HTTP Request: GET https://gfcmaxbtscmizsakarvc.supabase.co/rest/v1/stock_prices?select=date&symbol=eq.GMCI&exchange=eq.EGX&order=date.desc&limit=1 "HTTP/2 206 Partial Content"
2026-06-19 18:30:25 [INFO] httpx: HTTP Request: GET https://gfcmaxbtscmizsakarvc.supabase.co/rest/v1/stock_prices?select=date&symbol=eq.GOCO&exchange=eq.EGX&order=date.desc&limit=1 "HTTP/2 206 Partial Content"
2026-06-19 18:30:25 [INFO] httpx: HTTP Request: POST https://gfcmaxbtscmizsakarvc.supabase.co/rest/v1/stock_prices?on_conflict=symbol%2Cexchange%2Cdate&columns=%22volume%22%2C%22open%22%2C%22adjusted_close%22%2C%22high%22%2C%22symbol%22%2C%22exchange%22%2C%22close%22%2C%22date%22%2C%22low%22 "HTTP/2 200 OK"
2026-06-19 18:30:25 [WARNING] tvDatafeed.main: you are using nologin method, data you access may be limited
2026-06-19 18:30:25 [INFO] httpx: HTTP Request: POST https://gfcmaxbtscmizsakarvc.supabase.co/rest/v1/stock_prices?on_conflict=symbol%2Cexchange%2Cdate&columns=%22volume%22%2C%22open%22%2C%22adjusted_close%22%2C%22high%22%2C%22symbol%22%2C%22exchange%22%2C%22close%22%2C%22date%22%2C%22low%22 "HTTP/2 200 OK"
2026-06-19 18:30:25 [WARNING] tvDatafeed.main: you are using nologin method, data you access may be limited
2026-06-19 18:30:25 [INFO] httpx: HTTP Request: GET https://gfcmaxbtscmizsakarvc.supabase.co/rest/v1/stock_prices?select=date&symbol=eq.GOUR&exchange=eq.EGX&order=date.desc&limit=1 "HTTP/2 206 Partial Content"
2026-06-19 18:30:25 [INFO] httpx: HTTP Request: GET https://gfcmaxbtscmizsakarvc.supabase.co/rest/v1/stock_prices?select=date&symbol=eq.GPIM&exchange=eq.EGX&order=date.desc&limit=1 "HTTP/2 206 Partial Content"
2026-06-19 18:30:26 [INFO] httpx: HTTP Request: POST https://gfcmaxbtscmizsakarvc.supabase.co/rest/v1/stock_prices?on_conflict=symbol%2Cexchange%2Cdate&columns=%22volume%22%2C%22open%22%2C%22adjusted_close%22%2C%22high%22%2C%22symbol%22%2C%22exchange%22%2C%22close%22%2C%22date%22%2C%22low%22 "HTTP/2 200 OK"
2026-06-19 18:30:26 [INFO] httpx: HTTP Request: POST https://gfcmaxbtscmizsakarvc.supabase.co/rest/v1/stock_prices?on_conflict=symbol%2Cexchange%2Cdate&columns=%22volume%22%2C%22open%22%2C%22adjusted_close%22%2C%22high%22%2C%22symbol%22%2C%22exchange%22%2C%22close%22%2C%22date%22%2C%22low%22 "HTTP/2 200 OK"
2026-06-19 18:30:26 [WARNING] tvDatafeed.main: you are using nologin method, data you access may be limited
2026-06-19 18:30:26 [ERROR] tvDatafeed.main: Connection timed out
2026-06-19 18:30:26 [ERROR] tvDatafeed.main: no data, please check the exchange and symbol
2026-06-19 18:30:26 [WARNING] tvDatafeed.main: you are using nologin method, data you access may be limited
2026-06-19 18:30:26 [INFO] httpx: HTTP Request: POST https://gfcmaxbtscmizsakarvc.supabase.co/rest/v1/stock_prices?on_conflict=symbol%2Cexchange%2Cdate&columns=%22volume%22%2C%22open%22%2C%22adjusted_close%22%2C%22high%22%2C%22symbol%22%2C%22exchange%22%2C%22close%22%2C%22date%22%2C%22low%22 "HTTP/2 200 OK"
2026-06-19 18:30:26 [INFO] httpx: HTTP Request: GET https://gfcmaxbtscmizsakarvc.supabase.co/rest/v1/stock_prices?select=date&symbol=eq.GRCA&exchange=eq.EGX&order=date.desc&limit=1 "HTTP/2 206 Partial Content"
2026-06-19 18:30:26 [INFO] httpx: HTTP Request: GET https://gfcmaxbtscmizsakarvc.supabase.co/rest/v1/stock_prices?select=date&symbol=eq.GPPL&exchange=eq.EGX&order=date.desc&limit=1 "HTTP/2 206 Partial Content"
2026-06-19 18:30:27 [INFO] httpx: HTTP Request: GET https://gfcmaxbtscmizsakarvc.supabase.co/rest/v1/stock_prices?select=date&symbol=eq.GSSC&exchange=eq.EGX&order=date.desc&limit=1 "HTTP/2 206 Partial Content"
2026-06-19 18:30:27 [INFO] httpx: HTTP Request: GET https://gfcmaxbtscmizsakarvc.supabase.co/rest/v1/stock_prices?select=date&symbol=eq.GTEX&exchange=eq.EGX&order=date.desc&limit=1 "HTTP/2 206 Partial Content"
2026-06-19 18:30:27 [WARNING] tvDatafeed.main: you are using nologin method, data you access may be limited
2026-06-19 18:30:27 [WARNING] tvDatafeed.main: you are using nologin method, data you access may be limited
2026-06-19 18:30:27 [INFO] httpx: HTTP Request: POST https://gfcmaxbtscmizsakarvc.supabase.co/rest/v1/stock_prices?on_conflict=symbol%2Cexchange%2Cdate&columns=%22volume%22%2C%22open%22%2C%22adjusted_close%22%2C%22high%22%2C%22symbol%22%2C%22exchange%22%2C%22close%22%2C%22date%22%2C%22low%22 "HTTP/2 200 OK"
2026-06-19 18:30:27 [INFO] httpx: HTTP Request: POST https://gfcmaxbtscmizsakarvc.supabase.co/rest/v1/stock_prices?on_conflict=symbol%2Cexchange%2Cdate&columns=%22volume%22%2C%22open%22%2C%22adjusted_close%22%2C%22high%22%2C%22symbol%22%2C%22exchange%22%2C%22close%22%2C%22date%22%2C%22low%22 "HTTP/2 200 OK"
2026-06-19 18:30:27 [INFO] httpx: HTTP Request: POST https://gfcmaxbtscmizsakarvc.supabase.co/rest/v1/stock_prices?on_conflict=symbol%2Cexchange%2Cdate&columns=%22volume%22%2C%22open%22%2C%22adjusted_close%22%2C%22high%22%2C%22symbol%22%2C%22exchange%22%2C%22close%22%2C%22date%22%2C%22low%22 "HTTP/2 200 OK"
2026-06-19 18:30:28 [INFO] httpx: HTTP Request: POST https://gfcmaxbtscmizsakarvc.supabase.co/rest/v1/stock_prices?on_conflict=symbol%2Cexchange%2Cdate&columns=%22volume%22%2C%22open%22%2C%22adjusted_close%22%2C%22high%22%2C%22symbol%22%2C%22exchange%22%2C%22close%22%2C%22date%22%2C%22low%22 "HTTP/2 200 OK"
2026-06-19 18:30:28 [WARNING] tvDatafeed.main: you are using nologin method, data you access may be limited
2026-06-19 18:30:28 [WARNING] tvDatafeed.main: you are using nologin method, data you access may be limited
2026-06-19 18:30:28 [INFO] httpx: HTTP Request: GET https://gfcmaxbtscmizsakarvc.supabase.co/rest/v1/stock_prices?select=date&symbol=eq.GTHE&exchange=eq.EGX&order=date.desc&limit=1 "HTTP/2 206 Partial Content"
2026-06-19 18:30:28 [INFO] httpx: HTTP Request: POST https://gfcmaxbtscmizsakarvc.supabase.co/rest/v1/stock_prices?on_conflict=symbol%2Cexchange%2Cdate&columns=%22volume%22%2C%22open%22%2C%22adjusted_close%22%2C%22high%22%2C%22symbol%22%2C%22exchange%22%2C%22close%22%2C%22date%22%2C%22low%22 "HTTP/2 200 OK"
2026-06-19 18:30:28 [INFO] httpx: HTTP Request: POST https://gfcmaxbtscmizsakarvc.supabase.co/rest/v1/stock_prices?on_conflict=symbol%2Cexchange%2Cdate&columns=%22volume%22%2C%22open%22%2C%22adjusted_close%22%2C%22high%22%2C%22symbol%22%2C%22exchange%22%2C%22close%22%2C%22date%22%2C%22low%22 "HTTP/2 200 OK"
2026-06-19 18:30:28 [WARNING] tvDatafeed.main: you are using nologin method, data you access may be limited
2026-06-19 18:30:28 [WARNING] tvDatafeed.main: you are using nologin method, data you access may be limited
2026-06-19 18:30:29 [INFO] httpx: HTTP Request: GET https://gfcmaxbtscmizsakarvc.supabase.co/rest/v1/stock_prices?select=date&symbol=eq.GTWL&exchange=eq.EGX&order=date.desc&limit=1 "HTTP/2 206 Partial Content"
2026-06-19 18:30:29 [INFO] httpx: HTTP Request: GET https://gfcmaxbtscmizsakarvc.supabase.co/rest/v1/stock_prices?select=date&symbol=eq.HDBK&exchange=eq.EGX&order=date.desc&limit=1 "HTTP/2 206 Partial Content"
2026-06-19 18:30:29 [INFO] httpx: HTTP Request: POST https://gfcmaxbtscmizsakarvc.supabase.co/rest/v1/stock_prices?on_conflict=symbol%2Cexchange%2Cdate&columns=%22volume%22%2C%22open%22%2C%22adjusted_close%22%2C%22high%22%2C%22symbol%22%2C%22exchange%22%2C%22close%22%2C%22date%22%2C%22low%22 "HTTP/2 200 OK"
2026-06-19 18:30:29 [INFO] httpx: HTTP Request: GET https://gfcmaxbtscmizsakarvc.supabase.co/rest/v1/stock_prices?select=date&symbol=eq.HELI&exchange=eq.EGX&order=date.desc&limit=1 "HTTP/2 206 Partial Content"
2026-06-19 18:30:29 [INFO] httpx: HTTP Request: POST https://gfcmaxbtscmizsakarvc.supabase.co/rest/v1/stock_prices?on_conflict=symbol%2Cexchange%2Cdate&columns=%22volume%22%2C%22open%22%2C%22adjusted_close%22%2C%22high%22%2C%22symbol%22%2C%22exchange%22%2C%22close%22%2C%22date%22%2C%22low%22 "HTTP/2 200 OK"
2026-06-19 18:30:29 [WARNING] tvDatafeed.main: you are using nologin method, data you access may be limited
2026-06-19 18:30:30 [INFO] httpx: HTTP Request: GET https://gfcmaxbtscmizsakarvc.supabase.co/rest/v1/stock_prices?select=date&symbol=eq.HRHO&exchange=eq.EGX&order=date.desc&limit=1 "HTTP/2 206 Partial Content"
2026-06-19 18:30:30 [INFO] httpx: HTTP Request: POST https://gfcmaxbtscmizsakarvc.supabase.co/rest/v1/stock_prices?on_conflict=symbol%2Cexchange%2Cdate&columns=%22volume%22%2C%22open%22%2C%22adjusted_close%22%2C%22high%22%2C%22symbol%22%2C%22exchange%22%2C%22close%22%2C%22date%22%2C%22low%22 "HTTP/2 200 OK"
2026-06-19 18:30:30 [WARNING] tvDatafeed.main: you are using nologin method, data you access may be limited
2026-06-19 18:30:30 [WARNING] tvDatafeed.main: you are using nologin method, data you access may be limited
2026-06-19 18:30:30 [INFO] httpx: HTTP Request: GET https://gfcmaxbtscmizsakarvc.supabase.co/rest/v1/stock_prices?select=date&symbol=eq.ICAL&exchange=eq.EGX&order=date.desc&limit=1 "HTTP/2 200 OK"
2026-06-19 18:30:30 [INFO] httpx: HTTP Request: POST https://gfcmaxbtscmizsakarvc.supabase.co/rest/v1/stock_prices?on_conflict=symbol%2Cexchange%2Cdate&columns=%22volume%22%2C%22open%22%2C%22adjusted_close%22%2C%22high%22%2C%22symbol%22%2C%22exchange%22%2C%22close%22%2C%22date%22%2C%22low%22 "HTTP/2 200 OK"
2026-06-19 18:30:31 [WARNING] tvDatafeed.main: you are using nologin method, data you access may be limited
2026-06-19 18:30:31 [INFO] httpx: HTTP Request: POST https://gfcmaxbtscmizsakarvc.supabase.co/rest/v1/stock_prices?on_conflict=symbol%2Cexchange%2Cdate&columns=%22volume%22%2C%22open%22%2C%22adjusted_close%22%2C%22high%22%2C%22symbol%22%2C%22exchange%22%2C%22close%22%2C%22date%22%2C%22low%22 "HTTP/2 200 OK"
2026-06-19 18:30:31 [INFO] httpx: HTTP Request: GET https://gfcmaxbtscmizsakarvc.supabase.co/rest/v1/stock_prices?select=date&symbol=eq.ICFC&exchange=eq.EGX&order=date.desc&limit=1 "HTTP/2 206 Partial Content"
2026-06-19 18:30:31 [WARNING] tvDatafeed.main: you are using nologin method, data you access may be limited
2026-06-19 18:30:32 [INFO] httpx: HTTP Request: POST https://gfcmaxbtscmizsakarvc.supabase.co/rest/v1/stock_prices?on_conflict=symbol%2Cexchange%2Cdate&columns=%22volume%22%2C%22open%22%2C%22adjusted_close%22%2C%22high%22%2C%22symbol%22%2C%22exchange%22%2C%22close%22%2C%22date%22%2C%22low%22 "HTTP/2 200 OK"
2026-06-19 18:30:32 [INFO] httpx: HTTP Request: GET https://gfcmaxbtscmizsakarvc.supabase.co/rest/v1/stock_prices?select=date&symbol=eq.ICID&exchange=eq.EGX&order=date.desc&limit=1 "HTTP/2 206 Partial Content"
2026-06-19 18:30:32 [WARNING] tvDatafeed.main: you are using nologin method, data you access may be limited
2026-06-19 18:30:32 [WARNING] tvDatafeed.main: you are using nologin method, data you access may be limited
2026-06-19 18:30:33 [INFO] httpx: HTTP Request: GET https://gfcmaxbtscmizsakarvc.supabase.co/rest/v1/stock_prices?select=date&symbol=eq.ICLE&exchange=eq.EGX&order=date.desc&limit=1 "HTTP/2 206 Partial Content"
2026-06-19 18:30:33 [INFO] httpx: HTTP Request: POST https://gfcmaxbtscmizsakarvc.supabase.co/rest/v1/stock_prices?on_conflict=symbol%2Cexchange%2Cdate&columns=%22volume%22%2C%22open%22%2C%22adjusted_close%22%2C%22high%22%2C%22symbol%22%2C%22exchange%22%2C%22close%22%2C%22date%22%2C%22low%22 "HTTP/2 200 OK"
2026-06-19 18:30:33 [INFO] httpx: HTTP Request: POST https://gfcmaxbtscmizsakarvc.supabase.co/rest/v1/stock_prices?on_conflict=symbol%2Cexchange%2Cdate&columns=%22volume%22%2C%22open%22%2C%22adjusted_close%22%2C%22high%22%2C%22symbol%22%2C%22exchange%22%2C%22close%22%2C%22date%22%2C%22low%22 "HTTP/2 200 OK"
2026-06-19 18:30:33 [ERROR] tvDatafeed.main: Connection timed out
2026-06-19 18:30:33 [ERROR] tvDatafeed.main: no data, please check the exchange and symbol
2026-06-19 18:30:33 [WARNING] tvDatafeed.main: you are using nologin method, data you access may be limited
2026-06-19 18:30:33 [INFO] httpx: HTTP Request: POST https://gfcmaxbtscmizsakarvc.supabase.co/rest/v1/stock_prices?on_conflict=symbol%2Cexchange%2Cdate&columns=%22volume%22%2C%22open%22%2C%22adjusted_close%22%2C%22high%22%2C%22symbol%22%2C%22exchange%22%2C%22close%22%2C%22date%22%2C%22low%22 "HTTP/2 200 OK"
2026-06-19 18:30:33 [INFO] httpx: HTTP Request: GET https://gfcmaxbtscmizsakarvc.supabase.co/rest/v1/stock_prices?select=date&symbol=eq.IDHC&exchange=eq.EGX&order=date.desc&limit=1 "HTTP/2 200 OK"
2026-06-19 18:30:33 [INFO] httpx: HTTP Request: GET https://gfcmaxbtscmizsakarvc.supabase.co/rest/v1/stock_prices?select=date&symbol=eq.IDRE&exchange=eq.EGX&order=date.desc&limit=1 "HTTP/2 206 Partial Content"
2026-06-19 18:30:34 [WARNING] tvDatafeed.main: you are using nologin method, data you access may be limited
2026-06-19 18:30:34 [INFO] httpx: HTTP Request: POST https://gfcmaxbtscmizsakarvc.supabase.co/rest/v1/stock_prices?on_conflict=symbol%2Cexchange%2Cdate&columns=%22volume%22%2C%22open%22%2C%22adjusted_close%22%2C%22high%22%2C%22symbol%22%2C%22exchange%22%2C%22close%22%2C%22date%22%2C%22low%22 "HTTP/2 200 OK"
2026-06-19 18:30:35 [INFO] httpx: HTTP Request: POST https://gfcmaxbtscmizsakarvc.supabase.co/rest/v1/stock_prices?on_conflict=symbol%2Cexchange%2Cdate&columns=%22volume%22%2C%22open%22%2C%22adjusted_close%22%2C%22high%22%2C%22symbol%22%2C%22exchange%22%2C%22close%22%2C%22date%22%2C%22low%22 "HTTP/2 200 OK"
2026-06-19 18:30:35 [INFO] httpx: HTTP Request: POST https://gfcmaxbtscmizsakarvc.supabase.co/rest/v1/stock_prices?on_conflict=symbol%2Cexchange%2Cdate&columns=%22volume%22%2C%22open%22%2C%22adjusted_close%22%2C%22high%22%2C%22symbol%22%2C%22exchange%22%2C%22close%22%2C%22date%22%2C%22low%22 "HTTP/2 200 OK"
2026-06-19 18:30:35 [INFO] httpx: HTTP Request: GET https://gfcmaxbtscmizsakarvc.supabase.co/rest/v1/stock_prices?select=date&symbol=eq.IEEC&exchange=eq.EGX&order=date.desc&limit=1 "HTTP/2 206 Partial Content"
2026-06-19 18:30:35 [WARNING] tvDatafeed.main: you are using nologin method, data you access may be limited
2026-06-19 18:30:35 [WARNING] tvDatafeed.main: you are using nologin method, data you access may be limited
2026-06-19 18:30:35 [INFO] httpx: HTTP Request: GET https://gfcmaxbtscmizsakarvc.supabase.co/rest/v1/stock_prices?select=date&symbol=eq.INFI&exchange=eq.EGX&order=date.desc&limit=1 "HTTP/2 206 Partial Content"
2026-06-19 18:30:35 [INFO] httpx: HTTP Request: GET https://gfcmaxbtscmizsakarvc.supabase.co/rest/v1/stock_prices?select=date&symbol=eq.IFAP&exchange=eq.EGX&order=date.desc&limit=1 "HTTP/2 206 Partial Content"
2026-06-19 18:30:36 [INFO] httpx: HTTP Request: POST https://gfcmaxbtscmizsakarvc.supabase.co/rest/v1/stock_prices?on_conflict=symbol%2Cexchange%2Cdate&columns=%22volume%22%2C%22open%22%2C%22adjusted_close%22%2C%22high%22%2C%22symbol%22%2C%22exchange%22%2C%22close%22%2C%22date%22%2C%22low%22 "HTTP/2 200 OK"
2026-06-19 18:30:36 [INFO] httpx: HTTP Request: GET https://gfcmaxbtscmizsakarvc.supabase.co/rest/v1/stock_prices?select=date&symbol=eq.IPPM&exchange=eq.EGX&order=date.desc&limit=1 "HTTP/2 200 OK"
2026-06-19 18:30:36 [INFO] httpx: HTTP Request: POST https://gfcmaxbtscmizsakarvc.supabase.co/rest/v1/stock_prices?on_conflict=symbol%2Cexchange%2Cdate&columns=%22volume%22%2C%22open%22%2C%22adjusted_close%22%2C%22high%22%2C%22symbol%22%2C%22exchange%22%2C%22close%22%2C%22date%22%2C%22low%22 "HTTP/2 200 OK"
2026-06-19 18:30:36 [WARNING] tvDatafeed.main: you are using nologin method, data you access may be limited
2026-06-19 18:30:36 [INFO] httpx: HTTP Request: GET https://gfcmaxbtscmizsakarvc.supabase.co/rest/v1/stock_prices?select=date&symbol=eq.IRAX&exchange=eq.EGX&order=date.desc&limit=1 "HTTP/2 206 Partial Content"
2026-06-19 18:30:36 [INFO] httpx: HTTP Request: GET https://gfcmaxbtscmizsakarvc.supabase.co/rest/v1/stock_prices?select=date&symbol=eq.IRON&exchange=eq.EGX&order=date.desc&limit=1 "HTTP/2 206 Partial Content"
2026-06-19 18:30:37 [INFO] httpx: HTTP Request: POST https://gfcmaxbtscmizsakarvc.supabase.co/rest/v1/stock_prices?on_conflict=symbol%2Cexchange%2Cdate&columns=%22volume%22%2C%22open%22%2C%22adjusted_close%22%2C%22high%22%2C%22symbol%22%2C%22exchange%22%2C%22close%22%2C%22date%22%2C%22low%22 "HTTP/2 200 OK"
2026-06-19 18:30:37 [WARNING] tvDatafeed.main: you are using nologin method, data you access may be limited
2026-06-19 18:30:37 [WARNING] tvDatafeed.main: you are using nologin method, data you access may be limited
2026-06-19 18:30:37 [WARNING] tvDatafeed.main: you are using nologin method, data you access may be limited
2026-06-19 18:30:37 [INFO] httpx: HTTP Request: POST https://gfcmaxbtscmizsakarvc.supabase.co/rest/v1/stock_prices?on_conflict=symbol%2Cexchange%2Cdate&columns=%22volume%22%2C%22open%22%2C%22adjusted_close%22%2C%22high%22%2C%22symbol%22%2C%22exchange%22%2C%22close%22%2C%22date%22%2C%22low%22 "HTTP/2 200 OK"
2026-06-19 18:30:37 [INFO] httpx: HTTP Request: POST https://gfcmaxbtscmizsakarvc.supabase.co/rest/v1/stock_prices?on_conflict=symbol%2Cexchange%2Cdate&columns=%22volume%22%2C%22open%22%2C%22adjusted_close%22%2C%22high%22%2C%22symbol%22%2C%22exchange%22%2C%22close%22%2C%22date%22%2C%22low%22 "HTTP/2 200 OK"
2026-06-19 18:30:38 [ERROR] tvDatafeed.main: Connection to remote host was lost.
2026-06-19 18:30:38 [ERROR] tvDatafeed.main: no data, please check the exchange and symbol
2026-06-19 18:30:38 [INFO] httpx: HTTP Request: GET https://gfcmaxbtscmizsakarvc.supabase.co/rest/v1/stock_prices?select=date&symbol=eq.ISMA&exchange=eq.EGX&order=date.desc&limit=1 "HTTP/2 206 Partial Content"
2026-06-19 18:30:38 [INFO] httpx: HTTP Request: GET https://gfcmaxbtscmizsakarvc.supabase.co/rest/v1/stock_prices?select=date&symbol=eq.ISMQ&exchange=eq.EGX&order=date.desc&limit=1 "HTTP/2 206 Partial Content"
2026-06-19 18:30:38 [WARNING] tvDatafeed.main: you are using nologin method, data you access may be limited
2026-06-19 18:30:38 [WARNING] tvDatafeed.main: you are using nologin method, data you access may be limited
2026-06-19 18:30:38 [INFO] httpx: HTTP Request: POST https://gfcmaxbtscmizsakarvc.supabase.co/rest/v1/stock_prices?on_conflict=symbol%2Cexchange%2Cdate&columns=%22volume%22%2C%22open%22%2C%22adjusted_close%22%2C%22high%22%2C%22symbol%22%2C%22exchange%22%2C%22close%22%2C%22date%22%2C%22low%22 "HTTP/2 200 OK"
2026-06-19 18:30:38 [INFO] httpx: HTTP Request: POST https://gfcmaxbtscmizsakarvc.supabase.co/rest/v1/stock_prices?on_conflict=symbol%2Cexchange%2Cdate&columns=%22volume%22%2C%22open%22%2C%22adjusted_close%22%2C%22high%22%2C%22symbol%22%2C%22exchange%22%2C%22close%22%2C%22date%22%2C%22low%22 "HTTP/2 200 OK"
2026-06-19 18:30:39 [INFO] httpx: HTTP Request: POST https://gfcmaxbtscmizsakarvc.supabase.co/rest/v1/stock_prices?on_conflict=symbol%2Cexchange%2Cdate&columns=%22volume%22%2C%22open%22%2C%22adjusted_close%22%2C%22high%22%2C%22symbol%22%2C%22exchange%22%2C%22close%22%2C%22date%22%2C%22low%22 "HTTP/2 201 Created"
2026-06-19 18:30:39 [WARNING] tvDatafeed.main: you are using nologin method, data you access may be limited
2026-06-19 18:30:39 [WARNING] tvDatafeed.main: you are using nologin method, data you access may be limited
2026-06-19 18:30:40 [ERROR] tvDatafeed.main: Connection timed out
2026-06-19 18:30:40 [INFO] httpx: HTTP Request: POST https://gfcmaxbtscmizsakarvc.supabase.co/rest/v1/stock_prices?on_conflict=symbol%2Cexchange%2Cdate&columns=%22volume%22%2C%22open%22%2C%22adjusted_close%22%2C%22high%22%2C%22symbol%22%2C%22exchange%22%2C%22close%22%2C%22date%22%2C%22low%22 "HTTP/2 200 OK"
2026-06-19 18:30:40 [INFO] httpx: HTTP Request: GET https://gfcmaxbtscmizsakarvc.supabase.co/rest/v1/stock_prices?select=date&symbol=eq.ISPH&exchange=eq.EGX&order=date.desc&limit=1 "HTTP/2 206 Partial Content"
2026-06-19 18:30:40 [ERROR] tvDatafeed.main: no data, please check the exchange and symbol
2026-06-19 18:30:40 [INFO] httpx: HTTP Request: POST https://gfcmaxbtscmizsakarvc.supabase.co/rest/v1/stock_prices?on_conflict=symbol%2Cexchange%2Cdate&columns=%22volume%22%2C%22open%22%2C%22adjusted_close%22%2C%22high%22%2C%22symbol%22%2C%22exchange%22%2C%22close%22%2C%22date%22%2C%22low%22 "HTTP/2 200 OK"
2026-06-19 18:30:40 [INFO] httpx: HTTP Request: GET https://gfcmaxbtscmizsakarvc.supabase.co/rest/v1/stock_prices?select=date&symbol=eq.JUFO&exchange=eq.EGX&order=date.desc&limit=1 "HTTP/2 206 Partial Content"
2026-06-19 18:30:40 [INFO] httpx: HTTP Request: POST https://gfcmaxbtscmizsakarvc.supabase.co/rest/v1/stock_prices?on_conflict=symbol%2Cexchange%2Cdate&columns=%22volume%22%2C%22open%22%2C%22adjusted_close%22%2C%22high%22%2C%22symbol%22%2C%22exchange%22%2C%22close%22%2C%22date%22%2C%22low%22 "HTTP/2 200 OK"
2026-06-19 18:30:40 [INFO] httpx: HTTP Request: GET https://gfcmaxbtscmizsakarvc.supabase.co/rest/v1/stock_prices?select=date&symbol=eq.KABO&exchange=eq.EGX&order=date.desc&limit=1 "HTTP/2 206 Partial Content"
2026-06-19 18:30:40 [INFO] httpx: HTTP Request: GET https://gfcmaxbtscmizsakarvc.supabase.co/rest/v1/stock_prices?select=date&symbol=eq.KASABF&exchange=eq.EGX&order=date.desc&limit=1 "HTTP/2 206 Partial Content"
2026-06-19 18:30:41 [INFO] httpx: HTTP Request: POST https://gfcmaxbtscmizsakarvc.supabase.co/rest/v1/stock_prices?on_conflict=symbol%2Cexchange%2Cdate&columns=%22volume%22%2C%22open%22%2C%22adjusted_close%22%2C%22high%22%2C%22symbol%22%2C%22exchange%22%2C%22close%22%2C%22date%22%2C%22low%22 "HTTP/2 200 OK"
2026-06-19 18:30:41 [INFO] httpx: HTTP Request: GET https://gfcmaxbtscmizsakarvc.supabase.co/rest/v1/stock_prices?select=date&symbol=eq.KRDI&exchange=eq.EGX&order=date.desc&limit=1 "HTTP/2 206 Partial Content"
2026-06-19 18:30:41 [WARNING] tvDatafeed.main: you are using nologin method, data you access may be limited
2026-06-19 18:30:41 [INFO] httpx: HTTP Request: POST https://gfcmaxbtscmizsakarvc.supabase.co/rest/v1/stock_prices?on_conflict=symbol%2Cexchange%2Cdate&columns=%22volume%22%2C%22open%22%2C%22adjusted_close%22%2C%22high%22%2C%22symbol%22%2C%22exchange%22%2C%22close%22%2C%22date%22%2C%22low%22 "HTTP/2 200 OK"
2026-06-19 18:30:41 [INFO] httpx: HTTP Request: GET https://gfcmaxbtscmizsakarvc.supabase.co/rest/v1/stock_prices?select=date&symbol=eq.KWIN&exchange=eq.EGX&order=date.desc&limit=1 "HTTP/2 206 Partial Content"
2026-06-19 18:30:41 [ERROR] tvDatafeed.main: Connection timed out
2026-06-19 18:30:41 [ERROR] tvDatafeed.main: no data, please check the exchange and symbol
2026-06-19 18:30:42 [WARNING] tvDatafeed.main: you are using nologin method, data you access may be limited
2026-06-19 18:30:42 [INFO] httpx: HTTP Request: GET https://gfcmaxbtscmizsakarvc.supabase.co/rest/v1/stock_prices?select=date&symbol=eq.KZPC&exchange=eq.EGX&order=date.desc&limit=1 "HTTP/2 206 Partial Content"
2026-06-19 18:30:42 [INFO] httpx: HTTP Request: POST https://gfcmaxbtscmizsakarvc.supabase.co/rest/v1/stock_prices?on_conflict=symbol%2Cexchange%2Cdate&columns=%22volume%22%2C%22open%22%2C%22adjusted_close%22%2C%22high%22%2C%22symbol%22%2C%22exchange%22%2C%22close%22%2C%22date%22%2C%22low%22 "HTTP/2 200 OK"
2026-06-19 18:30:42 [WARNING] tvDatafeed.main: you are using nologin method, data you access may be limited
2026-06-19 18:30:42 [WARNING] tvDatafeed.main: you are using nologin method, data you access may be limited
2026-06-19 18:30:42 [WARNING] tvDatafeed.main: you are using nologin method, data you access may be limited
2026-06-19 18:30:43 [INFO] httpx: HTTP Request: GET https://gfcmaxbtscmizsakarvc.supabase.co/rest/v1/stock_prices?select=date&symbol=eq.LCSW&exchange=eq.EGX&order=date.desc&limit=1 "HTTP/2 206 Partial Content"
2026-06-19 18:30:43 [INFO] httpx: HTTP Request: GET https://gfcmaxbtscmizsakarvc.supabase.co/rest/v1/stock_prices?select=date&symbol=eq.LUTS&exchange=eq.EGX&order=date.desc&limit=1 "HTTP/2 206 Partial Content"
2026-06-19 18:30:43 [INFO] httpx: HTTP Request: POST https://gfcmaxbtscmizsakarvc.supabase.co/rest/v1/stock_prices?on_conflict=symbol%2Cexchange%2Cdate&columns=%22volume%22%2C%22open%22%2C%22adjusted_close%22%2C%22high%22%2C%22symbol%22%2C%22exchange%22%2C%22close%22%2C%22date%22%2C%22low%22 "HTTP/2 200 OK"
2026-06-19 18:30:43 [WARNING] tvDatafeed.main: you are using nologin method, data you access may be limited
2026-06-19 18:30:43 [ERROR] tvDatafeed.main: Connection timed out
2026-06-19 18:30:43 [ERROR] tvDatafeed.main: no data, please check the exchange and symbol
2026-06-19 18:30:43 [INFO] httpx: HTTP Request: POST https://gfcmaxbtscmizsakarvc.supabase.co/rest/v1/stock_prices?on_conflict=symbol%2Cexchange%2Cdate&columns=%22volume%22%2C%22open%22%2C%22adjusted_close%22%2C%22high%22%2C%22symbol%22%2C%22exchange%22%2C%22close%22%2C%22date%22%2C%22low%22 "HTTP/2 200 OK"
2026-06-19 18:30:43 [INFO] httpx: HTTP Request: GET https://gfcmaxbtscmizsakarvc.supabase.co/rest/v1/stock_prices?select=date&symbol=eq.MAAL&exchange=eq.EGX&order=date.desc&limit=1 "HTTP/2 206 Partial Content"
2026-06-19 18:30:43 [WARNING] tvDatafeed.main: you are using nologin method, data you access may be limited
2026-06-19 18:30:43 [INFO] httpx: HTTP Request: POST https://gfcmaxbtscmizsakarvc.supabase.co/rest/v1/stock_prices?on_conflict=symbol%2Cexchange%2Cdate&columns=%22volume%22%2C%22open%22%2C%22adjusted_close%22%2C%22high%22%2C%22symbol%22%2C%22exchange%22%2C%22close%22%2C%22date%22%2C%22low%22 "HTTP/2 200 OK"
2026-06-19 18:30:44 [INFO] httpx: HTTP Request: GET https://gfcmaxbtscmizsakarvc.supabase.co/rest/v1/stock_prices?select=date&symbol=eq.MATD&exchange=eq.EGX&order=date.desc&limit=1 "HTTP/2 200 OK"
2026-06-19 18:30:44 [INFO] httpx: HTTP Request: GET https://gfcmaxbtscmizsakarvc.supabase.co/rest/v1/stock_prices?select=date&symbol=eq.MASR&exchange=eq.EGX&order=date.desc&limit=1 "HTTP/2 206 Partial Content"
2026-06-19 18:30:44 [INFO] httpx: HTTP Request: GET https://gfcmaxbtscmizsakarvc.supabase.co/rest/v1/stock_prices?select=date&symbol=eq.MBEG&exchange=eq.EGX&order=date.desc&limit=1 "HTTP/2 206 Partial Content"
2026-06-19 18:30:44 [WARNING] tvDatafeed.main: you are using nologin method, data you access may be limited
2026-06-19 18:30:44 [WARNING] tvDatafeed.main: you are using nologin method, data you access may be limited
2026-06-19 18:30:44 [INFO] httpx: HTTP Request: POST https://gfcmaxbtscmizsakarvc.supabase.co/rest/v1/stock_prices?on_conflict=symbol%2Cexchange%2Cdate&columns=%22volume%22%2C%22open%22%2C%22adjusted_close%22%2C%22high%22%2C%22symbol%22%2C%22exchange%22%2C%22close%22%2C%22date%22%2C%22low%22 "HTTP/2 200 OK"
2026-06-19 18:30:45 [INFO] httpx: HTTP Request: POST https://gfcmaxbtscmizsakarvc.supabase.co/rest/v1/stock_prices?on_conflict=symbol%2Cexchange%2Cdate&columns=%22volume%22%2C%22open%22%2C%22adjusted_close%22%2C%22high%22%2C%22symbol%22%2C%22exchange%22%2C%22close%22%2C%22date%22%2C%22low%22 "HTTP/2 200 OK"
2026-06-19 18:30:45 [WARNING] tvDatafeed.main: you are using nologin method, data you access may be limited
2026-06-19 18:30:45 [INFO] httpx: HTTP Request: GET https://gfcmaxbtscmizsakarvc.supabase.co/rest/v1/stock_prices?select=date&symbol=eq.MBSC&exchange=eq.EGX&order=date.desc&limit=1 "HTTP/2 206 Partial Content"
2026-06-19 18:30:45 [INFO] httpx: HTTP Request: POST https://gfcmaxbtscmizsakarvc.supabase.co/rest/v1/stock_prices?on_conflict=symbol%2Cexchange%2Cdate&columns=%22volume%22%2C%22open%22%2C%22adjusted_close%22%2C%22high%22%2C%22symbol%22%2C%22exchange%22%2C%22close%22%2C%22date%22%2C%22low%22 "HTTP/2 200 OK"
2026-06-19 18:30:45 [INFO] httpx: HTTP Request: POST https://gfcmaxbtscmizsakarvc.supabase.co/rest/v1/stock_prices?on_conflict=symbol%2Cexchange%2Cdate&columns=%22volume%22%2C%22open%22%2C%22adjusted_close%22%2C%22high%22%2C%22symbol%22%2C%22exchange%22%2C%22close%22%2C%22date%22%2C%22low%22 "HTTP/2 200 OK"
2026-06-19 18:30:45 [INFO] httpx: HTTP Request: POST https://gfcmaxbtscmizsakarvc.supabase.co/rest/v1/stock_prices?on_conflict=symbol%2Cexchange%2Cdate&columns=%22volume%22%2C%22open%22%2C%22adjusted_close%22%2C%22high%22%2C%22symbol%22%2C%22exchange%22%2C%22close%22%2C%22date%22%2C%22low%22 "HTTP/2 200 OK"
2026-06-19 18:30:45 [WARNING] tvDatafeed.main: you are using nologin method, data you access may be limited
2026-06-19 18:30:45 [WARNING] tvDatafeed.main: you are using nologin method, data you access may be limited
2026-06-19 18:30:46 [WARNING] tvDatafeed.main: you are using nologin method, data you access may be limited
2026-06-19 18:30:46 [INFO] httpx: HTTP Request: POST https://gfcmaxbtscmizsakarvc.supabase.co/rest/v1/stock_prices?on_conflict=symbol%2Cexchange%2Cdate&columns=%22volume%22%2C%22open%22%2C%22adjusted_close%22%2C%22high%22%2C%22symbol%22%2C%22exchange%22%2C%22close%22%2C%22date%22%2C%22low%22 "HTTP/2 200 OK"
2026-06-19 18:30:47 [WARNING] tvDatafeed.main: you are using nologin method, data you access may be limited
2026-06-19 18:30:47 [INFO] httpx: HTTP Request: GET https://gfcmaxbtscmizsakarvc.supabase.co/rest/v1/stock_prices?select=date&symbol=eq.MCQE&exchange=eq.EGX&order=date.desc&limit=1 "HTTP/2 206 Partial Content"
2026-06-19 18:30:47 [INFO] httpx: HTTP Request: GET https://gfcmaxbtscmizsakarvc.supabase.co/rest/v1/stock_prices?select=date&symbol=eq.MCRO&exchange=eq.EGX&order=date.desc&limit=1 "HTTP/2 206 Partial Content"
2026-06-19 18:30:47 [INFO] httpx: HTTP Request: GET https://gfcmaxbtscmizsakarvc.supabase.co/rest/v1/stock_prices?select=date&symbol=eq.MEDP&exchange=eq.EGX&order=date.desc&limit=1 "HTTP/2 200 OK"
2026-06-19 18:30:47 [ERROR] tvDatafeed.main: Connection to remote host was lost.
2026-06-19 18:30:47 [ERROR] tvDatafeed.main: no data, please check the exchange and symbol
2026-06-19 18:30:47 [INFO] httpx: HTTP Request: POST https://gfcmaxbtscmizsakarvc.supabase.co/rest/v1/stock_prices?on_conflict=symbol%2Cexchange%2Cdate&columns=%22volume%22%2C%22open%22%2C%22adjusted_close%22%2C%22high%22%2C%22symbol%22%2C%22exchange%22%2C%22close%22%2C%22date%22%2C%22low%22 "HTTP/2 200 OK"
2026-06-19 18:30:47 [INFO] httpx: HTTP Request: POST https://gfcmaxbtscmizsakarvc.supabase.co/rest/v1/stock_prices?on_conflict=symbol%2Cexchange%2Cdate&columns=%22volume%22%2C%22open%22%2C%22adjusted_close%22%2C%22high%22%2C%22symbol%22%2C%22exchange%22%2C%22close%22%2C%22date%22%2C%22low%22 "HTTP/2 200 OK"
2026-06-19 18:30:47 [INFO] httpx: HTTP Request: POST https://gfcmaxbtscmizsakarvc.supabase.co/rest/v1/stock_prices?on_conflict=symbol%2Cexchange%2Cdate&columns=%22volume%22%2C%22open%22%2C%22adjusted_close%22%2C%22high%22%2C%22symbol%22%2C%22exchange%22%2C%22close%22%2C%22date%22%2C%22low%22 "HTTP/2 200 OK"
2026-06-19 18:30:48 [INFO] httpx: HTTP Request: POST https://gfcmaxbtscmizsakarvc.supabase.co/rest/v1/stock_prices?on_conflict=symbol%2Cexchange%2Cdate&columns=%22volume%22%2C%22open%22%2C%22adjusted_close%22%2C%22high%22%2C%22symbol%22%2C%22exchange%22%2C%22close%22%2C%22date%22%2C%22low%22 "HTTP/2 200 OK"
2026-06-19 18:30:48 [INFO] httpx: HTTP Request: GET https://gfcmaxbtscmizsakarvc.supabase.co/rest/v1/stock_prices?select=date&symbol=eq.MEGM&exchange=eq.EGX&order=date.desc&limit=1 "HTTP/2 206 Partial Content"
2026-06-19 18:30:48 [INFO] httpx: HTTP Request: GET https://gfcmaxbtscmizsakarvc.supabase.co/rest/v1/stock_prices?select=date&symbol=eq.MENA&exchange=eq.EGX&order=date.desc&limit=1 "HTTP/2 206 Partial Content"
2026-06-19 18:30:48 [INFO] httpx: HTTP Request: POST https://gfcmaxbtscmizsakarvc.supabase.co/rest/v1/stock_prices?on_conflict=symbol%2Cexchange%2Cdate&columns=%22volume%22%2C%22open%22%2C%22adjusted_close%22%2C%22high%22%2C%22symbol%22%2C%22exchange%22%2C%22close%22%2C%22date%22%2C%22low%22 "HTTP/2 200 OK"
2026-06-19 18:30:48 [INFO] httpx: HTTP Request: POST https://gfcmaxbtscmizsakarvc.supabase.co/rest/v1/stock_prices?on_conflict=symbol%2Cexchange%2Cdate&columns=%22volume%22%2C%22open%22%2C%22adjusted_close%22%2C%22high%22%2C%22symbol%22%2C%22exchange%22%2C%22close%22%2C%22date%22%2C%22low%22 "HTTP/2 201 Created"
2026-06-19 18:30:48 [INFO] httpx: HTTP Request: GET https://gfcmaxbtscmizsakarvc.supabase.co/rest/v1/stock_prices?select=date&symbol=eq.MEPA&exchange=eq.EGX&order=date.desc&limit=1 "HTTP/2 206 Partial Content"
2026-06-19 18:30:48 [WARNING] tvDatafeed.main: you are using nologin method, data you access may be limited
2026-06-19 18:30:48 [WARNING] tvDatafeed.main: you are using nologin method, data you access may be limited
2026-06-19 18:30:48 [WARNING] tvDatafeed.main: you are using nologin method, data you access may be limited
2026-06-19 18:30:48 [INFO] httpx: HTTP Request: GET https://gfcmaxbtscmizsakarvc.supabase.co/rest/v1/stock_prices?select=date&symbol=eq.MFIN&exchange=eq.EGX&order=date.desc&limit=1 "HTTP/2 200 OK"
2026-06-19 18:30:49 [INFO] httpx: HTTP Request: POST https://gfcmaxbtscmizsakarvc.supabase.co/rest/v1/stock_prices?on_conflict=symbol%2Cexchange%2Cdate&columns=%22volume%22%2C%22open%22%2C%22adjusted_close%22%2C%22high%22%2C%22symbol%22%2C%22exchange%22%2C%22close%22%2C%22date%22%2C%22low%22 "HTTP/2 200 OK"
2026-06-19 18:30:49 [INFO] httpx: HTTP Request: GET https://gfcmaxbtscmizsakarvc.supabase.co/rest/v1/stock_prices?select=date&symbol=eq.MFPC&exchange=eq.EGX&order=date.desc&limit=1 "HTTP/2 206 Partial Content"
2026-06-19 18:30:49 [WARNING] tvDatafeed.main: you are using nologin method, data you access may be limited
2026-06-19 18:30:49 [INFO] httpx: HTTP Request: POST https://gfcmaxbtscmizsakarvc.supabase.co/rest/v1/stock_prices?on_conflict=symbol%2Cexchange%2Cdate&columns=%22volume%22%2C%22open%22%2C%22adjusted_close%22%2C%22high%22%2C%22symbol%22%2C%22exchange%22%2C%22close%22%2C%22date%22%2C%22low%22 "HTTP/2 200 OK"
2026-06-19 18:30:49 [WARNING] tvDatafeed.main: you are using nologin method, data you access may be limited
2026-06-19 18:30:50 [WARNING] tvDatafeed.main: you are using nologin method, data you access may be limited
2026-06-19 18:30:50 [INFO] httpx: HTTP Request: GET https://gfcmaxbtscmizsakarvc.supabase.co/rest/v1/stock_prices?select=date&symbol=eq.MFSC&exchange=eq.EGX&order=date.desc&limit=1 "HTTP/2 206 Partial Content"
2026-06-19 18:30:50 [WARNING] tvDatafeed.main: you are using nologin method, data you access may be limited
2026-06-19 18:30:50 [INFO] httpx: HTTP Request: POST https://gfcmaxbtscmizsakarvc.supabase.co/rest/v1/stock_prices?on_conflict=symbol%2Cexchange%2Cdate&columns=%22volume%22%2C%22open%22%2C%22adjusted_close%22%2C%22high%22%2C%22symbol%22%2C%22exchange%22%2C%22close%22%2C%22date%22%2C%22low%22 "HTTP/2 200 OK"
2026-06-19 18:30:51 [INFO] httpx: HTTP Request: POST https://gfcmaxbtscmizsakarvc.supabase.co/rest/v1/stock_prices?on_conflict=symbol%2Cexchange%2Cdate&columns=%22volume%22%2C%22open%22%2C%22adjusted_close%22%2C%22high%22%2C%22symbol%22%2C%22exchange%22%2C%22close%22%2C%22date%22%2C%22low%22 "HTTP/2 200 OK"
2026-06-19 18:30:51 [INFO] httpx: HTTP Request: GET https://gfcmaxbtscmizsakarvc.supabase.co/rest/v1/stock_prices?select=date&symbol=eq.MHOT&exchange=eq.EGX&order=date.desc&limit=1 "HTTP/2 206 Partial Content"
2026-06-19 18:30:51 [WARNING] tvDatafeed.main: you are using nologin method, data you access may be limited
2026-06-19 18:30:51 [WARNING] tvDatafeed.main: you are using nologin method, data you access may be limited
2026-06-19 18:30:51 [INFO] httpx: HTTP Request: GET https://gfcmaxbtscmizsakarvc.supabase.co/rest/v1/stock_prices?select=date&symbol=eq.MICH&exchange=eq.EGX&order=date.desc&limit=1 "HTTP/2 206 Partial Content"
2026-06-19 18:30:52 [ERROR] tvDatafeed.main: Connection to remote host was lost.
2026-06-19 18:30:52 [ERROR] tvDatafeed.main: no data, please check the exchange and symbol
2026-06-19 18:30:52 [INFO] httpx: HTTP Request: POST https://gfcmaxbtscmizsakarvc.supabase.co/rest/v1/stock_prices?on_conflict=symbol%2Cexchange%2Cdate&columns=%22volume%22%2C%22open%22%2C%22adjusted_close%22%2C%22high%22%2C%22symbol%22%2C%22exchange%22%2C%22close%22%2C%22date%22%2C%22low%22 "HTTP/2 200 OK"
2026-06-19 18:30:52 [WARNING] tvDatafeed.main: you are using nologin method, data you access may be limited
2026-06-19 18:30:52 [INFO] httpx: HTTP Request: POST https://gfcmaxbtscmizsakarvc.supabase.co/rest/v1/stock_prices?on_conflict=symbol%2Cexchange%2Cdate&columns=%22volume%22%2C%22open%22%2C%22adjusted_close%22%2C%22high%22%2C%22symbol%22%2C%22exchange%22%2C%22close%22%2C%22date%22%2C%22low%22 "HTTP/2 200 OK"
2026-06-19 18:30:52 [INFO] httpx: HTTP Request: POST https://gfcmaxbtscmizsakarvc.supabase.co/rest/v1/stock_prices?on_conflict=symbol%2Cexchange%2Cdate&columns=%22volume%22%2C%22open%22%2C%22adjusted_close%22%2C%22high%22%2C%22symbol%22%2C%22exchange%22%2C%22close%22%2C%22date%22%2C%22low%22 "HTTP/2 200 OK"
2026-06-19 18:30:52 [INFO] httpx: HTTP Request: GET https://gfcmaxbtscmizsakarvc.supabase.co/rest/v1/stock_prices?select=date&symbol=eq.MILS&exchange=eq.EGX&order=date.desc&limit=1 "HTTP/2 206 Partial Content"
2026-06-19 18:30:52 [INFO] httpx: HTTP Request: POST https://gfcmaxbtscmizsakarvc.supabase.co/rest/v1/stock_prices?on_conflict=symbol%2Cexchange%2Cdate&columns=%22volume%22%2C%22open%22%2C%22adjusted_close%22%2C%22high%22%2C%22symbol%22%2C%22exchange%22%2C%22close%22%2C%22date%22%2C%22low%22 "HTTP/2 200 OK"
2026-06-19 18:30:53 [INFO] httpx: HTTP Request: POST https://gfcmaxbtscmizsakarvc.supabase.co/rest/v1/stock_prices?on_conflict=symbol%2Cexchange%2Cdate&columns=%22volume%22%2C%22open%22%2C%22adjusted_close%22%2C%22high%22%2C%22symbol%22%2C%22exchange%22%2C%22close%22%2C%22date%22%2C%22low%22 "HTTP/2 201 Created"
2026-06-19 18:30:53 [ERROR] tvDatafeed.main: Connection timed out
2026-06-19 18:30:53 [ERROR] tvDatafeed.main: no data, please check the exchange and symbol
2026-06-19 18:30:53 [WARNING] tvDatafeed.main: you are using nologin method, data you access may be limited
2026-06-19 18:30:53 [INFO] httpx: HTTP Request: GET https://gfcmaxbtscmizsakarvc.supabase.co/rest/v1/stock_prices?select=date&symbol=eq.MIPH&exchange=eq.EGX&order=date.desc&limit=1 "HTTP/2 206 Partial Content"
2026-06-19 18:30:53 [INFO] httpx: HTTP Request: GET https://gfcmaxbtscmizsakarvc.supabase.co/rest/v1/stock_prices?select=date&symbol=eq.MOED&exchange=eq.EGX&order=date.desc&limit=1 "HTTP/2 206 Partial Content"
2026-06-19 18:30:53 [INFO] httpx: HTTP Request: POST https://gfcmaxbtscmizsakarvc.supabase.co/rest/v1/stock_prices?on_conflict=symbol%2Cexchange%2Cdate&columns=%22volume%22%2C%22open%22%2C%22adjusted_close%22%2C%22high%22%2C%22symbol%22%2C%22exchange%22%2C%22close%22%2C%22date%22%2C%22low%22 "HTTP/2 200 OK"
2026-06-19 18:30:54 [INFO] httpx: HTTP Request: GET https://gfcmaxbtscmizsakarvc.supabase.co/rest/v1/stock_prices?select=date&symbol=eq.MOIL&exchange=eq.EGX&order=date.desc&limit=1 "HTTP/2 206 Partial Content"
2026-06-19 18:30:54 [INFO] httpx: HTTP Request: POST https://gfcmaxbtscmizsakarvc.supabase.co/rest/v1/stock_prices?on_conflict=symbol%2Cexchange%2Cdate&columns=%22volume%22%2C%22open%22%2C%22adjusted_close%22%2C%22high%22%2C%22symbol%22%2C%22exchange%22%2C%22close%22%2C%22date%22%2C%22low%22 "HTTP/2 200 OK"
2026-06-19 18:30:54 [INFO] httpx: HTTP Request: GET https://gfcmaxbtscmizsakarvc.supabase.co/rest/v1/stock_prices?select=date&symbol=eq.MOIN&exchange=eq.EGX&order=date.desc&limit=1 "HTTP/2 206 Partial Content"
2026-06-19 18:30:54 [WARNING] tvDatafeed.main: you are using nologin method, data you access may be limited
2026-06-19 18:30:54 [INFO] httpx: HTTP Request: POST https://gfcmaxbtscmizsakarvc.supabase.co/rest/v1/stock_prices?on_conflict=symbol%2Cexchange%2Cdate&columns=%22volume%22%2C%22open%22%2C%22adjusted_close%22%2C%22high%22%2C%22symbol%22%2C%22exchange%22%2C%22close%22%2C%22date%22%2C%22low%22 "HTTP/2 200 OK"
2026-06-19 18:30:54 [ERROR] tvDatafeed.main: Connection timed out
2026-06-19 18:30:54 [ERROR] tvDatafeed.main: no data, please check the exchange and symbol
2026-06-19 18:30:54 [INFO] httpx: HTTP Request: GET https://gfcmaxbtscmizsakarvc.supabase.co/rest/v1/stock_prices?select=date&symbol=eq.MOSC&exchange=eq.EGX&order=date.desc&limit=1 "HTTP/2 206 Partial Content"
2026-06-19 18:30:55 [INFO] httpx: HTTP Request: POST https://gfcmaxbtscmizsakarvc.supabase.co/rest/v1/stock_prices?on_conflict=symbol%2Cexchange%2Cdate&columns=%22volume%22%2C%22open%22%2C%22adjusted_close%22%2C%22high%22%2C%22symbol%22%2C%22exchange%22%2C%22close%22%2C%22date%22%2C%22low%22 "HTTP/2 200 OK"
2026-06-19 18:30:55 [INFO] httpx: HTTP Request: GET https://gfcmaxbtscmizsakarvc.supabase.co/rest/v1/stock_prices?select=date&symbol=eq.MPCI&exchange=eq.EGX&order=date.desc&limit=1 "HTTP/2 206 Partial Content"
2026-06-19 18:30:55 [WARNING] tvDatafeed.main: you are using nologin method, data you access may be limited
2026-06-19 18:30:55 [WARNING] tvDatafeed.main: you are using nologin method, data you access may be limited
2026-06-19 18:30:55 [INFO] httpx: HTTP Request: GET https://gfcmaxbtscmizsakarvc.supabase.co/rest/v1/stock_prices?select=date&symbol=eq.MPCO&exchange=eq.EGX&order=date.desc&limit=1 "HTTP/2 206 Partial Content"
2026-06-19 18:30:55 [INFO] httpx: HTTP Request: GET https://gfcmaxbtscmizsakarvc.supabase.co/rest/v1/stock_prices?select=date&symbol=eq.MPRC&exchange=eq.EGX&order=date.desc&limit=1 "HTTP/2 206 Partial Content"
2026-06-19 18:30:55 [INFO] httpx: HTTP Request: POST https://gfcmaxbtscmizsakarvc.supabase.co/rest/v1/stock_prices?on_conflict=symbol%2Cexchange%2Cdate&columns=%22volume%22%2C%22open%22%2C%22adjusted_close%22%2C%22high%22%2C%22symbol%22%2C%22exchange%22%2C%22close%22%2C%22date%22%2C%22low%22 "HTTP/2 200 OK"
2026-06-19 18:30:55 [WARNING] tvDatafeed.main: you are using nologin method, data you access may be limited
2026-06-19 18:30:55 [WARNING] tvDatafeed.main: you are using nologin method, data you access may be limited
2026-06-19 18:30:56 [INFO] httpx: HTTP Request: GET https://gfcmaxbtscmizsakarvc.supabase.co/rest/v1/stock_prices?select=date&symbol=eq.MRCO&exchange=eq.EGX&order=date.desc&limit=1 "HTTP/2 200 OK"
2026-06-19 18:30:56 [INFO] httpx: HTTP Request: POST https://gfcmaxbtscmizsakarvc.supabase.co/rest/v1/stock_prices?on_conflict=symbol%2Cexchange%2Cdate&columns=%22volume%22%2C%22open%22%2C%22adjusted_close%22%2C%22high%22%2C%22symbol%22%2C%22exchange%22%2C%22close%22%2C%22date%22%2C%22low%22 "HTTP/2 200 OK"
2026-06-19 18:30:56 [WARNING] tvDatafeed.main: you are using nologin method, data you access may be limited
2026-06-19 18:30:56 [WARNING] tvDatafeed.main: you are using nologin method, data you access may be limited
2026-06-19 18:30:56 [INFO] httpx: HTTP Request: POST https://gfcmaxbtscmizsakarvc.supabase.co/rest/v1/stock_prices?on_conflict=symbol%2Cexchange%2Cdate&columns=%22volume%22%2C%22open%22%2C%22adjusted_close%22%2C%22high%22%2C%22symbol%22%2C%22exchange%22%2C%22close%22%2C%22date%22%2C%22low%22 "HTTP/2 200 OK"
2026-06-19 18:30:56 [INFO] httpx: HTTP Request: GET https://gfcmaxbtscmizsakarvc.supabase.co/rest/v1/stock_prices?select=date&symbol=eq.MTIE&exchange=eq.EGX&order=date.desc&limit=1 "HTTP/2 206 Partial Content"
2026-06-19 18:30:56 [WARNING] tvDatafeed.main: you are using nologin method, data you access may be limited
2026-06-19 18:30:57 [WARNING] tvDatafeed.main: you are using nologin method, data you access may be limited
2026-06-19 18:30:57 [INFO] httpx: HTTP Request: GET https://gfcmaxbtscmizsakarvc.supabase.co/rest/v1/stock_prices?select=date&symbol=eq.NAHO&exchange=eq.EGX&order=date.desc&limit=1 "HTTP/2 206 Partial Content"
2026-06-19 18:30:57 [INFO] httpx: HTTP Request: POST https://gfcmaxbtscmizsakarvc.supabase.co/rest/v1/stock_prices?on_conflict=symbol%2Cexchange%2Cdate&columns=%22volume%22%2C%22open%22%2C%22adjusted_close%22%2C%22high%22%2C%22symbol%22%2C%22exchange%22%2C%22close%22%2C%22date%22%2C%22low%22 "HTTP/2 200 OK"
2026-06-19 18:30:57 [WARNING] tvDatafeed.main: you are using nologin method, data you access may be limited
2026-06-19 18:30:57 [ERROR] tvDatafeed.main: Connection timed out
2026-06-19 18:30:57 [INFO] httpx: HTTP Request: POST https://gfcmaxbtscmizsakarvc.supabase.co/rest/v1/stock_prices?on_conflict=symbol%2Cexchange%2Cdate&columns=%22volume%22%2C%22open%22%2C%22adjusted_close%22%2C%22high%22%2C%22symbol%22%2C%22exchange%22%2C%22close%22%2C%22date%22%2C%22low%22 "HTTP/2 200 OK"
2026-06-19 18:30:57 [ERROR] tvDatafeed.main: no data, please check the exchange and symbol
2026-06-19 18:30:57 [INFO] httpx: HTTP Request: POST https://gfcmaxbtscmizsakarvc.supabase.co/rest/v1/stock_prices?on_conflict=symbol%2Cexchange%2Cdate&columns=%22volume%22%2C%22open%22%2C%22adjusted_close%22%2C%22high%22%2C%22symbol%22%2C%22exchange%22%2C%22close%22%2C%22date%22%2C%22low%22 "HTTP/2 200 OK"
2026-06-19 18:30:57 [INFO] httpx: HTTP Request: GET https://gfcmaxbtscmizsakarvc.supabase.co/rest/v1/stock_prices?select=date&symbol=eq.NAPR&exchange=eq.EGX&order=date.desc&limit=1 "HTTP/2 200 OK"
2026-06-19 18:30:58 [WARNING] tvDatafeed.main: you are using nologin method, data you access may be limited
2026-06-19 18:30:58 [INFO] httpx: HTTP Request: POST https://gfcmaxbtscmizsakarvc.supabase.co/rest/v1/stock_prices?on_conflict=symbol%2Cexchange%2Cdate&columns=%22volume%22%2C%22open%22%2C%22adjusted_close%22%2C%22high%22%2C%22symbol%22%2C%22exchange%22%2C%22close%22%2C%22date%22%2C%22low%22 "HTTP/2 200 OK"
2026-06-19 18:30:58 [INFO] httpx: HTTP Request: GET https://gfcmaxbtscmizsakarvc.supabase.co/rest/v1/stock_prices?select=date&symbol=eq.NBKE&exchange=eq.EGX&order=date.desc&limit=1 "HTTP/2 206 Partial Content"
2026-06-19 18:30:58 [INFO] httpx: HTTP Request: GET https://gfcmaxbtscmizsakarvc.supabase.co/rest/v1/stock_prices?select=date&symbol=eq.NARE&exchange=eq.EGX&order=date.desc&limit=1 "HTTP/2 206 Partial Content"
2026-06-19 18:30:58 [INFO] httpx: HTTP Request: GET https://gfcmaxbtscmizsakarvc.supabase.co/rest/v1/stock_prices?select=date&symbol=eq.NASR&exchange=eq.EGX&order=date.desc&limit=1 "HTTP/2 200 OK"
2026-06-19 18:30:58 [WARNING] tvDatafeed.main: you are using nologin method, data you access may be limited
2026-06-19 18:30:59 [INFO] httpx: HTTP Request: GET https://gfcmaxbtscmizsakarvc.supabase.co/rest/v1/stock_prices?select=date&symbol=eq.NCCW&exchange=eq.EGX&order=date.desc&limit=1 "HTTP/2 206 Partial Content"
2026-06-19 18:30:59 [INFO] httpx: HTTP Request: POST https://gfcmaxbtscmizsakarvc.supabase.co/rest/v1/stock_prices?on_conflict=symbol%2Cexchange%2Cdate&columns=%22volume%22%2C%22open%22%2C%22adjusted_close%22%2C%22high%22%2C%22symbol%22%2C%22exchange%22%2C%22close%22%2C%22date%22%2C%22low%22 "HTTP/2 200 OK"
2026-06-19 18:30:59 [INFO] httpx: HTTP Request: POST https://gfcmaxbtscmizsakarvc.supabase.co/rest/v1/stock_prices?on_conflict=symbol%2Cexchange%2Cdate&columns=%22volume%22%2C%22open%22%2C%22adjusted_close%22%2C%22high%22%2C%22symbol%22%2C%22exchange%22%2C%22close%22%2C%22date%22%2C%22low%22 "HTTP/2 200 OK"
2026-06-19 18:30:59 [WARNING] tvDatafeed.main: you are using nologin method, data you access may be limited
2026-06-19 18:30:59 [INFO] httpx: HTTP Request: GET https://gfcmaxbtscmizsakarvc.supabase.co/rest/v1/stock_prices?select=date&symbol=eq.NCEM&exchange=eq.EGX&order=date.desc&limit=1 "HTTP/2 200 OK"
2026-06-19 18:30:59 [INFO] httpx: HTTP Request: GET https://gfcmaxbtscmizsakarvc.supabase.co/rest/v1/stock_prices?select=date&symbol=eq.NCGC&exchange=eq.EGX&order=date.desc&limit=1 "HTTP/2 206 Partial Content"
2026-06-19 18:31:00 [WARNING] tvDatafeed.main: you are using nologin method, data you access may be limited
2026-06-19 18:31:00 [WARNING] tvDatafeed.main: you are using nologin method, data you access may be limited
2026-06-19 18:31:00 [WARNING] tvDatafeed.main: you are using nologin method, data you access may be limited
2026-06-19 18:31:00 [INFO] httpx: HTTP Request: POST https://gfcmaxbtscmizsakarvc.supabase.co/rest/v1/stock_prices?on_conflict=symbol%2Cexchange%2Cdate&columns=%22volume%22%2C%22open%22%2C%22adjusted_close%22%2C%22high%22%2C%22symbol%22%2C%22exchange%22%2C%22close%22%2C%22date%22%2C%22low%22 "HTTP/2 200 OK"
2026-06-19 18:31:00 [WARNING] tvDatafeed.main: you are using nologin method, data you access may be limited
2026-06-19 18:31:00 [INFO] httpx: HTTP Request: GET https://gfcmaxbtscmizsakarvc.supabase.co/rest/v1/stock_prices?select=date&symbol=eq.NCIN&exchange=eq.EGX&order=date.desc&limit=1 "HTTP/2 200 OK"
2026-06-19 18:31:00 [INFO] httpx: HTTP Request: POST https://gfcmaxbtscmizsakarvc.supabase.co/rest/v1/stock_prices?on_conflict=symbol%2Cexchange%2Cdate&columns=%22volume%22%2C%22open%22%2C%22adjusted_close%22%2C%22high%22%2C%22symbol%22%2C%22exchange%22%2C%22close%22%2C%22date%22%2C%22low%22 "HTTP/2 200 OK"
2026-06-19 18:31:01 [WARNING] tvDatafeed.main: you are using nologin method, data you access may be limited
2026-06-19 18:31:01 [WARNING] tvDatafeed.main: you are using nologin method, data you access may be limited
2026-06-19 18:31:01 [INFO] httpx: HTTP Request: GET https://gfcmaxbtscmizsakarvc.supabase.co/rest/v1/stock_prices?select=date&symbol=eq.NCMP&exchange=eq.EGX&order=date.desc&limit=1 "HTTP/2 200 OK"
2026-06-19 18:31:02 [INFO] httpx: HTTP Request: POST https://gfcmaxbtscmizsakarvc.supabase.co/rest/v1/stock_prices?on_conflict=symbol%2Cexchange%2Cdate&columns=%22volume%22%2C%22open%22%2C%22adjusted_close%22%2C%22high%22%2C%22symbol%22%2C%22exchange%22%2C%22close%22%2C%22date%22%2C%22low%22 "HTTP/2 200 OK"
2026-06-19 18:31:02 [WARNING] tvDatafeed.main: you are using nologin method, data you access may be limited
2026-06-19 18:31:02 [WARNING] tvDatafeed.main: you are using nologin method, data you access may be limited
2026-06-19 18:31:02 [INFO] httpx: HTTP Request: GET https://gfcmaxbtscmizsakarvc.supabase.co/rest/v1/stock_prices?select=date&symbol=eq.NDRL&exchange=eq.EGX&order=date.desc&limit=1 "HTTP/2 206 Partial Content"
2026-06-19 18:31:03 [ERROR] tvDatafeed.main: Connection to remote host was lost.
2026-06-19 18:31:03 [ERROR] tvDatafeed.main: no data, please check the exchange and symbol
2026-06-19 18:31:03 [INFO] httpx: HTTP Request: POST https://gfcmaxbtscmizsakarvc.supabase.co/rest/v1/stock_prices?on_conflict=symbol%2Cexchange%2Cdate&columns=%22volume%22%2C%22open%22%2C%22adjusted_close%22%2C%22high%22%2C%22symbol%22%2C%22exchange%22%2C%22close%22%2C%22date%22%2C%22low%22 "HTTP/2 200 OK"
2026-06-19 18:31:03 [INFO] httpx: HTTP Request: POST https://gfcmaxbtscmizsakarvc.supabase.co/rest/v1/stock_prices?on_conflict=symbol%2Cexchange%2Cdate&columns=%22volume%22%2C%22open%22%2C%22adjusted_close%22%2C%22high%22%2C%22symbol%22%2C%22exchange%22%2C%22close%22%2C%22date%22%2C%22low%22 "HTTP/2 200 OK"
2026-06-19 18:31:04 [INFO] httpx: HTTP Request: POST https://gfcmaxbtscmizsakarvc.supabase.co/rest/v1/stock_prices?on_conflict=symbol%2Cexchange%2Cdate&columns=%22volume%22%2C%22open%22%2C%22adjusted_close%22%2C%22high%22%2C%22symbol%22%2C%22exchange%22%2C%22close%22%2C%22date%22%2C%22low%22 "HTTP/2 200 OK"
2026-06-19 18:31:04 [INFO] httpx: HTTP Request: POST https://gfcmaxbtscmizsakarvc.supabase.co/rest/v1/stock_prices?on_conflict=symbol%2Cexchange%2Cdate&columns=%22volume%22%2C%22open%22%2C%22adjusted_close%22%2C%22high%22%2C%22symbol%22%2C%22exchange%22%2C%22close%22%2C%22date%22%2C%22low%22 "HTTP/2 200 OK"
2026-06-19 18:31:04 [WARNING] tvDatafeed.main: you are using nologin method, data you access may be limited
2026-06-19 18:31:04 [ERROR] tvDatafeed.main: Connection timed out
2026-06-19 18:31:04 [ERROR] tvDatafeed.main: no data, please check the exchange and symbol
2026-06-19 18:31:04 [INFO] httpx: HTTP Request: POST https://gfcmaxbtscmizsakarvc.supabase.co/rest/v1/stock_prices?on_conflict=symbol%2Cexchange%2Cdate&columns=%22volume%22%2C%22open%22%2C%22adjusted_close%22%2C%22high%22%2C%22symbol%22%2C%22exchange%22%2C%22close%22%2C%22date%22%2C%22low%22 "HTTP/2 200 OK"
2026-06-19 18:31:04 [INFO] httpx: HTTP Request: POST https://gfcmaxbtscmizsakarvc.supabase.co/rest/v1/stock_prices?on_conflict=symbol%2Cexchange%2Cdate&columns=%22volume%22%2C%22open%22%2C%22adjusted_close%22%2C%22high%22%2C%22symbol%22%2C%22exchange%22%2C%22close%22%2C%22date%22%2C%22low%22 "HTTP/2 200 OK"
2026-06-19 18:31:04 [INFO] httpx: HTTP Request: POST https://gfcmaxbtscmizsakarvc.supabase.co/rest/v1/stock_prices?on_conflict=symbol%2Cexchange%2Cdate&columns=%22volume%22%2C%22open%22%2C%22adjusted_close%22%2C%22high%22%2C%22symbol%22%2C%22exchange%22%2C%22close%22%2C%22date%22%2C%22low%22 "HTTP/2 200 OK"
2026-06-19 18:31:04 [INFO] httpx: HTTP Request: POST https://gfcmaxbtscmizsakarvc.supabase.co/rest/v1/stock_prices?on_conflict=symbol%2Cexchange%2Cdate&columns=%22volume%22%2C%22open%22%2C%22adjusted_close%22%2C%22high%22%2C%22symbol%22%2C%22exchange%22%2C%22close%22%2C%22date%22%2C%22low%22 "HTTP/2 201 Created"
2026-06-19 18:31:05 [INFO] httpx: HTTP Request: GET https://gfcmaxbtscmizsakarvc.supabase.co/rest/v1/stock_prices?select=date&symbol=eq.NEDA&exchange=eq.EGX&order=date.desc&limit=1 "HTTP/2 206 Partial Content"
2026-06-19 18:31:05 [INFO] httpx: HTTP Request: GET https://gfcmaxbtscmizsakarvc.supabase.co/rest/v1/stock_prices?select=date&symbol=eq.NHPS&exchange=eq.EGX&order=date.desc&limit=1 "HTTP/2 206 Partial Content"
2026-06-19 18:31:05 [INFO] httpx: HTTP Request: GET https://gfcmaxbtscmizsakarvc.supabase.co/rest/v1/stock_prices?select=date&symbol=eq.NINH&exchange=eq.EGX&order=date.desc&limit=1 "HTTP/2 206 Partial Content"
2026-06-19 18:31:05 [INFO] httpx: HTTP Request: GET https://gfcmaxbtscmizsakarvc.supabase.co/rest/v1/stock_prices?select=date&symbol=eq.NIPH&exchange=eq.EGX&order=date.desc&limit=1 "HTTP/2 206 Partial Content"
2026-06-19 18:31:06 [ERROR] tvDatafeed.main: Connection timed out
2026-06-19 18:31:06 [ERROR] tvDatafeed.main: no data, please check the exchange and symbol
2026-06-19 18:31:06 [INFO] httpx: HTTP Request: POST https://gfcmaxbtscmizsakarvc.supabase.co/rest/v1/stock_prices?on_conflict=symbol%2Cexchange%2Cdate&columns=%22volume%22%2C%22open%22%2C%22adjusted_close%22%2C%22high%22%2C%22symbol%22%2C%22exchange%22%2C%22close%22%2C%22date%22%2C%22low%22 "HTTP/2 200 OK"
2026-06-19 18:31:06 [WARNING] tvDatafeed.main: you are using nologin method, data you access may be limited
2026-06-19 18:31:06 [INFO] httpx: HTTP Request: GET https://gfcmaxbtscmizsakarvc.supabase.co/rest/v1/stock_prices?select=date&symbol=eq.NOAF&exchange=eq.EGX&order=date.desc&limit=1 "HTTP/2 200 OK"
2026-06-19 18:31:06 [INFO] httpx: HTTP Request: GET https://gfcmaxbtscmizsakarvc.supabase.co/rest/v1/stock_prices?select=date&symbol=eq.NULL&exchange=eq.EGX&order=date.desc&limit=1 "HTTP/2 206 Partial Content"
2026-06-19 18:31:06 [WARNING] tvDatafeed.main: you are using nologin method, data you access may be limited
2026-06-19 18:31:07 [WARNING] tvDatafeed.main: you are using nologin method, data you access may be limited
2026-06-19 18:31:07 [WARNING] tvDatafeed.main: you are using nologin method, data you access may be limited
2026-06-19 18:31:07 [ERROR] tvDatafeed.main: Connection timed out
2026-06-19 18:31:07 [ERROR] tvDatafeed.main: no data, please check the exchange and symbol
2026-06-19 18:31:08 [INFO] httpx: HTTP Request: GET https://gfcmaxbtscmizsakarvc.supabase.co/rest/v1/stock_prices?select=date&symbol=eq.OBRI&exchange=eq.EGX&order=date.desc&limit=1 "HTTP/2 206 Partial Content"
2026-06-19 18:31:08 [WARNING] tvDatafeed.main: you are using nologin method, data you access may be limited
2026-06-19 18:31:08 [WARNING] tvDatafeed.main: you are using nologin method, data you access may be limited
2026-06-19 18:31:08 [INFO] httpx: HTTP Request: POST https://gfcmaxbtscmizsakarvc.supabase.co/rest/v1/stock_prices?on_conflict=symbol%2Cexchange%2Cdate&columns=%22volume%22%2C%22open%22%2C%22adjusted_close%22%2C%22high%22%2C%22symbol%22%2C%22exchange%22%2C%22close%22%2C%22date%22%2C%22low%22 "HTTP/2 200 OK"
2026-06-19 18:31:08 [ERROR] tvDatafeed.main: Connection timed out
2026-06-19 18:31:08 [ERROR] tvDatafeed.main: no data, please check the exchange and symbol
2026-06-19 18:31:08 [INFO] httpx: HTTP Request: POST https://gfcmaxbtscmizsakarvc.supabase.co/rest/v1/stock_prices?on_conflict=symbol%2Cexchange%2Cdate&columns=%22volume%22%2C%22open%22%2C%22adjusted_close%22%2C%22high%22%2C%22symbol%22%2C%22exchange%22%2C%22close%22%2C%22date%22%2C%22low%22 "HTTP/2 200 OK"
2026-06-19 18:31:09 [INFO] httpx: HTTP Request: GET https://gfcmaxbtscmizsakarvc.supabase.co/rest/v1/stock_prices?select=date&symbol=eq.OCDI&exchange=eq.EGX&order=date.desc&limit=1 "HTTP/2 206 Partial Content"
2026-06-19 18:31:09 [INFO] httpx: HTTP Request: POST https://gfcmaxbtscmizsakarvc.supabase.co/rest/v1/stock_prices?on_conflict=symbol%2Cexchange%2Cdate&columns=%22volume%22%2C%22open%22%2C%22adjusted_close%22%2C%22high%22%2C%22symbol%22%2C%22exchange%22%2C%22close%22%2C%22date%22%2C%22low%22 "HTTP/2 200 OK"
2026-06-19 18:31:09 [INFO] httpx: HTTP Request: GET https://gfcmaxbtscmizsakarvc.supabase.co/rest/v1/stock_prices?select=date&symbol=eq.OCPH&exchange=eq.EGX&order=date.desc&limit=1 "HTTP/2 206 Partial Content"
2026-06-19 18:31:09 [INFO] httpx: HTTP Request: GET https://gfcmaxbtscmizsakarvc.supabase.co/rest/v1/stock_prices?select=date&symbol=eq.ODHN&exchange=eq.EGX&order=date.desc&limit=1 "HTTP/2 200 OK"
2026-06-19 18:31:09 [INFO] httpx: HTTP Request: POST https://gfcmaxbtscmizsakarvc.supabase.co/rest/v1/stock_prices?on_conflict=symbol%2Cexchange%2Cdate&columns=%22volume%22%2C%22open%22%2C%22adjusted_close%22%2C%22high%22%2C%22symbol%22%2C%22exchange%22%2C%22close%22%2C%22date%22%2C%22low%22 "HTTP/2 200 OK"
2026-06-19 18:31:09 [INFO] httpx: HTTP Request: GET https://gfcmaxbtscmizsakarvc.supabase.co/rest/v1/stock_prices?select=date&symbol=eq.ODID&exchange=eq.EGX&order=date.desc&limit=1 "HTTP/2 200 OK"
2026-06-19 18:31:09 [ERROR] tvDatafeed.main: Connection timed out
2026-06-19 18:31:09 [ERROR] tvDatafeed.main: no data, please check the exchange and symbol
2026-06-19 18:31:09 [INFO] httpx: HTTP Request: GET https://gfcmaxbtscmizsakarvc.supabase.co/rest/v1/stock_prices?select=date&symbol=eq.ODIN&exchange=eq.EGX&order=date.desc&limit=1 "HTTP/2 206 Partial Content"
2026-06-19 18:31:09 [WARNING] tvDatafeed.main: you are using nologin method, data you access may be limited
2026-06-19 18:31:10 [ERROR] tvDatafeed.main: Connection timed out
2026-06-19 18:31:10 [ERROR] tvDatafeed.main: no data, please check the exchange and symbol
2026-06-19 18:31:10 [INFO] httpx: HTTP Request: GET https://gfcmaxbtscmizsakarvc.supabase.co/rest/v1/stock_prices?select=date&symbol=eq.OFH&exchange=eq.EGX&order=date.desc&limit=1 "HTTP/2 206 Partial Content"
2026-06-19 18:31:10 [WARNING] tvDatafeed.main: you are using nologin method, data you access may be limited
2026-06-19 18:31:10 [WARNING] tvDatafeed.main: you are using nologin method, data you access may be limited
2026-06-19 18:31:10 [INFO] httpx: HTTP Request: GET https://gfcmaxbtscmizsakarvc.supabase.co/rest/v1/stock_prices?select=date&symbol=eq.OIH&exchange=eq.EGX&order=date.desc&limit=1 "HTTP/2 206 Partial Content"
2026-06-19 18:31:10 [WARNING] tvDatafeed.main: you are using nologin method, data you access may be limited
2026-06-19 18:31:11 [WARNING] tvDatafeed.main: you are using nologin method, data you access may be limited
2026-06-19 18:31:11 [INFO] httpx: HTTP Request: POST https://gfcmaxbtscmizsakarvc.supabase.co/rest/v1/stock_prices?on_conflict=symbol%2Cexchange%2Cdate&columns=%22volume%22%2C%22open%22%2C%22adjusted_close%22%2C%22high%22%2C%22symbol%22%2C%22exchange%22%2C%22close%22%2C%22date%22%2C%22low%22 "HTTP/2 200 OK"
2026-06-19 18:31:11 [WARNING] tvDatafeed.main: you are using nologin method, data you access may be limited
2026-06-19 18:31:11 [INFO] httpx: HTTP Request: GET https://gfcmaxbtscmizsakarvc.supabase.co/rest/v1/stock_prices?select=date&symbol=eq.OLFI&exchange=eq.EGX&order=date.desc&limit=1 "HTTP/2 206 Partial Content"
2026-06-19 18:31:11 [WARNING] tvDatafeed.main: you are using nologin method, data you access may be limited
2026-06-19 18:31:12 [INFO] httpx: HTTP Request: POST https://gfcmaxbtscmizsakarvc.supabase.co/rest/v1/stock_prices?on_conflict=symbol%2Cexchange%2Cdate&columns=%22volume%22%2C%22open%22%2C%22adjusted_close%22%2C%22high%22%2C%22symbol%22%2C%22exchange%22%2C%22close%22%2C%22date%22%2C%22low%22 "HTTP/2 200 OK"
2026-06-19 18:31:12 [WARNING] tvDatafeed.main: you are using nologin method, data you access may be limited
2026-06-19 18:31:12 [INFO] httpx: HTTP Request: GET https://gfcmaxbtscmizsakarvc.supabase.co/rest/v1/stock_prices?select=date&symbol=eq.ORAS&exchange=eq.EGX&order=date.desc&limit=1 "HTTP/2 206 Partial Content"
2026-06-19 18:31:12 [INFO] httpx: HTTP Request: POST https://gfcmaxbtscmizsakarvc.supabase.co/rest/v1/stock_prices?on_conflict=symbol%2Cexchange%2Cdate&columns=%22volume%22%2C%22open%22%2C%22adjusted_close%22%2C%22high%22%2C%22symbol%22%2C%22exchange%22%2C%22close%22%2C%22date%22%2C%22low%22 "HTTP/2 200 OK"
2026-06-19 18:31:13 [WARNING] tvDatafeed.main: you are using nologin method, data you access may be limited
2026-06-19 18:31:13 [INFO] httpx: HTTP Request: GET https://gfcmaxbtscmizsakarvc.supabase.co/rest/v1/stock_prices?select=date&symbol=eq.OREG&exchange=eq.EGX&order=date.desc&limit=1 "HTTP/2 200 OK"
2026-06-19 18:31:14 [WARNING] tvDatafeed.main: you are using nologin method, data you access may be limited
2026-06-19 18:31:14 [INFO] httpx: HTTP Request: POST https://gfcmaxbtscmizsakarvc.supabase.co/rest/v1/stock_prices?on_conflict=symbol%2Cexchange%2Cdate&columns=%22volume%22%2C%22open%22%2C%22adjusted_close%22%2C%22high%22%2C%22symbol%22%2C%22exchange%22%2C%22close%22%2C%22date%22%2C%22low%22 "HTTP/2 200 OK"
2026-06-19 18:31:14 [INFO] httpx: HTTP Request: POST https://gfcmaxbtscmizsakarvc.supabase.co/rest/v1/stock_prices?on_conflict=symbol%2Cexchange%2Cdate&columns=%22volume%22%2C%22open%22%2C%22adjusted_close%22%2C%22high%22%2C%22symbol%22%2C%22exchange%22%2C%22close%22%2C%22date%22%2C%22low%22 "HTTP/2 200 OK"
2026-06-19 18:31:14 [ERROR] tvDatafeed.main: Connection timed out
2026-06-19 18:31:14 [ERROR] tvDatafeed.main: no data, please check the exchange and symbol
2026-06-19 18:31:14 [INFO] httpx: HTTP Request: GET https://gfcmaxbtscmizsakarvc.supabase.co/rest/v1/stock_prices?select=date&symbol=eq.ORHD&exchange=eq.EGX&order=date.desc&limit=1 "HTTP/2 206 Partial Content"
2026-06-19 18:31:14 [ERROR] tvDatafeed.main: Connection to remote host was lost.
2026-06-19 18:31:14 [ERROR] tvDatafeed.main: no data, please check the exchange and symbol
2026-06-19 18:31:14 [WARNING] tvDatafeed.main: you are using nologin method, data you access may be limited
2026-06-19 18:31:14 [INFO] httpx: HTTP Request: GET https://gfcmaxbtscmizsakarvc.supabase.co/rest/v1/stock_prices?select=date&symbol=eq.ORMT&exchange=eq.EGX&order=date.desc&limit=1 "HTTP/2 200 OK"
2026-06-19 18:31:15 [ERROR] tvDatafeed.main: Connection timed out
2026-06-19 18:31:15 [ERROR] tvDatafeed.main: no data, please check the exchange and symbol
2026-06-19 18:31:15 [INFO] httpx: HTTP Request: GET https://gfcmaxbtscmizsakarvc.supabase.co/rest/v1/stock_prices?select=date&symbol=eq.ORWE&exchange=eq.EGX&order=date.desc&limit=1 "HTTP/2 206 Partial Content"
2026-06-19 18:31:15 [INFO] httpx: HTTP Request: POST https://gfcmaxbtscmizsakarvc.supabase.co/rest/v1/stock_prices?on_conflict=symbol%2Cexchange%2Cdate&columns=%22volume%22%2C%22open%22%2C%22adjusted_close%22%2C%22high%22%2C%22symbol%22%2C%22exchange%22%2C%22close%22%2C%22date%22%2C%22low%22 "HTTP/2 200 OK"
2026-06-19 18:31:15 [INFO] httpx: HTTP Request: POST https://gfcmaxbtscmizsakarvc.supabase.co/rest/v1/stock_prices?on_conflict=symbol%2Cexchange%2Cdate&columns=%22volume%22%2C%22open%22%2C%22adjusted_close%22%2C%22high%22%2C%22symbol%22%2C%22exchange%22%2C%22close%22%2C%22date%22%2C%22low%22 "HTTP/2 200 OK"
2026-06-19 18:31:15 [INFO] httpx: HTTP Request: POST https://gfcmaxbtscmizsakarvc.supabase.co/rest/v1/stock_prices?on_conflict=symbol%2Cexchange%2Cdate&columns=%22volume%22%2C%22open%22%2C%22adjusted_close%22%2C%22high%22%2C%22symbol%22%2C%22exchange%22%2C%22close%22%2C%22date%22%2C%22low%22 "HTTP/2 200 OK"
2026-06-19 18:31:15 [INFO] httpx: HTTP Request: POST https://gfcmaxbtscmizsakarvc.supabase.co/rest/v1/stock_prices?on_conflict=symbol%2Cexchange%2Cdate&columns=%22volume%22%2C%22open%22%2C%22adjusted_close%22%2C%22high%22%2C%22symbol%22%2C%22exchange%22%2C%22close%22%2C%22date%22%2C%22low%22 "HTTP/2 200 OK"
2026-06-19 18:31:15 [INFO] httpx: HTTP Request: GET https://gfcmaxbtscmizsakarvc.supabase.co/rest/v1/stock_prices?select=date&symbol=eq.PACH&exchange=eq.EGX&order=date.desc&limit=1 "HTTP/2 206 Partial Content"
2026-06-19 18:31:15 [INFO] httpx: HTTP Request: GET https://gfcmaxbtscmizsakarvc.supabase.co/rest/v1/stock_prices?select=date&symbol=eq.PHAR&exchange=eq.EGX&order=date.desc&limit=1 "HTTP/2 206 Partial Content"
2026-06-19 18:31:16 [INFO] httpx: HTTP Request: POST https://gfcmaxbtscmizsakarvc.supabase.co/rest/v1/stock_prices?on_conflict=symbol%2Cexchange%2Cdate&columns=%22volume%22%2C%22open%22%2C%22adjusted_close%22%2C%22high%22%2C%22symbol%22%2C%22exchange%22%2C%22close%22%2C%22date%22%2C%22low%22 "HTTP/2 201 Created"
2026-06-19 18:31:16 [INFO] httpx: HTTP Request: GET https://gfcmaxbtscmizsakarvc.supabase.co/rest/v1/stock_prices?select=date&symbol=eq.PHDC&exchange=eq.EGX&order=date.desc&limit=1 "HTTP/2 206 Partial Content"
2026-06-19 18:31:16 [WARNING] tvDatafeed.main: you are using nologin method, data you access may be limited
2026-06-19 18:31:16 [WARNING] tvDatafeed.main: you are using nologin method, data you access may be limited
2026-06-19 18:31:16 [INFO] httpx: HTTP Request: GET https://gfcmaxbtscmizsakarvc.supabase.co/rest/v1/stock_prices?select=date&symbol=eq.PHGC&exchange=eq.EGX&order=date.desc&limit=1 "HTTP/2 200 OK"
2026-06-19 18:31:16 [WARNING] tvDatafeed.main: you are using nologin method, data you access may be limited
2026-06-19 18:31:17 [ERROR] tvDatafeed.main: Connection timed out
2026-06-19 18:31:17 [ERROR] tvDatafeed.main: no data, please check the exchange and symbol
2026-06-19 18:31:17 [WARNING] tvDatafeed.main: you are using nologin method, data you access may be limited
2026-06-19 18:31:17 [WARNING] tvDatafeed.main: you are using nologin method, data you access may be limited
2026-06-19 18:31:17 [WARNING] tvDatafeed.main: you are using nologin method, data you access may be limited
2026-06-19 18:31:17 [INFO] httpx: HTTP Request: GET https://gfcmaxbtscmizsakarvc.supabase.co/rest/v1/stock_prices?select=date&symbol=eq.PHTV&exchange=eq.EGX&order=date.desc&limit=1 "HTTP/2 206 Partial Content"
2026-06-19 18:31:18 [WARNING] tvDatafeed.main: you are using nologin method, data you access may be limited
2026-06-19 18:31:18 [ERROR] tvDatafeed.main: Connection timed out
2026-06-19 18:31:18 [ERROR] tvDatafeed.main: no data, please check the exchange and symbol
2026-06-19 18:31:18 [INFO] httpx: HTTP Request: POST https://gfcmaxbtscmizsakarvc.supabase.co/rest/v1/stock_prices?on_conflict=symbol%2Cexchange%2Cdate&columns=%22volume%22%2C%22open%22%2C%22adjusted_close%22%2C%22high%22%2C%22symbol%22%2C%22exchange%22%2C%22close%22%2C%22date%22%2C%22low%22 "HTTP/2 200 OK"
2026-06-19 18:31:18 [INFO] httpx: HTTP Request: POST https://gfcmaxbtscmizsakarvc.supabase.co/rest/v1/stock_prices?on_conflict=symbol%2Cexchange%2Cdate&columns=%22volume%22%2C%22open%22%2C%22adjusted_close%22%2C%22high%22%2C%22symbol%22%2C%22exchange%22%2C%22close%22%2C%22date%22%2C%22low%22 "HTTP/2 200 OK"
2026-06-19 18:31:18 [INFO] httpx: HTTP Request: GET https://gfcmaxbtscmizsakarvc.supabase.co/rest/v1/stock_prices?select=date&symbol=eq.POUL&exchange=eq.EGX&order=date.desc&limit=1 "HTTP/2 206 Partial Content"
2026-06-19 18:31:18 [INFO] httpx: HTTP Request: GET https://gfcmaxbtscmizsakarvc.supabase.co/rest/v1/stock_prices?select=date&symbol=eq.PIOH&exchange=eq.EGX&order=date.desc&limit=1 "HTTP/2 200 OK"
2026-06-19 18:31:19 [INFO] httpx: HTTP Request: POST https://gfcmaxbtscmizsakarvc.supabase.co/rest/v1/stock_prices?on_conflict=symbol%2Cexchange%2Cdate&columns=%22volume%22%2C%22open%22%2C%22adjusted_close%22%2C%22high%22%2C%22symbol%22%2C%22exchange%22%2C%22close%22%2C%22date%22%2C%22low%22 "HTTP/2 200 OK"
2026-06-19 18:31:19 [INFO] httpx: HTTP Request: GET https://gfcmaxbtscmizsakarvc.supabase.co/rest/v1/stock_prices?select=date&symbol=eq.PRCL&exchange=eq.EGX&order=date.desc&limit=1 "HTTP/2 206 Partial Content"
2026-06-19 18:31:19 [WARNING] tvDatafeed.main: you are using nologin method, data you access may be limited
2026-06-19 18:31:19 [INFO] httpx: HTTP Request: GET https://gfcmaxbtscmizsakarvc.supabase.co/rest/v1/stock_prices?select=date&symbol=eq.PRDC&exchange=eq.EGX&order=date.desc&limit=1 "HTTP/2 206 Partial Content"
2026-06-19 18:31:19 [INFO] httpx: HTTP Request: POST https://gfcmaxbtscmizsakarvc.supabase.co/rest/v1/stock_prices?on_conflict=symbol%2Cexchange%2Cdate&columns=%22volume%22%2C%22open%22%2C%22adjusted_close%22%2C%22high%22%2C%22symbol%22%2C%22exchange%22%2C%22close%22%2C%22date%22%2C%22low%22 "HTTP/2 200 OK"
2026-06-19 18:31:20 [INFO] httpx: HTTP Request: POST https://gfcmaxbtscmizsakarvc.supabase.co/rest/v1/stock_prices?on_conflict=symbol%2Cexchange%2Cdate&columns=%22volume%22%2C%22open%22%2C%22adjusted_close%22%2C%22high%22%2C%22symbol%22%2C%22exchange%22%2C%22close%22%2C%22date%22%2C%22low%22 "HTTP/2 200 OK"
2026-06-19 18:31:20 [WARNING] tvDatafeed.main: you are using nologin method, data you access may be limited
2026-06-19 18:31:20 [WARNING] tvDatafeed.main: you are using nologin method, data you access may be limited
2026-06-19 18:31:20 [INFO] httpx: HTTP Request: GET https://gfcmaxbtscmizsakarvc.supabase.co/rest/v1/stock_prices?select=date&symbol=eq.PRMH&exchange=eq.EGX&order=date.desc&limit=1 "HTTP/2 206 Partial Content"
2026-06-19 18:31:20 [INFO] httpx: HTTP Request: GET https://gfcmaxbtscmizsakarvc.supabase.co/rest/v1/stock_prices?select=date&symbol=eq.QNBA&exchange=eq.EGX&order=date.desc&limit=1 "HTTP/2 200 OK"
2026-06-19 18:31:20 [WARNING] tvDatafeed.main: you are using nologin method, data you access may be limited
2026-06-19 18:31:21 [ERROR] tvDatafeed.main: Connection timed out
2026-06-19 18:31:21 [ERROR] tvDatafeed.main: no data, please check the exchange and symbol
2026-06-19 18:31:21 [WARNING] tvDatafeed.main: you are using nologin method, data you access may be limited
2026-06-19 18:31:21 [WARNING] tvDatafeed.main: you are using nologin method, data you access may be limited
2026-06-19 18:31:21 [INFO] httpx: HTTP Request: POST https://gfcmaxbtscmizsakarvc.supabase.co/rest/v1/stock_prices?on_conflict=symbol%2Cexchange%2Cdate&columns=%22volume%22%2C%22open%22%2C%22adjusted_close%22%2C%22high%22%2C%22symbol%22%2C%22exchange%22%2C%22close%22%2C%22date%22%2C%22low%22 "HTTP/2 200 OK"
2026-06-19 18:31:22 [WARNING] tvDatafeed.main: you are using nologin method, data you access may be limited
2026-06-19 18:31:22 [ERROR] tvDatafeed.main: Connection to remote host was lost.
2026-06-19 18:31:22 [ERROR] tvDatafeed.main: no data, please check the exchange and symbol
2026-06-19 18:31:22 [INFO] httpx: HTTP Request: POST https://gfcmaxbtscmizsakarvc.supabase.co/rest/v1/stock_prices?on_conflict=symbol%2Cexchange%2Cdate&columns=%22volume%22%2C%22open%22%2C%22adjusted_close%22%2C%22high%22%2C%22symbol%22%2C%22exchange%22%2C%22close%22%2C%22date%22%2C%22low%22 "HTTP/2 200 OK"
2026-06-19 18:31:22 [INFO] httpx: HTTP Request: GET https://gfcmaxbtscmizsakarvc.supabase.co/rest/v1/stock_prices?select=date&symbol=eq.QNBE&exchange=eq.EGX&order=date.desc&limit=1 "HTTP/2 206 Partial Content"
2026-06-19 18:31:22 [INFO] httpx: HTTP Request: GET https://gfcmaxbtscmizsakarvc.supabase.co/rest/v1/stock_prices?select=date&symbol=eq.RACC&exchange=eq.EGX&order=date.desc&limit=1 "HTTP/2 206 Partial Content"
2026-06-19 18:31:22 [ERROR] tvDatafeed.main: Connection timed out
2026-06-19 18:31:22 [ERROR] tvDatafeed.main: no data, please check the exchange and symbol
2026-06-19 18:31:22 [INFO] httpx: HTTP Request: GET https://gfcmaxbtscmizsakarvc.supabase.co/rest/v1/stock_prices?select=date&symbol=eq.RAKT&exchange=eq.EGX&order=date.desc&limit=1 "HTTP/2 206 Partial Content"
2026-06-19 18:31:22 [INFO] httpx: HTTP Request: GET https://gfcmaxbtscmizsakarvc.supabase.co/rest/v1/stock_prices?select=date&symbol=eq.RAYA&exchange=eq.EGX&order=date.desc&limit=1 "HTTP/2 206 Partial Content"
2026-06-19 18:31:23 [INFO] httpx: HTTP Request: POST https://gfcmaxbtscmizsakarvc.supabase.co/rest/v1/stock_prices?on_conflict=symbol%2Cexchange%2Cdate&columns=%22volume%22%2C%22open%22%2C%22adjusted_close%22%2C%22high%22%2C%22symbol%22%2C%22exchange%22%2C%22close%22%2C%22date%22%2C%22low%22 "HTTP/2 200 OK"
2026-06-19 18:31:23 [INFO] httpx: HTTP Request: POST https://gfcmaxbtscmizsakarvc.supabase.co/rest/v1/stock_prices?on_conflict=symbol%2Cexchange%2Cdate&columns=%22volume%22%2C%22open%22%2C%22adjusted_close%22%2C%22high%22%2C%22symbol%22%2C%22exchange%22%2C%22close%22%2C%22date%22%2C%22low%22 "HTTP/2 200 OK"
2026-06-19 18:31:23 [INFO] httpx: HTTP Request: GET https://gfcmaxbtscmizsakarvc.supabase.co/rest/v1/stock_prices?select=date&symbol=eq.RMDA&exchange=eq.EGX&order=date.desc&limit=1 "HTTP/2 206 Partial Content"
2026-06-19 18:31:23 [INFO] httpx: HTTP Request: GET https://gfcmaxbtscmizsakarvc.supabase.co/rest/v1/stock_prices?select=date&symbol=eq.RMTV&exchange=eq.EGX&order=date.desc&limit=1 "HTTP/2 200 OK"
2026-06-19 18:31:23 [INFO] httpx: HTTP Request: GET https://gfcmaxbtscmizsakarvc.supabase.co/rest/v1/stock_prices?select=date&symbol=eq.ROTO&exchange=eq.EGX&order=date.desc&limit=1 "HTTP/2 206 Partial Content"
2026-06-19 18:31:23 [INFO] httpx: HTTP Request: POST https://gfcmaxbtscmizsakarvc.supabase.co/rest/v1/stock_prices?on_conflict=symbol%2Cexchange%2Cdate&columns=%22volume%22%2C%22open%22%2C%22adjusted_close%22%2C%22high%22%2C%22symbol%22%2C%22exchange%22%2C%22close%22%2C%22date%22%2C%22low%22 "HTTP/2 200 OK"
2026-06-19 18:31:23 [WARNING] tvDatafeed.main: you are using nologin method, data you access may be limited
2026-06-19 18:31:23 [WARNING] tvDatafeed.main: you are using nologin method, data you access may be limited
2026-06-19 18:31:24 [INFO] httpx: HTTP Request: GET https://gfcmaxbtscmizsakarvc.supabase.co/rest/v1/stock_prices?select=date&symbol=eq.RREI&exchange=eq.EGX&order=date.desc&limit=1 "HTTP/2 206 Partial Content"
2026-06-19 18:31:24 [WARNING] tvDatafeed.main: you are using nologin method, data you access may be limited
2026-06-19 18:31:24 [WARNING] tvDatafeed.main: you are using nologin method, data you access may be limited
2026-06-19 18:31:24 [WARNING] tvDatafeed.main: you are using nologin method, data you access may be limited
2026-06-19 18:31:24 [WARNING] tvDatafeed.main: you are using nologin method, data you access may be limited
2026-06-19 18:31:25 [WARNING] tvDatafeed.main: you are using nologin method, data you access may be limited
2026-06-19 18:31:25 [ERROR] tvDatafeed.main: Connection timed out
2026-06-19 18:31:25 [ERROR] tvDatafeed.main: no data, please check the exchange and symbol
2026-06-19 18:31:25 [INFO] httpx: HTTP Request: POST https://gfcmaxbtscmizsakarvc.supabase.co/rest/v1/stock_prices?on_conflict=symbol%2Cexchange%2Cdate&columns=%22volume%22%2C%22open%22%2C%22adjusted_close%22%2C%22high%22%2C%22symbol%22%2C%22exchange%22%2C%22close%22%2C%22date%22%2C%22low%22 "HTTP/2 200 OK"
2026-06-19 18:31:25 [WARNING] tvDatafeed.main: you are using nologin method, data you access may be limited
2026-06-19 18:31:26 [INFO] httpx: HTTP Request: POST https://gfcmaxbtscmizsakarvc.supabase.co/rest/v1/stock_prices?on_conflict=symbol%2Cexchange%2Cdate&columns=%22volume%22%2C%22open%22%2C%22adjusted_close%22%2C%22high%22%2C%22symbol%22%2C%22exchange%22%2C%22close%22%2C%22date%22%2C%22low%22 "HTTP/2 200 OK"
2026-06-19 18:31:26 [INFO] httpx: HTTP Request: GET https://gfcmaxbtscmizsakarvc.supabase.co/rest/v1/stock_prices?select=date&symbol=eq.RUBX&exchange=eq.EGX&order=date.desc&limit=1 "HTTP/2 206 Partial Content"
2026-06-19 18:31:26 [INFO] httpx: HTTP Request: GET https://gfcmaxbtscmizsakarvc.supabase.co/rest/v1/stock_prices?select=date&symbol=eq.RTVC&exchange=eq.EGX&order=date.desc&limit=1 "HTTP/2 206 Partial Content"
2026-06-19 18:31:26 [INFO] httpx: HTTP Request: POST https://gfcmaxbtscmizsakarvc.supabase.co/rest/v1/stock_prices?on_conflict=symbol%2Cexchange%2Cdate&columns=%22volume%22%2C%22open%22%2C%22adjusted_close%22%2C%22high%22%2C%22symbol%22%2C%22exchange%22%2C%22close%22%2C%22date%22%2C%22low%22 "HTTP/2 200 OK"
2026-06-19 18:31:26 [INFO] httpx: HTTP Request: POST https://gfcmaxbtscmizsakarvc.supabase.co/rest/v1/stock_prices?on_conflict=symbol%2Cexchange%2Cdate&columns=%22volume%22%2C%22open%22%2C%22adjusted_close%22%2C%22high%22%2C%22symbol%22%2C%22exchange%22%2C%22close%22%2C%22date%22%2C%22low%22 "HTTP/2 200 OK"
2026-06-19 18:31:26 [INFO] httpx: HTTP Request: GET https://gfcmaxbtscmizsakarvc.supabase.co/rest/v1/stock_prices?select=date&symbol=eq.SAIB&exchange=eq.EGX&order=date.desc&limit=1 "HTTP/2 206 Partial Content"
2026-06-19 18:31:27 [ERROR] tvDatafeed.main: no data, please check the exchange and symbol
2026-06-19 18:31:27 [INFO] httpx: HTTP Request: GET https://gfcmaxbtscmizsakarvc.supabase.co/rest/v1/stock_prices?select=date&symbol=eq.SAUD&exchange=eq.EGX&order=date.desc&limit=1 "HTTP/2 206 Partial Content"
2026-06-19 18:31:27 [INFO] httpx: HTTP Request: GET https://gfcmaxbtscmizsakarvc.supabase.co/rest/v1/stock_prices?select=date&symbol=eq.SBAG&exchange=eq.EGX&order=date.desc&limit=1 "HTTP/2 200 OK"
2026-06-19 18:31:27 [INFO] httpx: HTTP Request: POST https://gfcmaxbtscmizsakarvc.supabase.co/rest/v1/stock_prices?on_conflict=symbol%2Cexchange%2Cdate&columns=%22volume%22%2C%22open%22%2C%22adjusted_close%22%2C%22high%22%2C%22symbol%22%2C%22exchange%22%2C%22close%22%2C%22date%22%2C%22low%22 "HTTP/2 200 OK"
2026-06-19 18:31:27 [INFO] httpx: HTTP Request: GET https://gfcmaxbtscmizsakarvc.supabase.co/rest/v1/stock_prices?select=date&symbol=eq.SCEM&exchange=eq.EGX&order=date.desc&limit=1 "HTTP/2 206 Partial Content"
2026-06-19 18:31:27 [WARNING] tvDatafeed.main: you are using nologin method, data you access may be limited
2026-06-19 18:31:27 [WARNING] tvDatafeed.main: you are using nologin method, data you access may be limited
2026-06-19 18:31:27 [ERROR] tvDatafeed.main: Connection to remote host was lost.
2026-06-19 18:31:27 [ERROR] tvDatafeed.main: no data, please check the exchange and symbol
2026-06-19 18:31:28 [INFO] httpx: HTTP Request: GET https://gfcmaxbtscmizsakarvc.supabase.co/rest/v1/stock_prices?select=date&symbol=eq.SCFM&exchange=eq.EGX&order=date.desc&limit=1 "HTTP/2 206 Partial Content"
2026-06-19 18:31:28 [WARNING] tvDatafeed.main: you are using nologin method, data you access may be limited
2026-06-19 18:31:28 [WARNING] tvDatafeed.main: you are using nologin method, data you access may be limited
2026-06-19 18:31:28 [INFO] httpx: HTTP Request: POST https://gfcmaxbtscmizsakarvc.supabase.co/rest/v1/stock_prices?on_conflict=symbol%2Cexchange%2Cdate&columns=%22volume%22%2C%22open%22%2C%22adjusted_close%22%2C%22high%22%2C%22symbol%22%2C%22exchange%22%2C%22close%22%2C%22date%22%2C%22low%22 "HTTP/2 200 OK"
2026-06-19 18:31:28 [ERROR] tvDatafeed.main: Connection timed out
2026-06-19 18:31:28 [ERROR] tvDatafeed.main: no data, please check the exchange and symbol
2026-06-19 18:31:29 [WARNING] tvDatafeed.main: you are using nologin method, data you access may be limited
2026-06-19 18:31:29 [WARNING] tvDatafeed.main: you are using nologin method, data you access may be limited
2026-06-19 18:31:29 [INFO] httpx: HTTP Request: POST https://gfcmaxbtscmizsakarvc.supabase.co/rest/v1/stock_prices?on_conflict=symbol%2Cexchange%2Cdate&columns=%22volume%22%2C%22open%22%2C%22adjusted_close%22%2C%22high%22%2C%22symbol%22%2C%22exchange%22%2C%22close%22%2C%22date%22%2C%22low%22 "HTTP/2 200 OK"
2026-06-19 18:31:29 [INFO] httpx: HTTP Request: POST https://gfcmaxbtscmizsakarvc.supabase.co/rest/v1/stock_prices?on_conflict=symbol%2Cexchange%2Cdate&columns=%22volume%22%2C%22open%22%2C%22adjusted_close%22%2C%22high%22%2C%22symbol%22%2C%22exchange%22%2C%22close%22%2C%22date%22%2C%22low%22 "HTTP/2 200 OK"
2026-06-19 18:31:29 [WARNING] tvDatafeed.main: you are using nologin method, data you access may be limited
2026-06-19 18:31:29 [INFO] httpx: HTTP Request: POST https://gfcmaxbtscmizsakarvc.supabase.co/rest/v1/stock_prices?on_conflict=symbol%2Cexchange%2Cdate&columns=%22volume%22%2C%22open%22%2C%22adjusted_close%22%2C%22high%22%2C%22symbol%22%2C%22exchange%22%2C%22close%22%2C%22date%22%2C%22low%22 "HTTP/2 200 OK"
2026-06-19 18:31:29 [INFO] httpx: HTTP Request: POST https://gfcmaxbtscmizsakarvc.supabase.co/rest/v1/stock_prices?on_conflict=symbol%2Cexchange%2Cdate&columns=%22volume%22%2C%22open%22%2C%22adjusted_close%22%2C%22high%22%2C%22symbol%22%2C%22exchange%22%2C%22close%22%2C%22date%22%2C%22low%22 "HTTP/2 201 Created"
2026-06-19 18:31:29 [INFO] httpx: HTTP Request: GET https://gfcmaxbtscmizsakarvc.supabase.co/rest/v1/stock_prices?select=date&symbol=eq.SCTS&exchange=eq.EGX&order=date.desc&limit=1 "HTTP/2 206 Partial Content"
2026-06-19 18:31:29 [INFO] httpx: HTTP Request: POST https://gfcmaxbtscmizsakarvc.supabase.co/rest/v1/stock_prices?on_conflict=symbol%2Cexchange%2Cdate&columns=%22volume%22%2C%22open%22%2C%22adjusted_close%22%2C%22high%22%2C%22symbol%22%2C%22exchange%22%2C%22close%22%2C%22date%22%2C%22low%22 "HTTP/2 200 OK"
2026-06-19 18:31:29 [INFO] httpx: HTTP Request: GET https://gfcmaxbtscmizsakarvc.supabase.co/rest/v1/stock_prices?select=date&symbol=eq.SDTI&exchange=eq.EGX&order=date.desc&limit=1 "HTTP/2 206 Partial Content"
2026-06-19 18:31:30 [INFO] httpx: HTTP Request: GET https://gfcmaxbtscmizsakarvc.supabase.co/rest/v1/stock_prices?select=date&symbol=eq.SEIG&exchange=eq.EGX&order=date.desc&limit=1 "HTTP/2 206 Partial Content"
2026-06-19 18:31:30 [INFO] httpx: HTTP Request: GET https://gfcmaxbtscmizsakarvc.supabase.co/rest/v1/stock_prices?select=date&symbol=eq.SEIGA&exchange=eq.EGX&order=date.desc&limit=1 "HTTP/2 200 OK"
2026-06-19 18:31:30 [INFO] httpx: HTTP Request: GET https://gfcmaxbtscmizsakarvc.supabase.co/rest/v1/stock_prices?select=date&symbol=eq.SIMO&exchange=eq.EGX&order=date.desc&limit=1 "HTTP/2 200 OK"
2026-06-19 18:31:30 [INFO] httpx: HTTP Request: POST https://gfcmaxbtscmizsakarvc.supabase.co/rest/v1/stock_prices?on_conflict=symbol%2Cexchange%2Cdate&columns=%22volume%22%2C%22open%22%2C%22adjusted_close%22%2C%22high%22%2C%22symbol%22%2C%22exchange%22%2C%22close%22%2C%22date%22%2C%22low%22 "HTTP/2 200 OK"
2026-06-19 18:31:31 [INFO] httpx: HTTP Request: POST https://gfcmaxbtscmizsakarvc.supabase.co/rest/v1/stock_prices?on_conflict=symbol%2Cexchange%2Cdate&columns=%22volume%22%2C%22open%22%2C%22adjusted_close%22%2C%22high%22%2C%22symbol%22%2C%22exchange%22%2C%22close%22%2C%22date%22%2C%22low%22 "HTTP/2 200 OK"
2026-06-19 18:31:31 [INFO] httpx: HTTP Request: POST https://gfcmaxbtscmizsakarvc.supabase.co/rest/v1/stock_prices?on_conflict=symbol%2Cexchange%2Cdate&columns=%22volume%22%2C%22open%22%2C%22adjusted_close%22%2C%22high%22%2C%22symbol%22%2C%22exchange%22%2C%22close%22%2C%22date%22%2C%22low%22 "HTTP/2 200 OK"
2026-06-19 18:31:31 [WARNING] tvDatafeed.main: you are using nologin method, data you access may be limited
2026-06-19 18:31:31 [WARNING] tvDatafeed.main: you are using nologin method, data you access may be limited
2026-06-19 18:31:31 [INFO] httpx: HTTP Request: GET https://gfcmaxbtscmizsakarvc.supabase.co/rest/v1/stock_prices?select=date&symbol=eq.SIPC&exchange=eq.EGX&order=date.desc&limit=1 "HTTP/2 206 Partial Content"
2026-06-19 18:31:31 [WARNING] tvDatafeed.main: you are using nologin method, data you access may be limited
2026-06-19 18:31:31 [WARNING] tvDatafeed.main: you are using nologin method, data you access may be limited
2026-06-19 18:31:31 [INFO] httpx: HTTP Request: POST https://gfcmaxbtscmizsakarvc.supabase.co/rest/v1/stock_prices?on_conflict=symbol%2Cexchange%2Cdate&columns=%22volume%22%2C%22open%22%2C%22adjusted_close%22%2C%22high%22%2C%22symbol%22%2C%22exchange%22%2C%22close%22%2C%22date%22%2C%22low%22 "HTTP/2 200 OK"
2026-06-19 18:31:31 [WARNING] tvDatafeed.main: you are using nologin method, data you access may be limited
2026-06-19 18:31:32 [INFO] httpx: HTTP Request: GET https://gfcmaxbtscmizsakarvc.supabase.co/rest/v1/stock_prices?select=date&symbol=eq.SKPC&exchange=eq.EGX&order=date.desc&limit=1 "HTTP/2 206 Partial Content"
2026-06-19 18:31:32 [INFO] httpx: HTTP Request: POST https://gfcmaxbtscmizsakarvc.supabase.co/rest/v1/stock_prices?on_conflict=symbol%2Cexchange%2Cdate&columns=%22volume%22%2C%22open%22%2C%22adjusted_close%22%2C%22high%22%2C%22symbol%22%2C%22exchange%22%2C%22close%22%2C%22date%22%2C%22low%22 "HTTP/2 200 OK"
2026-06-19 18:31:32 [INFO] httpx: HTTP Request: GET https://gfcmaxbtscmizsakarvc.supabase.co/rest/v1/stock_prices?select=date&symbol=eq.SMCS&exchange=eq.EGX&order=date.desc&limit=1 "HTTP/2 200 OK"
2026-06-19 18:31:32 [INFO] httpx: HTTP Request: GET https://gfcmaxbtscmizsakarvc.supabase.co/rest/v1/stock_prices?select=date&symbol=eq.SMCSA&exchange=eq.EGX&order=date.desc&limit=1 "HTTP/2 200 OK"
2026-06-19 18:31:32 [INFO] httpx: HTTP Request: POST https://gfcmaxbtscmizsakarvc.supabase.co/rest/v1/stock_prices?on_conflict=symbol%2Cexchange%2Cdate&columns=%22volume%22%2C%22open%22%2C%22adjusted_close%22%2C%22high%22%2C%22symbol%22%2C%22exchange%22%2C%22close%22%2C%22date%22%2C%22low%22 "HTTP/2 200 OK"
2026-06-19 18:31:33 [WARNING] tvDatafeed.main: you are using nologin method, data you access may be limited
2026-06-19 18:31:33 [INFO] httpx: HTTP Request: GET https://gfcmaxbtscmizsakarvc.supabase.co/rest/v1/stock_prices?select=date&symbol=eq.SMFR&exchange=eq.EGX&order=date.desc&limit=1 "HTTP/2 206 Partial Content"
2026-06-19 18:31:33 [INFO] httpx: HTTP Request: POST https://gfcmaxbtscmizsakarvc.supabase.co/rest/v1/stock_prices?on_conflict=symbol%2Cexchange%2Cdate&columns=%22volume%22%2C%22open%22%2C%22adjusted_close%22%2C%22high%22%2C%22symbol%22%2C%22exchange%22%2C%22close%22%2C%22date%22%2C%22low%22 "HTTP/2 200 OK"
2026-06-19 18:31:33 [WARNING] tvDatafeed.main: you are using nologin method, data you access may be limited
2026-06-19 18:31:33 [INFO] httpx: HTTP Request: GET https://gfcmaxbtscmizsakarvc.supabase.co/rest/v1/stock_prices?select=date&symbol=eq.SMPP&exchange=eq.EGX&order=date.desc&limit=1 "HTTP/2 206 Partial Content"
2026-06-19 18:31:34 [WARNING] tvDatafeed.main: you are using nologin method, data you access may be limited
2026-06-19 18:31:34 [WARNING] tvDatafeed.main: you are using nologin method, data you access may be limited
2026-06-19 18:31:34 [INFO] httpx: HTTP Request: POST https://gfcmaxbtscmizsakarvc.supabase.co/rest/v1/stock_prices?on_conflict=symbol%2Cexchange%2Cdate&columns=%22volume%22%2C%22open%22%2C%22adjusted_close%22%2C%22high%22%2C%22symbol%22%2C%22exchange%22%2C%22close%22%2C%22date%22%2C%22low%22 "HTTP/2 200 OK"
2026-06-19 18:31:34 [INFO] httpx: HTTP Request: GET https://gfcmaxbtscmizsakarvc.supabase.co/rest/v1/stock_prices?select=date&symbol=eq.SNFC&exchange=eq.EGX&order=date.desc&limit=1 "HTTP/2 206 Partial Content"
2026-06-19 18:31:34 [INFO] httpx: HTTP Request: GET https://gfcmaxbtscmizsakarvc.supabase.co/rest/v1/stock_prices?select=date&symbol=eq.SPHT&exchange=eq.EGX&order=date.desc&limit=1 "HTTP/2 206 Partial Content"
2026-06-19 18:31:34 [WARNING] tvDatafeed.main: you are using nologin method, data you access may be limited
2026-06-19 18:31:35 [INFO] httpx: HTTP Request: POST https://gfcmaxbtscmizsakarvc.supabase.co/rest/v1/stock_prices?on_conflict=symbol%2Cexchange%2Cdate&columns=%22volume%22%2C%22open%22%2C%22adjusted_close%22%2C%22high%22%2C%22symbol%22%2C%22exchange%22%2C%22close%22%2C%22date%22%2C%22low%22 "HTTP/2 200 OK"
2026-06-19 18:31:35 [WARNING] tvDatafeed.main: you are using nologin method, data you access may be limited
2026-06-19 18:31:35 [ERROR] tvDatafeed.main: Connection to remote host was lost.
2026-06-19 18:31:35 [ERROR] tvDatafeed.main: no data, please check the exchange and symbol
2026-06-19 18:31:35 [INFO] httpx: HTTP Request: GET https://gfcmaxbtscmizsakarvc.supabase.co/rest/v1/stock_prices?select=date&symbol=eq.SPIN&exchange=eq.EGX&order=date.desc&limit=1 "HTTP/2 206 Partial Content"
2026-06-19 18:31:35 [ERROR] tvDatafeed.main: Connection timed out
2026-06-19 18:31:35 [ERROR] tvDatafeed.main: no data, please check the exchange and symbol
2026-06-19 18:31:36 [WARNING] tvDatafeed.main: you are using nologin method, data you access may be limited
2026-06-19 18:31:36 [INFO] httpx: HTTP Request: POST https://gfcmaxbtscmizsakarvc.supabase.co/rest/v1/stock_prices?on_conflict=symbol%2Cexchange%2Cdate&columns=%22volume%22%2C%22open%22%2C%22adjusted_close%22%2C%22high%22%2C%22symbol%22%2C%22exchange%22%2C%22close%22%2C%22date%22%2C%22low%22 "HTTP/2 200 OK"
2026-06-19 18:31:36 [INFO] httpx: HTTP Request: POST https://gfcmaxbtscmizsakarvc.supabase.co/rest/v1/stock_prices?on_conflict=symbol%2Cexchange%2Cdate&columns=%22volume%22%2C%22open%22%2C%22adjusted_close%22%2C%22high%22%2C%22symbol%22%2C%22exchange%22%2C%22close%22%2C%22date%22%2C%22low%22 "HTTP/2 200 OK"
2026-06-19 18:31:36 [WARNING] tvDatafeed.main: you are using nologin method, data you access may be limited
2026-06-19 18:31:36 [INFO] httpx: HTTP Request: POST https://gfcmaxbtscmizsakarvc.supabase.co/rest/v1/stock_prices?on_conflict=symbol%2Cexchange%2Cdate&columns=%22volume%22%2C%22open%22%2C%22adjusted_close%22%2C%22high%22%2C%22symbol%22%2C%22exchange%22%2C%22close%22%2C%22date%22%2C%22low%22 "HTTP/2 201 Created"
2026-06-19 18:31:36 [INFO] httpx: HTTP Request: GET https://gfcmaxbtscmizsakarvc.supabase.co/rest/v1/stock_prices?select=date&symbol=eq.SPMD&exchange=eq.EGX&order=date.desc&limit=1 "HTTP/2 206 Partial Content"
2026-06-19 18:31:37 [INFO] httpx: HTTP Request: GET https://gfcmaxbtscmizsakarvc.supabase.co/rest/v1/stock_prices?select=date&symbol=eq.SRWA&exchange=eq.EGX&order=date.desc&limit=1 "HTTP/2 200 OK"
2026-06-19 18:31:37 [INFO] httpx: HTTP Request: POST https://gfcmaxbtscmizsakarvc.supabase.co/rest/v1/stock_prices?on_conflict=symbol%2Cexchange%2Cdate&columns=%22volume%22%2C%22open%22%2C%22adjusted_close%22%2C%22high%22%2C%22symbol%22%2C%22exchange%22%2C%22close%22%2C%22date%22%2C%22low%22 "HTTP/2 200 OK"
2026-06-19 18:31:37 [WARNING] tvDatafeed.main: you are using nologin method, data you access may be limited
2026-06-19 18:31:37 [INFO] httpx: HTTP Request: GET https://gfcmaxbtscmizsakarvc.supabase.co/rest/v1/stock_prices?select=date&symbol=eq.SUCE&exchange=eq.EGX&order=date.desc&limit=1 "HTTP/2 206 Partial Content"
2026-06-19 18:31:38 [WARNING] tvDatafeed.main: you are using nologin method, data you access may be limited
2026-06-19 18:31:38 [INFO] httpx: HTTP Request: POST https://gfcmaxbtscmizsakarvc.supabase.co/rest/v1/stock_prices?on_conflict=symbol%2Cexchange%2Cdate&columns=%22volume%22%2C%22open%22%2C%22adjusted_close%22%2C%22high%22%2C%22symbol%22%2C%22exchange%22%2C%22close%22%2C%22date%22%2C%22low%22 "HTTP/2 200 OK"
2026-06-19 18:31:38 [INFO] httpx: HTTP Request: POST https://gfcmaxbtscmizsakarvc.supabase.co/rest/v1/stock_prices?on_conflict=symbol%2Cexchange%2Cdate&columns=%22volume%22%2C%22open%22%2C%22adjusted_close%22%2C%22high%22%2C%22symbol%22%2C%22exchange%22%2C%22close%22%2C%22date%22%2C%22low%22 "HTTP/2 200 OK"
2026-06-19 18:31:38 [WARNING] tvDatafeed.main: you are using nologin method, data you access may be limited
2026-06-19 18:31:38 [INFO] httpx: HTTP Request: POST https://gfcmaxbtscmizsakarvc.supabase.co/rest/v1/stock_prices?on_conflict=symbol%2Cexchange%2Cdate&columns=%22volume%22%2C%22open%22%2C%22adjusted_close%22%2C%22high%22%2C%22symbol%22%2C%22exchange%22%2C%22close%22%2C%22date%22%2C%22low%22 "HTTP/2 200 OK"
2026-06-19 18:31:39 [INFO] httpx: HTTP Request: GET https://gfcmaxbtscmizsakarvc.supabase.co/rest/v1/stock_prices?select=date&symbol=eq.SUGR&exchange=eq.EGX&order=date.desc&limit=1 "HTTP/2 206 Partial Content"
2026-06-19 18:31:39 [WARNING] tvDatafeed.main: you are using nologin method, data you access may be limited
2026-06-19 18:31:39 [INFO] httpx: HTTP Request: GET https://gfcmaxbtscmizsakarvc.supabase.co/rest/v1/stock_prices?select=date&symbol=eq.SVCE&exchange=eq.EGX&order=date.desc&limit=1 "HTTP/2 206 Partial Content"
2026-06-19 18:31:39 [INFO] httpx: HTTP Request: POST https://gfcmaxbtscmizsakarvc.supabase.co/rest/v1/stock_prices?on_conflict=symbol%2Cexchange%2Cdate&columns=%22volume%22%2C%22open%22%2C%22adjusted_close%22%2C%22high%22%2C%22symbol%22%2C%22exchange%22%2C%22close%22%2C%22date%22%2C%22low%22 "HTTP/2 200 OK"
2026-06-19 18:31:39 [INFO] httpx: HTTP Request: POST https://gfcmaxbtscmizsakarvc.supabase.co/rest/v1/stock_prices?on_conflict=symbol%2Cexchange%2Cdate&columns=%22volume%22%2C%22open%22%2C%22adjusted_close%22%2C%22high%22%2C%22symbol%22%2C%22exchange%22%2C%22close%22%2C%22date%22%2C%22low%22 "HTTP/2 200 OK"
2026-06-19 18:31:39 [ERROR] tvDatafeed.main: Connection timed out
2026-06-19 18:31:39 [ERROR] tvDatafeed.main: no data, please check the exchange and symbol
2026-06-19 18:31:39 [INFO] httpx: HTTP Request: POST https://gfcmaxbtscmizsakarvc.supabase.co/rest/v1/stock_prices?on_conflict=symbol%2Cexchange%2Cdate&columns=%22volume%22%2C%22open%22%2C%22adjusted_close%22%2C%22high%22%2C%22symbol%22%2C%22exchange%22%2C%22close%22%2C%22date%22%2C%22low%22 "HTTP/2 200 OK"
2026-06-19 18:31:39 [INFO] httpx: HTTP Request: GET https://gfcmaxbtscmizsakarvc.supabase.co/rest/v1/stock_prices?select=date&symbol=eq.SWDY&exchange=eq.EGX&order=date.desc&limit=1 "HTTP/2 206 Partial Content"
2026-06-19 18:31:39 [INFO] httpx: HTTP Request: GET https://gfcmaxbtscmizsakarvc.supabase.co/rest/v1/stock_prices?select=date&symbol=eq.TALM&exchange=eq.EGX&order=date.desc&limit=1 "HTTP/2 206 Partial Content"
2026-06-19 18:31:40 [INFO] httpx: HTTP Request: GET https://gfcmaxbtscmizsakarvc.supabase.co/rest/v1/stock_prices?select=date&symbol=eq.TANM&exchange=eq.EGX&order=date.desc&limit=1 "HTTP/2 206 Partial Content"
2026-06-19 18:31:40 [INFO] httpx: HTTP Request: GET https://gfcmaxbtscmizsakarvc.supabase.co/rest/v1/stock_prices?select=date&symbol=eq.TAQA&exchange=eq.EGX&order=date.desc&limit=1 "HTTP/2 206 Partial Content"
2026-06-19 18:31:40 [WARNING] tvDatafeed.main: you are using nologin method, data you access may be limited
2026-06-19 18:31:40 [WARNING] tvDatafeed.main: you are using nologin method, data you access may be limited
2026-06-19 18:31:40 [INFO] httpx: HTTP Request: POST https://gfcmaxbtscmizsakarvc.supabase.co/rest/v1/stock_prices?on_conflict=symbol%2Cexchange%2Cdate&columns=%22volume%22%2C%22open%22%2C%22adjusted_close%22%2C%22high%22%2C%22symbol%22%2C%22exchange%22%2C%22close%22%2C%22date%22%2C%22low%22 "HTTP/2 200 OK"
2026-06-19 18:31:41 [ERROR] tvDatafeed.main: Connection timed out
2026-06-19 18:31:41 [ERROR] tvDatafeed.main: no data, please check the exchange and symbol
2026-06-19 18:31:41 [WARNING] tvDatafeed.main: you are using nologin method, data you access may be limited
2026-06-19 18:31:41 [WARNING] tvDatafeed.main: you are using nologin method, data you access may be limited
2026-06-19 18:31:41 [ERROR] tvDatafeed.main: Connection timed out
2026-06-19 18:31:41 [ERROR] tvDatafeed.main: no data, please check the exchange and symbol
2026-06-19 18:31:41 [INFO] httpx: HTTP Request: GET https://gfcmaxbtscmizsakarvc.supabase.co/rest/v1/stock_prices?select=date&symbol=eq.TMGH&exchange=eq.EGX&order=date.desc&limit=1 "HTTP/2 206 Partial Content"
2026-06-19 18:31:41 [WARNING] tvDatafeed.main: you are using nologin method, data you access may be limited
2026-06-19 18:31:41 [WARNING] tvDatafeed.main: you are using nologin method, data you access may be limited
2026-06-19 18:31:41 [INFO] httpx: HTTP Request: GET https://gfcmaxbtscmizsakarvc.supabase.co/rest/v1/stock_prices?select=date&symbol=eq.TORA&exchange=eq.EGX&order=date.desc&limit=1 "HTTP/2 206 Partial Content"
2026-06-19 18:31:42 [INFO] httpx: HTTP Request: GET https://gfcmaxbtscmizsakarvc.supabase.co/rest/v1/stock_prices?select=date&symbol=eq.TOUR&exchange=eq.EGX&order=date.desc&limit=1 "HTTP/2 200 OK"
2026-06-19 18:31:42 [INFO] httpx: HTTP Request: POST https://gfcmaxbtscmizsakarvc.supabase.co/rest/v1/stock_prices?on_conflict=symbol%2Cexchange%2Cdate&columns=%22volume%22%2C%22open%22%2C%22adjusted_close%22%2C%22high%22%2C%22symbol%22%2C%22exchange%22%2C%22close%22%2C%22date%22%2C%22low%22 "HTTP/2 200 OK"
2026-06-19 18:31:42 [INFO] httpx: HTTP Request: GET https://gfcmaxbtscmizsakarvc.supabase.co/rest/v1/stock_prices?select=date&symbol=eq.TRTO&exchange=eq.EGX&order=date.desc&limit=1 "HTTP/2 206 Partial Content"
2026-06-19 18:31:42 [INFO] httpx: HTTP Request: POST https://gfcmaxbtscmizsakarvc.supabase.co/rest/v1/stock_prices?on_conflict=symbol%2Cexchange%2Cdate&columns=%22volume%22%2C%22open%22%2C%22adjusted_close%22%2C%22high%22%2C%22symbol%22%2C%22exchange%22%2C%22close%22%2C%22date%22%2C%22low%22 "HTTP/2 200 OK"
2026-06-19 18:31:43 [WARNING] tvDatafeed.main: you are using nologin method, data you access may be limited
2026-06-19 18:31:43 [INFO] httpx: HTTP Request: POST https://gfcmaxbtscmizsakarvc.supabase.co/rest/v1/stock_prices?on_conflict=symbol%2Cexchange%2Cdate&columns=%22volume%22%2C%22open%22%2C%22adjusted_close%22%2C%22high%22%2C%22symbol%22%2C%22exchange%22%2C%22close%22%2C%22date%22%2C%22low%22 "HTTP/2 200 OK"
2026-06-19 18:31:43 [INFO] httpx: HTTP Request: GET https://gfcmaxbtscmizsakarvc.supabase.co/rest/v1/stock_prices?select=date&symbol=eq.TWSA&exchange=eq.EGX&order=date.desc&limit=1 "HTTP/2 206 Partial Content"
2026-06-19 18:31:43 [INFO] httpx: HTTP Request: POST https://gfcmaxbtscmizsakarvc.supabase.co/rest/v1/stock_prices?on_conflict=symbol%2Cexchange%2Cdate&columns=%22volume%22%2C%22open%22%2C%22adjusted_close%22%2C%22high%22%2C%22symbol%22%2C%22exchange%22%2C%22close%22%2C%22date%22%2C%22low%22 "HTTP/2 200 OK"
2026-06-19 18:31:43 [INFO] httpx: HTTP Request: GET https://gfcmaxbtscmizsakarvc.supabase.co/rest/v1/stock_prices?select=date&symbol=eq.TYCN&exchange=eq.EGX&order=date.desc&limit=1 "HTTP/2 206 Partial Content"
2026-06-19 18:31:43 [WARNING] tvDatafeed.main: you are using nologin method, data you access may be limited
2026-06-19 18:31:43 [WARNING] tvDatafeed.main: you are using nologin method, data you access may be limited
2026-06-19 18:31:44 [WARNING] tvDatafeed.main: you are using nologin method, data you access may be limited
2026-06-19 18:31:44 [INFO] httpx: HTTP Request: GET https://gfcmaxbtscmizsakarvc.supabase.co/rest/v1/stock_prices?select=date&symbol=eq.UASG&exchange=eq.EGX&order=date.desc&limit=1 "HTTP/2 200 OK"
2026-06-19 18:31:44 [WARNING] tvDatafeed.main: you are using nologin method, data you access may be limited
2026-06-19 18:31:44 [ERROR] tvDatafeed.main: Connection timed out
2026-06-19 18:31:44 [ERROR] tvDatafeed.main: no data, please check the exchange and symbol
2026-06-19 18:31:45 [WARNING] tvDatafeed.main: you are using nologin method, data you access may be limited
2026-06-19 18:31:45 [WARNING] tvDatafeed.main: you are using nologin method, data you access may be limited
2026-06-19 18:31:46 [INFO] httpx: HTTP Request: POST https://gfcmaxbtscmizsakarvc.supabase.co/rest/v1/stock_prices?on_conflict=symbol%2Cexchange%2Cdate&columns=%22volume%22%2C%22open%22%2C%22adjusted_close%22%2C%22high%22%2C%22symbol%22%2C%22exchange%22%2C%22close%22%2C%22date%22%2C%22low%22 "HTTP/2 200 OK"
2026-06-19 18:31:46 [INFO] httpx: HTTP Request: POST https://gfcmaxbtscmizsakarvc.supabase.co/rest/v1/stock_prices?on_conflict=symbol%2Cexchange%2Cdate&columns=%22volume%22%2C%22open%22%2C%22adjusted_close%22%2C%22high%22%2C%22symbol%22%2C%22exchange%22%2C%22close%22%2C%22date%22%2C%22low%22 "HTTP/2 200 OK"
2026-06-19 18:31:46 [INFO] httpx: HTTP Request: GET https://gfcmaxbtscmizsakarvc.supabase.co/rest/v1/stock_prices?select=date&symbol=eq.UEFM&exchange=eq.EGX&order=date.desc&limit=1 "HTTP/2 206 Partial Content"
2026-06-19 18:31:46 [INFO] httpx: HTTP Request: GET https://gfcmaxbtscmizsakarvc.supabase.co/rest/v1/stock_prices?select=date&symbol=eq.UBEE&exchange=eq.EGX&order=date.desc&limit=1 "HTTP/2 206 Partial Content"
2026-06-19 18:31:46 [INFO] httpx: HTTP Request: GET https://gfcmaxbtscmizsakarvc.supabase.co/rest/v1/stock_prices?select=date&symbol=eq.UEGC&exchange=eq.EGX&order=date.desc&limit=1 "HTTP/2 206 Partial Content"
2026-06-19 18:31:46 [INFO] httpx: HTTP Request: POST https://gfcmaxbtscmizsakarvc.supabase.co/rest/v1/stock_prices?on_conflict=symbol%2Cexchange%2Cdate&columns=%22volume%22%2C%22open%22%2C%22adjusted_close%22%2C%22high%22%2C%22symbol%22%2C%22exchange%22%2C%22close%22%2C%22date%22%2C%22low%22 "HTTP/2 200 OK"
2026-06-19 18:31:47 [INFO] httpx: HTTP Request: POST https://gfcmaxbtscmizsakarvc.supabase.co/rest/v1/stock_prices?on_conflict=symbol%2Cexchange%2Cdate&columns=%22volume%22%2C%22open%22%2C%22adjusted_close%22%2C%22high%22%2C%22symbol%22%2C%22exchange%22%2C%22close%22%2C%22date%22%2C%22low%22 "HTTP/2 200 OK"
2026-06-19 18:31:47 [INFO] httpx: HTTP Request: GET https://gfcmaxbtscmizsakarvc.supabase.co/rest/v1/stock_prices?select=date&symbol=eq.UNBE&exchange=eq.EGX&order=date.desc&limit=1 "HTTP/2 200 OK"
2026-06-19 18:31:47 [INFO] httpx: HTTP Request: POST https://gfcmaxbtscmizsakarvc.supabase.co/rest/v1/stock_prices?on_conflict=symbol%2Cexchange%2Cdate&columns=%22volume%22%2C%22open%22%2C%22adjusted_close%22%2C%22high%22%2C%22symbol%22%2C%22exchange%22%2C%22close%22%2C%22date%22%2C%22low%22 "HTTP/2 200 OK"
2026-06-19 18:31:47 [INFO] httpx: HTTP Request: POST https://gfcmaxbtscmizsakarvc.supabase.co/rest/v1/stock_prices?on_conflict=symbol%2Cexchange%2Cdate&columns=%22volume%22%2C%22open%22%2C%22adjusted_close%22%2C%22high%22%2C%22symbol%22%2C%22exchange%22%2C%22close%22%2C%22date%22%2C%22low%22 "HTTP/2 200 OK"
2026-06-19 18:31:48 [WARNING] tvDatafeed.main: you are using nologin method, data you access may be limited
2026-06-19 18:31:48 [WARNING] tvDatafeed.main: you are using nologin method, data you access may be limited
2026-06-19 18:31:48 [INFO] httpx: HTTP Request: POST https://gfcmaxbtscmizsakarvc.supabase.co/rest/v1/stock_prices?on_conflict=symbol%2Cexchange%2Cdate&columns=%22volume%22%2C%22open%22%2C%22adjusted_close%22%2C%22high%22%2C%22symbol%22%2C%22exchange%22%2C%22close%22%2C%22date%22%2C%22low%22 "HTTP/2 200 OK"
2026-06-19 18:31:48 [WARNING] tvDatafeed.main: you are using nologin method, data you access may be limited
2026-06-19 18:31:48 [INFO] httpx: HTTP Request: GET https://gfcmaxbtscmizsakarvc.supabase.co/rest/v1/stock_prices?select=date&symbol=eq.UNIP&exchange=eq.EGX&order=date.desc&limit=1 "HTTP/2 206 Partial Content"
2026-06-19 18:31:48 [INFO] httpx: HTTP Request: GET https://gfcmaxbtscmizsakarvc.supabase.co/rest/v1/stock_prices?select=date&symbol=eq.UNIT&exchange=eq.EGX&order=date.desc&limit=1 "HTTP/2 206 Partial Content"
2026-06-19 18:31:48 [INFO] httpx: HTTP Request: GET https://gfcmaxbtscmizsakarvc.supabase.co/rest/v1/stock_prices?select=date&symbol=eq.UTOP&exchange=eq.EGX&order=date.desc&limit=1 "HTTP/2 206 Partial Content"
2026-06-19 18:31:49 [ERROR] tvDatafeed.main: Connection to remote host was lost.
2026-06-19 18:31:49 [ERROR] tvDatafeed.main: no data, please check the exchange and symbol
2026-06-19 18:31:49 [WARNING] tvDatafeed.main: you are using nologin method, data you access may be limited
2026-06-19 18:31:49 [WARNING] tvDatafeed.main: you are using nologin method, data you access may be limited
2026-06-19 18:31:50 [WARNING] tvDatafeed.main: you are using nologin method, data you access may be limited
2026-06-19 18:31:50 [WARNING] tvDatafeed.main: you are using nologin method, data you access may be limited
2026-06-19 18:31:50 [INFO] httpx: HTTP Request: POST https://gfcmaxbtscmizsakarvc.supabase.co/rest/v1/stock_prices?on_conflict=symbol%2Cexchange%2Cdate&columns=%22volume%22%2C%22open%22%2C%22adjusted_close%22%2C%22high%22%2C%22symbol%22%2C%22exchange%22%2C%22close%22%2C%22date%22%2C%22low%22 "HTTP/2 200 OK"
2026-06-19 18:31:50 [INFO] httpx: HTTP Request: POST https://gfcmaxbtscmizsakarvc.supabase.co/rest/v1/stock_prices?on_conflict=symbol%2Cexchange%2Cdate&columns=%22volume%22%2C%22open%22%2C%22adjusted_close%22%2C%22high%22%2C%22symbol%22%2C%22exchange%22%2C%22close%22%2C%22date%22%2C%22low%22 "HTTP/2 200 OK"
2026-06-19 18:31:51 [INFO] httpx: HTTP Request: POST https://gfcmaxbtscmizsakarvc.supabase.co/rest/v1/stock_prices?on_conflict=symbol%2Cexchange%2Cdate&columns=%22volume%22%2C%22open%22%2C%22adjusted_close%22%2C%22high%22%2C%22symbol%22%2C%22exchange%22%2C%22close%22%2C%22date%22%2C%22low%22 "HTTP/2 200 OK"
2026-06-19 18:31:51 [INFO] httpx: HTTP Request: POST https://gfcmaxbtscmizsakarvc.supabase.co/rest/v1/stock_prices?on_conflict=symbol%2Cexchange%2Cdate&columns=%22volume%22%2C%22open%22%2C%22adjusted_close%22%2C%22high%22%2C%22symbol%22%2C%22exchange%22%2C%22close%22%2C%22date%22%2C%22low%22 "HTTP/2 201 Created"
2026-06-19 18:31:51 [INFO] httpx: HTTP Request: GET https://gfcmaxbtscmizsakarvc.supabase.co/rest/v1/stock_prices?select=date&symbol=eq.VALU&exchange=eq.EGX&order=date.desc&limit=1 "HTTP/2 206 Partial Content"
2026-06-19 18:31:51 [INFO] httpx: HTTP Request: POST https://gfcmaxbtscmizsakarvc.supabase.co/rest/v1/stock_prices?on_conflict=symbol%2Cexchange%2Cdate&columns=%22volume%22%2C%22open%22%2C%22adjusted_close%22%2C%22high%22%2C%22symbol%22%2C%22exchange%22%2C%22close%22%2C%22date%22%2C%22low%22 "HTTP/2 200 OK"
2026-06-19 18:31:51 [INFO] httpx: HTTP Request: GET https://gfcmaxbtscmizsakarvc.supabase.co/rest/v1/stock_prices?select=date&symbol=eq.WACE&exchange=eq.EGX&order=date.desc&limit=1 "HTTP/2 200 OK"
2026-06-19 18:31:51 [INFO] httpx: HTTP Request: GET https://gfcmaxbtscmizsakarvc.supabase.co/rest/v1/stock_prices?select=date&symbol=eq.VLMRA&exchange=eq.EGX&order=date.desc&limit=1 "HTTP/2 206 Partial Content"
2026-06-19 18:31:51 [INFO] httpx: HTTP Request: POST https://gfcmaxbtscmizsakarvc.supabase.co/rest/v1/stock_prices?on_conflict=symbol%2Cexchange%2Cdate&columns=%22volume%22%2C%22open%22%2C%22adjusted_close%22%2C%22high%22%2C%22symbol%22%2C%22exchange%22%2C%22close%22%2C%22date%22%2C%22low%22 "HTTP/2 200 OK"
2026-06-19 18:31:52 [INFO] httpx: HTTP Request: GET https://gfcmaxbtscmizsakarvc.supabase.co/rest/v1/stock_prices?select=date&symbol=eq.WATP&exchange=eq.EGX&order=date.desc&limit=1 "HTTP/2 206 Partial Content"
2026-06-19 18:31:52 [INFO] httpx: HTTP Request: GET https://gfcmaxbtscmizsakarvc.supabase.co/rest/v1/stock_prices?select=date&symbol=eq.WCDF&exchange=eq.EGX&order=date.desc&limit=1 "HTTP/2 206 Partial Content"
2026-06-19 18:31:52 [INFO] httpx: HTTP Request: POST https://gfcmaxbtscmizsakarvc.supabase.co/rest/v1/stock_prices?on_conflict=symbol%2Cexchange%2Cdate&columns=%22volume%22%2C%22open%22%2C%22adjusted_close%22%2C%22high%22%2C%22symbol%22%2C%22exchange%22%2C%22close%22%2C%22date%22%2C%22low%22 "HTTP/2 200 OK"
2026-06-19 18:31:52 [WARNING] tvDatafeed.main: you are using nologin method, data you access may be limited
2026-06-19 18:31:53 [INFO] httpx: HTTP Request: GET https://gfcmaxbtscmizsakarvc.supabase.co/rest/v1/stock_prices?select=date&symbol=eq.WKOL&exchange=eq.EGX&order=date.desc&limit=1 "HTTP/2 206 Partial Content"
2026-06-19 18:31:53 [ERROR] tvDatafeed.main: Connection timed out
2026-06-19 18:31:53 [ERROR] tvDatafeed.main: no data, please check the exchange and symbol
2026-06-19 18:31:53 [WARNING] tvDatafeed.main: you are using nologin method, data you access may be limited
2026-06-19 18:31:53 [WARNING] tvDatafeed.main: you are using nologin method, data you access may be limited
2026-06-19 18:31:53 [WARNING] tvDatafeed.main: you are using nologin method, data you access may be limited
2026-06-19 18:31:53 [INFO] httpx: HTTP Request: POST https://gfcmaxbtscmizsakarvc.supabase.co/rest/v1/stock_prices?on_conflict=symbol%2Cexchange%2Cdate&columns=%22volume%22%2C%22open%22%2C%22adjusted_close%22%2C%22high%22%2C%22symbol%22%2C%22exchange%22%2C%22close%22%2C%22date%22%2C%22low%22 "HTTP/2 200 OK"
2026-06-19 18:31:53 [INFO] httpx: HTTP Request: GET https://gfcmaxbtscmizsakarvc.supabase.co/rest/v1/stock_prices?select=date&symbol=eq.ZEOT&exchange=eq.EGX&order=date.desc&limit=1 "HTTP/2 206 Partial Content"
2026-06-19 18:31:53 [WARNING] tvDatafeed.main: you are using nologin method, data you access may be limited
2026-06-19 18:31:54 [ERROR] tvDatafeed.main: Connection timed out
2026-06-19 18:31:54 [ERROR] tvDatafeed.main: no data, please check the exchange and symbol
2026-06-19 18:31:54 [INFO] httpx: HTTP Request: GET https://gfcmaxbtscmizsakarvc.supabase.co/rest/v1/stock_prices?select=date&symbol=eq.ZMID&exchange=eq.EGX&order=date.desc&limit=1 "HTTP/2 206 Partial Content"
2026-06-19 18:31:54 [WARNING] tvDatafeed.main: you are using nologin method, data you access may be limited
2026-06-19 18:31:54 [INFO] httpx: HTTP Request: POST https://gfcmaxbtscmizsakarvc.supabase.co/rest/v1/stock_prices?on_conflict=symbol%2Cexchange%2Cdate&columns=%22volume%22%2C%22open%22%2C%22adjusted_close%22%2C%22high%22%2C%22symbol%22%2C%22exchange%22%2C%22close%22%2C%22date%22%2C%22low%22 "HTTP/2 200 OK"
2026-06-19 18:31:54 [INFO] httpx: HTTP Request: POST https://gfcmaxbtscmizsakarvc.supabase.co/rest/v1/stock_prices?on_conflict=symbol%2Cexchange%2Cdate&columns=%22volume%22%2C%22open%22%2C%22adjusted_close%22%2C%22high%22%2C%22symbol%22%2C%22exchange%22%2C%22close%22%2C%22date%22%2C%22low%22 "HTTP/2 200 OK"
2026-06-19 18:31:54 [INFO] httpx: HTTP Request: POST https://gfcmaxbtscmizsakarvc.supabase.co/rest/v1/stock_prices?on_conflict=symbol%2Cexchange%2Cdate&columns=%22volume%22%2C%22open%22%2C%22adjusted_close%22%2C%22high%22%2C%22symbol%22%2C%22exchange%22%2C%22close%22%2C%22date%22%2C%22low%22 "HTTP/2 200 OK"
2026-06-19 18:31:55 [INFO] httpx: HTTP Request: POST https://gfcmaxbtscmizsakarvc.supabase.co/rest/v1/stock_prices?on_conflict=symbol%2Cexchange%2Cdate&columns=%22volume%22%2C%22open%22%2C%22adjusted_close%22%2C%22high%22%2C%22symbol%22%2C%22exchange%22%2C%22close%22%2C%22date%22%2C%22low%22 "HTTP/2 200 OK"
2026-06-19 18:31:55 [WARNING] tvDatafeed.main: you are using nologin method, data you access may be limited
2026-06-19 18:31:55 [WARNING] tvDatafeed.main: you are using nologin method, data you access may be limited
2026-06-19 18:31:56 [ERROR] tvDatafeed.main: Connection timed out
2026-06-19 18:31:56 [ERROR] tvDatafeed.main: no data, please check the exchange and symbol
2026-06-19 18:31:56 [INFO] httpx: HTTP Request: POST https://gfcmaxbtscmizsakarvc.supabase.co/rest/v1/stock_prices?on_conflict=symbol%2Cexchange%2Cdate&columns=%22volume%22%2C%22open%22%2C%22adjusted_close%22%2C%22high%22%2C%22symbol%22%2C%22exchange%22%2C%22close%22%2C%22date%22%2C%22low%22 "HTTP/2 200 OK"
2026-06-19 18:31:56 [INFO] httpx: HTTP Request: POST https://gfcmaxbtscmizsakarvc.supabase.co/rest/v1/stock_prices?on_conflict=symbol%2Cexchange%2Cdate&columns=%22volume%22%2C%22open%22%2C%22adjusted_close%22%2C%22high%22%2C%22symbol%22%2C%22exchange%22%2C%22close%22%2C%22date%22%2C%22low%22 "HTTP/2 200 OK"
2026-06-19 18:31:56 [INFO] httpx: HTTP Request: POST https://gfcmaxbtscmizsakarvc.supabase.co/rest/v1/stock_prices?on_conflict=symbol%2Cexchange%2Cdate&columns=%22volume%22%2C%22open%22%2C%22adjusted_close%22%2C%22high%22%2C%22symbol%22%2C%22exchange%22%2C%22close%22%2C%22date%22%2C%22low%22 "HTTP/2 200 OK"
2026-06-19 18:31:56 [INFO] httpx: HTTP Request: POST https://gfcmaxbtscmizsakarvc.supabase.co/rest/v1/stock_prices?on_conflict=symbol%2Cexchange%2Cdate&columns=%22volume%22%2C%22open%22%2C%22adjusted_close%22%2C%22high%22%2C%22symbol%22%2C%22exchange%22%2C%22close%22%2C%22date%22%2C%22low%22 "HTTP/2 200 OK"
2026-06-19 18:31:57 [INFO] httpx: HTTP Request: POST https://gfcmaxbtscmizsakarvc.supabase.co/rest/v1/stock_prices?on_conflict=symbol%2Cexchange%2Cdate&columns=%22volume%22%2C%22open%22%2C%22adjusted_close%22%2C%22high%22%2C%22symbol%22%2C%22exchange%22%2C%22close%22%2C%22date%22%2C%22low%22 "HTTP/2 200 OK"
2026-06-19 18:31:57 [ERROR] tvDatafeed.main: Connection to remote host was lost.
2026-06-19 18:31:57 [ERROR] tvDatafeed.main: no data, please check the exchange and symbol
2026-06-19 18:31:57 [INFO] httpx: HTTP Request: POST https://gfcmaxbtscmizsakarvc.supabase.co/rest/v1/stock_prices?on_conflict=symbol%2Cexchange%2Cdate&columns=%22volume%22%2C%22open%22%2C%22adjusted_close%22%2C%22high%22%2C%22symbol%22%2C%22exchange%22%2C%22close%22%2C%22date%22%2C%22low%22 "HTTP/2 200 OK"
2026-06-19 18:31:58 [INFO] httpx: HTTP Request: POST https://gfcmaxbtscmizsakarvc.supabase.co/rest/v1/stock_prices?on_conflict=symbol%2Cexchange%2Cdate&columns=%22volume%22%2C%22open%22%2C%22adjusted_close%22%2C%22high%22%2C%22symbol%22%2C%22exchange%22%2C%22close%22%2C%22date%22%2C%22low%22 "HTTP/2 200 OK"
2026-06-19 18:31:58 [INFO] httpx: HTTP Request: POST https://gfcmaxbtscmizsakarvc.supabase.co/rest/v1/stock_prices?on_conflict=symbol%2Cexchange%2Cdate&columns=%22volume%22%2C%22open%22%2C%22adjusted_close%22%2C%22high%22%2C%22symbol%22%2C%22exchange%22%2C%22close%22%2C%22date%22%2C%22low%22 "HTTP/2 201 Created"
2026-06-19 18:31:59 [ERROR] tvDatafeed.main: Connection timed out
2026-06-19 18:31:59 [ERROR] tvDatafeed.main: no data, please check the exchange and symbol
2026-06-19 18:32:00 [INFO] httpx: HTTP Request: GET https://gfcmaxbtscmizsakarvc.supabase.co/rest/v1/stock_prices?select=date%2Copen%2Chigh%2Clow%2Cclose%2Cvolume&symbol=eq.ACRO.EGX&order=date.desc&limit=300 "HTTP/2 200 OK"
2026-06-19 18:32:00 [INFO] httpx: HTTP Request: GET https://gfcmaxbtscmizsakarvc.supabase.co/rest/v1/stock_prices?select=date%2Copen%2Chigh%2Clow%2Cclose%2Cvolume&symbol=eq.ACAP.EGX&order=date.desc&limit=300 "HTTP/2 200 OK"
2026-06-19 18:32:00 [INFO] httpx: HTTP Request: GET https://gfcmaxbtscmizsakarvc.supabase.co/rest/v1/stock_prices?select=date%2Copen%2Chigh%2Clow%2Cclose%2Cvolume&symbol=eq.ACGC.EGX&order=date.desc&limit=300 "HTTP/2 200 OK"
2026-06-19 18:32:00 [INFO] httpx: HTTP Request: GET https://gfcmaxbtscmizsakarvc.supabase.co/rest/v1/stock_prices?select=date%2Copen%2Chigh%2Clow%2Cclose%2Cvolume&symbol=eq.AALR.EGX&order=date.desc&limit=300 "HTTP/2 200 OK"
2026-06-19 18:32:00 [INFO] httpx: HTTP Request: GET https://gfcmaxbtscmizsakarvc.supabase.co/rest/v1/stock_prices?select=date%2Copen%2Chigh%2Clow%2Cclose%2Cvolume&symbol=eq.AIND.EGX&order=date.desc&limit=300 "HTTP/2 200 OK"
2026-06-19 18:32:00 [INFO] httpx: HTTP Request: GET https://gfcmaxbtscmizsakarvc.supabase.co/rest/v1/stock_prices?select=date%2Copen%2Chigh%2Clow%2Cclose%2Cvolume&symbol=eq.ACAMD.EGX&order=date.desc&limit=300 "HTTP/2 200 OK"
2026-06-19 18:32:00 [INFO] httpx: HTTP Request: GET https://gfcmaxbtscmizsakarvc.supabase.co/rest/v1/stock_prices?select=date%2Copen%2Chigh%2Clow%2Cclose%2Cvolume&symbol=eq.ABUK.EGX&order=date.desc&limit=300 "HTTP/2 200 OK"
2026-06-19 18:32:00 [INFO] httpx: HTTP Request: GET https://gfcmaxbtscmizsakarvc.supabase.co/rest/v1/stock_prices?select=date%2Copen%2Chigh%2Clow%2Cclose%2Cvolume&symbol=eq.ACTF.EGX&order=date.desc&limit=300 "HTTP/2 200 OK"
2026-06-19 18:32:00 [INFO] httpx: HTTP Request: GET https://gfcmaxbtscmizsakarvc.supabase.co/rest/v1/stock_prices?select=date%2Copen%2Chigh%2Clow%2Cclose%2Cvolume&symbol=eq.ADCI.EGX&order=date.desc&limit=300 "HTTP/2 200 OK"
2026-06-19 18:32:00 [INFO] httpx: HTTP Request: GET https://gfcmaxbtscmizsakarvc.supabase.co/rest/v1/stock_prices?select=date%2Copen%2Chigh%2Clow%2Cclose%2Cvolume&symbol=eq.ADIB.EGX&order=date.desc&limit=300 "HTTP/2 200 OK"
2026-06-19 18:32:00 [INFO] httpx: HTTP Request: GET https://gfcmaxbtscmizsakarvc.supabase.co/rest/v1/stock_prices?select=date%2Copen%2Chigh%2Clow%2Cclose%2Cvolume&symbol=eq.AIDC.EGX&order=date.desc&limit=300 "HTTP/2 200 OK"
2026-06-19 18:32:00 [INFO] httpx: HTTP Request: GET https://gfcmaxbtscmizsakarvc.supabase.co/rest/v1/stock_prices?select=date%2Copen%2Chigh%2Clow%2Cclose%2Cvolume&symbol=eq.AFDI.EGX&order=date.desc&limit=300 "HTTP/2 200 OK"
2026-06-19 18:32:00 [INFO] httpx: HTTP Request: GET https://gfcmaxbtscmizsakarvc.supabase.co/rest/v1/stock_prices?select=date%2Copen%2Chigh%2Clow%2Cclose%2Cvolume&symbol=eq.ADPC.EGX&order=date.desc&limit=300 "HTTP/2 200 OK"
2026-06-19 18:32:00 [INFO] httpx: HTTP Request: GET https://gfcmaxbtscmizsakarvc.supabase.co/rest/v1/stock_prices?select=date%2Copen%2Chigh%2Clow%2Cclose%2Cvolume&symbol=eq.AGIG.EGX&order=date.desc&limit=300 "HTTP/2 200 OK"
2026-06-19 18:32:00 [INFO] httpx: HTTP Request: GET https://gfcmaxbtscmizsakarvc.supabase.co/rest/v1/stock_prices?select=date%2Copen%2Chigh%2Clow%2Cclose%2Cvolume&symbol=eq.AFMC.EGX&order=date.desc&limit=300 "HTTP/2 200 OK"
2026-06-19 18:32:00 [INFO] httpx: HTTP Request: GET https://gfcmaxbtscmizsakarvc.supabase.co/rest/v1/stock_prices?select=date%2Copen%2Chigh%2Clow%2Cclose%2Cvolume&symbol=eq.AIVCB.EGX&order=date.desc&limit=300 "HTTP/2 200 OK"
2026-06-19 18:32:00 [INFO] httpx: HTTP Request: GET https://gfcmaxbtscmizsakarvc.supabase.co/rest/v1/stock_prices?select=date%2Copen%2Chigh%2Clow%2Cclose%2Cvolume&symbol=eq.AITG.EGX&order=date.desc&limit=300 "HTTP/2 200 OK"
2026-06-19 18:32:00 [INFO] httpx: HTTP Request: GET https://gfcmaxbtscmizsakarvc.supabase.co/rest/v1/stock_prices?select=date%2Copen%2Chigh%2Clow%2Cclose%2Cvolume&symbol=eq.AJWA.EGX&order=date.desc&limit=300 "HTTP/2 200 OK"
2026-06-19 18:32:00 [INFO] httpx: HTTP Request: GET https://gfcmaxbtscmizsakarvc.supabase.co/rest/v1/stock_prices?select=date%2Copen%2Chigh%2Clow%2Cclose%2Cvolume&symbol=eq.ALUM.EGX&order=date.desc&limit=300 "HTTP/2 200 OK"
2026-06-19 18:32:00 [INFO] httpx: HTTP Request: GET https://gfcmaxbtscmizsakarvc.supabase.co/rest/v1/stock_prices?select=date%2Copen%2Chigh%2Clow%2Cclose%2Cvolume&symbol=eq.AMER.EGX&order=date.desc&limit=300 "HTTP/2 200 OK"
2026-06-19 18:32:00 [INFO] httpx: HTTP Request: GET https://gfcmaxbtscmizsakarvc.supabase.co/rest/v1/stock_prices?select=date%2Copen%2Chigh%2Clow%2Cclose%2Cvolume&symbol=eq.ALCN.EGX&order=date.desc&limit=300 "HTTP/2 200 OK"
2026-06-19 18:32:00 [INFO] httpx: HTTP Request: GET https://gfcmaxbtscmizsakarvc.supabase.co/rest/v1/stock_prices?select=date%2Copen%2Chigh%2Clow%2Cclose%2Cvolume&symbol=eq.ALEX.EGX&order=date.desc&limit=300 "HTTP/2 200 OK"
2026-06-19 18:32:00 [INFO] httpx: HTTP Request: GET https://gfcmaxbtscmizsakarvc.supabase.co/rest/v1/stock_prices?select=date%2Copen%2Chigh%2Clow%2Cclose%2Cvolume&symbol=eq.ALRA.EGX&order=date.desc&limit=300 "HTTP/2 200 OK"
2026-06-19 18:32:00 [INFO] httpx: HTTP Request: GET https://gfcmaxbtscmizsakarvc.supabase.co/rest/v1/stock_prices?select=date%2Copen%2Chigh%2Clow%2Cclose%2Cvolume&symbol=eq.AMOC.EGX&order=date.desc&limit=300 "HTTP/2 200 OK"
2026-06-19 18:32:00 [INFO] httpx: HTTP Request: GET https://gfcmaxbtscmizsakarvc.supabase.co/rest/v1/stock_prices?select=date%2Copen%2Chigh%2Clow%2Cclose%2Cvolume&symbol=eq.AREH.EGX&order=date.desc&limit=300 "HTTP/2 200 OK"
2026-06-19 18:32:00 [INFO] httpx: HTTP Request: GET https://gfcmaxbtscmizsakarvc.supabase.co/rest/v1/stock_prices?select=date%2Copen%2Chigh%2Clow%2Cclose%2Cvolume&symbol=eq.AMES.EGX&order=date.desc&limit=300 "HTTP/2 200 OK"
2026-06-19 18:32:00 [INFO] httpx: HTTP Request: GET https://gfcmaxbtscmizsakarvc.supabase.co/rest/v1/stock_prices?select=date%2Copen%2Chigh%2Clow%2Cclose%2Cvolume&symbol=eq.APPC.EGX&order=date.desc&limit=300 "HTTP/2 200 OK"
2026-06-19 18:32:00 [INFO] httpx: HTTP Request: GET https://gfcmaxbtscmizsakarvc.supabase.co/rest/v1/stock_prices?select=date%2Copen%2Chigh%2Clow%2Cclose%2Cvolume&symbol=eq.ARAB.EGX&order=date.desc&limit=300 "HTTP/2 200 OK"
2026-06-19 18:32:00 [INFO] httpx: HTTP Request: GET https://gfcmaxbtscmizsakarvc.supabase.co/rest/v1/stock_prices?select=date%2Copen%2Chigh%2Clow%2Cclose%2Cvolume&symbol=eq.ARVA.EGX&order=date.desc&limit=300 "HTTP/2 200 OK"
2026-06-19 18:32:00 [INFO] httpx: HTTP Request: GET https://gfcmaxbtscmizsakarvc.supabase.co/rest/v1/stock_prices?select=date%2Copen%2Chigh%2Clow%2Cclose%2Cvolume&symbol=eq.ARCC.EGX&order=date.desc&limit=300 "HTTP/2 200 OK"
2026-06-19 18:32:00 [INFO] httpx: HTTP Request: GET https://gfcmaxbtscmizsakarvc.supabase.co/rest/v1/stock_prices?select=date%2Copen%2Chigh%2Clow%2Cclose%2Cvolume&symbol=eq.AREHA.EGX&order=date.desc&limit=300 "HTTP/2 200 OK"
2026-06-19 18:32:00 [INFO] httpx: HTTP Request: GET https://gfcmaxbtscmizsakarvc.supabase.co/rest/v1/stock_prices?select=date%2Copen%2Chigh%2Clow%2Cclose%2Cvolume&symbol=eq.AMIA.EGX&order=date.desc&limit=300 "HTTP/2 200 OK"
2026-06-19 18:32:01 [INFO] httpx: HTTP Request: GET https://gfcmaxbtscmizsakarvc.supabase.co/rest/v1/stock_prices?select=date%2Copen%2Chigh%2Clow%2Cclose%2Cvolume&symbol=eq.ASCM.EGX&order=date.desc&limit=300 "HTTP/2 200 OK"
2026-06-19 18:32:01 [INFO] httpx: HTTP Request: GET https://gfcmaxbtscmizsakarvc.supabase.co/rest/v1/stock_prices?select=date%2Copen%2Chigh%2Clow%2Cclose%2Cvolume&symbol=eq.APSW.EGX&order=date.desc&limit=300 "HTTP/2 200 OK"
2026-06-19 18:32:01 [INFO] httpx: HTTP Request: GET https://gfcmaxbtscmizsakarvc.supabase.co/rest/v1/stock_prices?select=date%2Copen%2Chigh%2Clow%2Cclose%2Cvolume&symbol=eq.ATQA.EGX&order=date.desc&limit=300 "HTTP/2 200 OK"
2026-06-19 18:32:01 [INFO] httpx: HTTP Request: GET https://gfcmaxbtscmizsakarvc.supabase.co/rest/v1/stock_prices?select=date%2Copen%2Chigh%2Clow%2Cclose%2Cvolume&symbol=eq.ASPI.EGX&order=date.desc&limit=300 "HTTP/2 200 OK"
2026-06-19 18:32:01 [INFO] httpx: HTTP Request: GET https://gfcmaxbtscmizsakarvc.supabase.co/rest/v1/stock_prices?select=date%2Copen%2Chigh%2Clow%2Cclose%2Cvolume&symbol=eq.ATLC.EGX&order=date.desc&limit=300 "HTTP/2 200 OK"
2026-06-19 18:32:01 [INFO] httpx: HTTP Request: GET https://gfcmaxbtscmizsakarvc.supabase.co/rest/v1/stock_prices?select=date%2Copen%2Chigh%2Clow%2Cclose%2Cvolume&symbol=eq.CERA.EGX&order=date.desc&limit=300 "HTTP/2 200 OK"
2026-06-19 18:32:01 [INFO] httpx: HTTP Request: GET https://gfcmaxbtscmizsakarvc.supabase.co/rest/v1/stock_prices?select=date%2Copen%2Chigh%2Clow%2Cclose%2Cvolume&symbol=eq.CNFN.EGX&order=date.desc&limit=300 "HTTP/2 200 OK"
2026-06-19 18:32:01 [INFO] httpx: HTTP Request: GET https://gfcmaxbtscmizsakarvc.supabase.co/rest/v1/stock_prices?select=date%2Copen%2Chigh%2Clow%2Cclose%2Cvolume&symbol=eq.CIEB.EGX&order=date.desc&limit=300 "HTTP/2 200 OK"
2026-06-19 18:32:01 [INFO] httpx: HTTP Request: GET https://gfcmaxbtscmizsakarvc.supabase.co/rest/v1/stock_prices?select=date%2Copen%2Chigh%2Clow%2Cclose%2Cvolume&symbol=eq.CFGH.EGX&order=date.desc&limit=300 "HTTP/2 200 OK"
2026-06-19 18:32:01 [INFO] httpx: HTTP Request: GET https://gfcmaxbtscmizsakarvc.supabase.co/rest/v1/stock_prices?select=date%2Copen%2Chigh%2Clow%2Cclose%2Cvolume&symbol=eq.CICH.EGX&order=date.desc&limit=300 "HTTP/2 200 OK"
2026-06-19 18:32:02 [INFO] httpx: HTTP Request: GET https://gfcmaxbtscmizsakarvc.supabase.co/rest/v1/stock_prices?select=date%2Copen%2Chigh%2Clow%2Cclose%2Cvolume&symbol=eq.CRST.EGX&order=date.desc&limit=300 "HTTP/2 200 OK"
2026-06-19 18:32:02 [INFO] httpx: HTTP Request: GET https://gfcmaxbtscmizsakarvc.supabase.co/rest/v1/stock_prices?select=date%2Copen%2Chigh%2Clow%2Cclose%2Cvolume&symbol=eq.COPR.EGX&order=date.desc&limit=300 "HTTP/2 200 OK"
2026-06-19 18:32:02 [INFO] httpx: HTTP Request: GET https://gfcmaxbtscmizsakarvc.supabase.co/rest/v1/stock_prices?select=date%2Copen%2Chigh%2Clow%2Cclose%2Cvolume&symbol=eq.COSG.EGX&order=date.desc&limit=300 "HTTP/2 200 OK"
2026-06-19 18:32:02 [INFO] httpx: HTTP Request: GET https://gfcmaxbtscmizsakarvc.supabase.co/rest/v1/stock_prices?select=date%2Copen%2Chigh%2Clow%2Cclose%2Cvolume&symbol=eq.CIRF.EGX&order=date.desc&limit=300 "HTTP/2 200 OK"
2026-06-19 18:32:02 [INFO] httpx: HTTP Request: GET https://gfcmaxbtscmizsakarvc.supabase.co/rest/v1/stock_prices?select=date%2Copen%2Chigh%2Clow%2Cclose%2Cvolume&symbol=eq.CPME.EGX&order=date.desc&limit=300 "HTTP/2 200 OK"
2026-06-19 18:32:02 [INFO] httpx: HTTP Request: GET https://gfcmaxbtscmizsakarvc.supabase.co/rest/v1/stock_prices?select=date%2Copen%2Chigh%2Clow%2Cclose%2Cvolume&symbol=eq.CSAG.EGX&order=date.desc&limit=300 "HTTP/2 200 OK"
2026-06-19 18:32:02 [INFO] httpx: HTTP Request: GET https://gfcmaxbtscmizsakarvc.supabase.co/rest/v1/stock_prices?select=date%2Copen%2Chigh%2Clow%2Cclose%2Cvolume&symbol=eq.CIRA.EGX&order=date.desc&limit=300 "HTTP/2 200 OK"
2026-06-19 18:32:02 [INFO] httpx: HTTP Request: GET https://gfcmaxbtscmizsakarvc.supabase.co/rest/v1/stock_prices?select=date%2Copen%2Chigh%2Clow%2Cclose%2Cvolume&symbol=eq.COMI.EGX&order=date.desc&limit=300 "HTTP/2 200 OK"
2026-06-19 18:32:02 [INFO] httpx: HTTP Request: GET https://gfcmaxbtscmizsakarvc.supabase.co/rest/v1/stock_prices?select=date%2Copen%2Chigh%2Clow%2Cclose%2Cvolume&symbol=eq.CPCI.EGX&order=date.desc&limit=300 "HTTP/2 200 OK"
2026-06-19 18:32:02 [INFO] httpx: HTTP Request: GET https://gfcmaxbtscmizsakarvc.supabase.co/rest/v1/stock_prices?select=date%2Copen%2Chigh%2Clow%2Cclose%2Cvolume&symbol=eq.DAPH.EGX&order=date.desc&limit=300 "HTTP/2 200 OK"
2026-06-19 18:32:02 [INFO] httpx: HTTP Request: GET https://gfcmaxbtscmizsakarvc.supabase.co/rest/v1/stock_prices?select=date%2Copen%2Chigh%2Clow%2Cclose%2Cvolume&symbol=eq.CLHO.EGX&order=date.desc&limit=300 "HTTP/2 200 OK"
2026-06-19 18:32:02 [INFO] httpx: HTTP Request: GET https://gfcmaxbtscmizsakarvc.supabase.co/rest/v1/stock_prices?select=date%2Copen%2Chigh%2Clow%2Cclose%2Cvolume&symbol=eq.DEIN.EGX&order=date.desc&limit=300 "HTTP/2 200 OK"
2026-06-19 18:32:02 [INFO] httpx: HTTP Request: GET https://gfcmaxbtscmizsakarvc.supabase.co/rest/v1/stock_prices?select=date%2Copen%2Chigh%2Clow%2Cclose%2Cvolume&symbol=eq.DCRC.EGX&order=date.desc&limit=300 "HTTP/2 200 OK"
2026-06-19 18:32:02 [INFO] httpx: HTTP Request: GET https://gfcmaxbtscmizsakarvc.supabase.co/rest/v1/stock_prices?select=date%2Copen%2Chigh%2Clow%2Cclose%2Cvolume&symbol=eq.DGTZ.EGX&order=date.desc&limit=300 "HTTP/2 200 OK"
2026-06-19 18:32:02 [INFO] httpx: HTTP Request: GET https://gfcmaxbtscmizsakarvc.supabase.co/rest/v1/stock_prices?select=date%2Copen%2Chigh%2Clow%2Cclose%2Cvolume&symbol=eq.DOMT.EGX&order=date.desc&limit=300 "HTTP/2 200 OK"
2026-06-19 18:32:02 [INFO] httpx: HTTP Request: GET https://gfcmaxbtscmizsakarvc.supabase.co/rest/v1/stock_prices?select=date%2Copen%2Chigh%2Clow%2Cclose%2Cvolume&symbol=eq.DTPP.EGX&order=date.desc&limit=300 "HTTP/2 200 OK"
2026-06-19 18:32:02 [INFO] httpx: HTTP Request: GET https://gfcmaxbtscmizsakarvc.supabase.co/rest/v1/stock_prices?select=date%2Copen%2Chigh%2Clow%2Cclose%2Cvolume&symbol=eq.DSCW.EGX&order=date.desc&limit=300 "HTTP/2 200 OK"
2026-06-19 18:32:02 [INFO] httpx: HTTP Request: GET https://gfcmaxbtscmizsakarvc.supabase.co/rest/v1/stock_prices?select=date%2Copen%2Chigh%2Clow%2Cclose%2Cvolume&symbol=eq.EALR.EGX&order=date.desc&limit=300 "HTTP/2 200 OK"
2026-06-19 18:32:02 [INFO] httpx: HTTP Request: GET https://gfcmaxbtscmizsakarvc.supabase.co/rest/v1/stock_prices?select=date%2Copen%2Chigh%2Clow%2Cclose%2Cvolume&symbol=eq.EASB.EGX&order=date.desc&limit=300 "HTTP/2 200 OK"
2026-06-19 18:32:02 [INFO] httpx: HTTP Request: GET https://gfcmaxbtscmizsakarvc.supabase.co/rest/v1/stock_prices?select=date%2Copen%2Chigh%2Clow%2Cclose%2Cvolume&symbol=eq.EGAL.EGX&order=date.desc&limit=300 "HTTP/2 200 OK"
2026-06-19 18:32:03 [INFO] httpx: HTTP Request: GET https://gfcmaxbtscmizsakarvc.supabase.co/rest/v1/stock_prices?select=date%2Copen%2Chigh%2Clow%2Cclose%2Cvolume&symbol=eq.EGREF.EGX&order=date.desc&limit=300 "HTTP/2 200 OK"
2026-06-19 18:32:03 [INFO] httpx: HTTP Request: GET https://gfcmaxbtscmizsakarvc.supabase.co/rest/v1/stock_prices?select=date%2Copen%2Chigh%2Clow%2Cclose%2Cvolume&symbol=eq.EGAS.EGX&order=date.desc&limit=300 "HTTP/2 200 OK"
2026-06-19 18:32:03 [INFO] httpx: HTTP Request: GET https://gfcmaxbtscmizsakarvc.supabase.co/rest/v1/stock_prices?select=date%2Copen%2Chigh%2Clow%2Cclose%2Cvolume&symbol=eq.ELNA.EGX&order=date.desc&limit=300 "HTTP/2 200 OK"
2026-06-19 18:32:03 [INFO] httpx: HTTP Request: GET https://gfcmaxbtscmizsakarvc.supabase.co/rest/v1/stock_prices?select=date%2Copen%2Chigh%2Clow%2Cclose%2Cvolume&symbol=eq.EGCH.EGX&order=date.desc&limit=300 "HTTP/2 200 OK"
2026-06-19 18:32:03 [INFO] httpx: HTTP Request: GET https://gfcmaxbtscmizsakarvc.supabase.co/rest/v1/stock_prices?select=date%2Copen%2Chigh%2Clow%2Cclose%2Cvolume&symbol=eq.ELKA.EGX&order=date.desc&limit=300 "HTTP/2 200 OK"
2026-06-19 18:32:03 [INFO] httpx: HTTP Request: GET https://gfcmaxbtscmizsakarvc.supabase.co/rest/v1/stock_prices?select=date%2Copen%2Chigh%2Clow%2Cclose%2Cvolume&symbol=eq.EGBE.EGX&order=date.desc&limit=300 "HTTP/2 200 OK"
2026-06-19 18:32:03 [INFO] httpx: HTTP Request: GET https://gfcmaxbtscmizsakarvc.supabase.co/rest/v1/stock_prices?select=date%2Copen%2Chigh%2Clow%2Cclose%2Cvolume&symbol=eq.ELEC.EGX&order=date.desc&limit=300 "HTTP/2 200 OK"
2026-06-19 18:32:03 [INFO] httpx: HTTP Request: GET https://gfcmaxbtscmizsakarvc.supabase.co/rest/v1/stock_prices?select=date%2Copen%2Chigh%2Clow%2Cclose%2Cvolume&symbol=eq.EGTS.EGX&order=date.desc&limit=300 "HTTP/2 200 OK"
2026-06-19 18:32:03 [INFO] httpx: HTTP Request: GET https://gfcmaxbtscmizsakarvc.supabase.co/rest/v1/stock_prices?select=date%2Copen%2Chigh%2Clow%2Cclose%2Cvolume&symbol=eq.ELSH.EGX&order=date.desc&limit=300 "HTTP/2 200 OK"
2026-06-19 18:32:03 [INFO] httpx: HTTP Request: GET https://gfcmaxbtscmizsakarvc.supabase.co/rest/v1/stock_prices?select=date%2Copen%2Chigh%2Clow%2Cclose%2Cvolume&symbol=eq.EMFD.EGX&order=date.desc&limit=300 "HTTP/2 200 OK"
2026-06-19 18:32:03 [INFO] httpx: HTTP Request: GET https://gfcmaxbtscmizsakarvc.supabase.co/rest/v1/stock_prices?select=date%2Copen%2Chigh%2Clow%2Cclose%2Cvolume&symbol=eq.EITP.EGX&order=date.desc&limit=300 "HTTP/2 200 OK"
2026-06-19 18:32:03 [INFO] httpx: HTTP Request: GET https://gfcmaxbtscmizsakarvc.supabase.co/rest/v1/stock_prices?select=date%2Copen%2Chigh%2Clow%2Cclose%2Cvolume&symbol=eq.EGSA.EGX&order=date.desc&limit=300 "HTTP/2 200 OK"
2026-06-19 18:32:03 [INFO] httpx: HTTP Request: GET https://gfcmaxbtscmizsakarvc.supabase.co/rest/v1/stock_prices?select=date%2Copen%2Chigh%2Clow%2Cclose%2Cvolume&symbol=eq.EMRI.EGX&order=date.desc&limit=300 "HTTP/2 200 OK"
2026-06-19 18:32:03 [INFO] httpx: HTTP Request: GET https://gfcmaxbtscmizsakarvc.supabase.co/rest/v1/stock_prices?select=date%2Copen%2Chigh%2Clow%2Cclose%2Cvolume&symbol=eq.EHDR.EGX&order=date.desc&limit=300 "HTTP/2 200 OK"
2026-06-19 18:32:03 [INFO] httpx: HTTP Request: GET https://gfcmaxbtscmizsakarvc.supabase.co/rest/v1/stock_prices?select=date%2Copen%2Chigh%2Clow%2Cclose%2Cvolume&symbol=eq.ENGC.EGX&order=date.desc&limit=300 "HTTP/2 200 OK"
2026-06-19 18:32:03 [INFO] httpx: HTTP Request: GET https://gfcmaxbtscmizsakarvc.supabase.co/rest/v1/stock_prices?select=date%2Copen%2Chigh%2Clow%2Cclose%2Cvolume&symbol=eq.EOSB.EGX&order=date.desc&limit=300 "HTTP/2 200 OK"
2026-06-19 18:32:03 [INFO] httpx: HTTP Request: GET https://gfcmaxbtscmizsakarvc.supabase.co/rest/v1/stock_prices?select=date%2Copen%2Chigh%2Clow%2Cclose%2Cvolume&symbol=eq.EPPK.EGX&order=date.desc&limit=300 "HTTP/2 200 OK"
2026-06-19 18:32:03 [INFO] httpx: HTTP Request: GET https://gfcmaxbtscmizsakarvc.supabase.co/rest/v1/stock_prices?select=date%2Copen%2Chigh%2Clow%2Cclose%2Cvolume&symbol=eq.ETRS.EGX&order=date.desc&limit=300 "HTTP/2 200 OK"
2026-06-19 18:32:03 [INFO] httpx: HTTP Request: GET https://gfcmaxbtscmizsakarvc.supabase.co/rest/v1/stock_prices?select=date%2Copen%2Chigh%2Clow%2Cclose%2Cvolume&symbol=eq.FAIT.EGX&order=date.desc&limit=300 "HTTP/2 200 OK"
2026-06-19 18:32:03 [INFO] httpx: HTTP Request: GET https://gfcmaxbtscmizsakarvc.supabase.co/rest/v1/stock_prices?select=date%2Copen%2Chigh%2Clow%2Cclose%2Cvolume&symbol=eq.FERC.EGX&order=date.desc&limit=300 "HTTP/2 200 OK"
2026-06-19 18:32:03 [INFO] httpx: HTTP Request: GET https://gfcmaxbtscmizsakarvc.supabase.co/rest/v1/stock_prices?select=date%2Copen%2Chigh%2Clow%2Cclose%2Cvolume&symbol=eq.ETEL.EGX&order=date.desc&limit=300 "HTTP/2 200 OK"
2026-06-19 18:32:03 [INFO] httpx: HTTP Request: GET https://gfcmaxbtscmizsakarvc.supabase.co/rest/v1/stock_prices?select=date%2Copen%2Chigh%2Clow%2Cclose%2Cvolume&symbol=eq.EXPA.EGX&order=date.desc&limit=300 "HTTP/2 200 OK"
2026-06-19 18:32:03 [INFO] httpx: HTTP Request: GET https://gfcmaxbtscmizsakarvc.supabase.co/rest/v1/stock_prices?select=date%2Copen%2Chigh%2Clow%2Cclose%2Cvolume&symbol=eq.FAITA.EGX&order=date.desc&limit=300 "HTTP/2 200 OK"
2026-06-19 18:32:03 [INFO] httpx: HTTP Request: GET https://gfcmaxbtscmizsakarvc.supabase.co/rest/v1/stock_prices?select=date%2Copen%2Chigh%2Clow%2Cclose%2Cvolume&symbol=eq.FWRY.EGX&order=date.desc&limit=300 "HTTP/2 200 OK"
2026-06-19 18:32:03 [INFO] httpx: HTTP Request: GET https://gfcmaxbtscmizsakarvc.supabase.co/rest/v1/stock_prices?select=date%2Copen%2Chigh%2Clow%2Cclose%2Cvolume&symbol=eq.GBCO.EGX&order=date.desc&limit=300 "HTTP/2 200 OK"
2026-06-19 18:32:03 [INFO] httpx: HTTP Request: GET https://gfcmaxbtscmizsakarvc.supabase.co/rest/v1/stock_prices?select=date%2Copen%2Chigh%2Clow%2Cclose%2Cvolume&symbol=eq.ESGI.EGX&order=date.desc&limit=300 "HTTP/2 200 OK"
2026-06-19 18:32:03 [INFO] httpx: HTTP Request: GET https://gfcmaxbtscmizsakarvc.supabase.co/rest/v1/stock_prices?select=date%2Copen%2Chigh%2Clow%2Cclose%2Cvolume&symbol=eq.EPCO.EGX&order=date.desc&limit=300 "HTTP/2 200 OK"
2026-06-19 18:32:03 [INFO] httpx: HTTP Request: GET https://gfcmaxbtscmizsakarvc.supabase.co/rest/v1/stock_prices?select=date%2Copen%2Chigh%2Clow%2Cclose%2Cvolume&symbol=eq.GGCC.EGX&order=date.desc&limit=300 "HTTP/2 200 OK"
2026-06-19 18:32:03 [INFO] httpx: HTTP Request: GET https://gfcmaxbtscmizsakarvc.supabase.co/rest/v1/stock_prices?select=date%2Copen%2Chigh%2Clow%2Cclose%2Cvolume&symbol=eq.GGRN.EGX&order=date.desc&limit=300 "HTTP/2 200 OK"
2026-06-19 18:32:03 [INFO] httpx: HTTP Request: GET https://gfcmaxbtscmizsakarvc.supabase.co/rest/v1/stock_prices?select=date%2Copen%2Chigh%2Clow%2Cclose%2Cvolume&symbol=eq.GDWA.EGX&order=date.desc&limit=300 "HTTP/2 200 OK"
2026-06-19 18:32:03 [INFO] httpx: HTTP Request: GET https://gfcmaxbtscmizsakarvc.supabase.co/rest/v1/stock_prices?select=date%2Copen%2Chigh%2Clow%2Cclose%2Cvolume&symbol=eq.GIHD.EGX&order=date.desc&limit=300 "HTTP/2 200 OK"
2026-06-19 18:32:03 [INFO] httpx: HTTP Request: GET https://gfcmaxbtscmizsakarvc.supabase.co/rest/v1/stock_prices?select=date%2Copen%2Chigh%2Clow%2Cclose%2Cvolume&symbol=eq.GPIM.EGX&order=date.desc&limit=300 "HTTP/2 200 OK"
2026-06-19 18:32:03 [INFO] httpx: HTTP Request: GET https://gfcmaxbtscmizsakarvc.supabase.co/rest/v1/stock_prices?select=date%2Copen%2Chigh%2Clow%2Cclose%2Cvolume&symbol=eq.GMCI.EGX&order=date.desc&limit=300 "HTTP/2 200 OK"
2026-06-19 18:32:03 [INFO] httpx: HTTP Request: GET https://gfcmaxbtscmizsakarvc.supabase.co/rest/v1/stock_prices?select=date%2Copen%2Chigh%2Clow%2Cclose%2Cvolume&symbol=eq.GOUR.EGX&order=date.desc&limit=300 "HTTP/2 200 OK"
2026-06-19 18:32:03 [INFO] httpx: HTTP Request: GET https://gfcmaxbtscmizsakarvc.supabase.co/rest/v1/stock_prices?select=date%2Copen%2Chigh%2Clow%2Cclose%2Cvolume&symbol=eq.HDBK.EGX&order=date.desc&limit=300 "HTTP/2 200 OK"
2026-06-19 18:32:03 [INFO] httpx: HTTP Request: GET https://gfcmaxbtscmizsakarvc.supabase.co/rest/v1/stock_prices?select=date%2Copen%2Chigh%2Clow%2Cclose%2Cvolume&symbol=eq.GOCO.EGX&order=date.desc&limit=300 "HTTP/2 200 OK"
2026-06-19 18:32:03 [INFO] httpx: HTTP Request: GET https://gfcmaxbtscmizsakarvc.supabase.co/rest/v1/stock_prices?select=date%2Copen%2Chigh%2Clow%2Cclose%2Cvolume&symbol=eq.GRCA.EGX&order=date.desc&limit=300 "HTTP/2 200 OK"
2026-06-19 18:32:03 [INFO] httpx: HTTP Request: GET https://gfcmaxbtscmizsakarvc.supabase.co/rest/v1/stock_prices?select=date%2Copen%2Chigh%2Clow%2Cclose%2Cvolume&symbol=eq.GPPL.EGX&order=date.desc&limit=300 "HTTP/2 200 OK"
2026-06-19 18:32:03 [INFO] httpx: HTTP Request: GET https://gfcmaxbtscmizsakarvc.supabase.co/rest/v1/stock_prices?select=date%2Copen%2Chigh%2Clow%2Cclose%2Cvolume&symbol=eq.GSSC.EGX&order=date.desc&limit=300 "HTTP/2 200 OK"
2026-06-19 18:32:03 [INFO] httpx: HTTP Request: GET https://gfcmaxbtscmizsakarvc.supabase.co/rest/v1/stock_prices?select=date%2Copen%2Chigh%2Clow%2Cclose%2Cvolume&symbol=eq.GTEX.EGX&order=date.desc&limit=300 "HTTP/2 200 OK"
2026-06-19 18:32:03 [INFO] httpx: HTTP Request: GET https://gfcmaxbtscmizsakarvc.supabase.co/rest/v1/stock_prices?select=date%2Copen%2Chigh%2Clow%2Cclose%2Cvolume&symbol=eq.HRHO.EGX&order=date.desc&limit=300 "HTTP/2 200 OK"
2026-06-19 18:32:03 [INFO] httpx: HTTP Request: GET https://gfcmaxbtscmizsakarvc.supabase.co/rest/v1/stock_prices?select=date%2Copen%2Chigh%2Clow%2Cclose%2Cvolume&symbol=eq.GTHE.EGX&order=date.desc&limit=300 "HTTP/2 200 OK"
2026-06-19 18:32:03 [INFO] httpx: HTTP Request: GET https://gfcmaxbtscmizsakarvc.supabase.co/rest/v1/stock_prices?select=date%2Copen%2Chigh%2Clow%2Cclose%2Cvolume&symbol=eq.GTWL.EGX&order=date.desc&limit=300 "HTTP/2 200 OK"
2026-06-19 18:32:03 [INFO] httpx: HTTP Request: GET https://gfcmaxbtscmizsakarvc.supabase.co/rest/v1/stock_prices?select=date%2Copen%2Chigh%2Clow%2Cclose%2Cvolume&symbol=eq.HELI.EGX&order=date.desc&limit=300 "HTTP/2 200 OK"
2026-06-19 18:32:03 [INFO] httpx: HTTP Request: GET https://gfcmaxbtscmizsakarvc.supabase.co/rest/v1/stock_prices?select=date%2Copen%2Chigh%2Clow%2Cclose%2Cvolume&symbol=eq.ICAL.EGX&order=date.desc&limit=300 "HTTP/2 200 OK"
2026-06-19 18:32:03 [INFO] httpx: HTTP Request: GET https://gfcmaxbtscmizsakarvc.supabase.co/rest/v1/stock_prices?select=date%2Copen%2Chigh%2Clow%2Cclose%2Cvolume&symbol=eq.IDHC.EGX&order=date.desc&limit=300 "HTTP/2 200 OK"
2026-06-19 18:32:03 [INFO] httpx: HTTP Request: GET https://gfcmaxbtscmizsakarvc.supabase.co/rest/v1/stock_prices?select=date%2Copen%2Chigh%2Clow%2Cclose%2Cvolume&symbol=eq.ICFC.EGX&order=date.desc&limit=300 "HTTP/2 200 OK"
2026-06-19 18:32:03 [INFO] httpx: HTTP Request: GET https://gfcmaxbtscmizsakarvc.supabase.co/rest/v1/stock_prices?select=date%2Copen%2Chigh%2Clow%2Cclose%2Cvolume&symbol=eq.ICLE.EGX&order=date.desc&limit=300 "HTTP/2 200 OK"
2026-06-19 18:32:03 [INFO] httpx: HTTP Request: GET https://gfcmaxbtscmizsakarvc.supabase.co/rest/v1/stock_prices?select=date%2Copen%2Chigh%2Clow%2Cclose%2Cvolume&symbol=eq.IEEC.EGX&order=date.desc&limit=300 "HTTP/2 200 OK"
2026-06-19 18:32:03 [INFO] httpx: HTTP Request: GET https://gfcmaxbtscmizsakarvc.supabase.co/rest/v1/stock_prices?select=date%2Copen%2Chigh%2Clow%2Cclose%2Cvolume&symbol=eq.INFI.EGX&order=date.desc&limit=300 "HTTP/2 200 OK"
2026-06-19 18:32:03 [INFO] httpx: HTTP Request: GET https://gfcmaxbtscmizsakarvc.supabase.co/rest/v1/stock_prices?select=date%2Copen%2Chigh%2Clow%2Cclose%2Cvolume&symbol=eq.ISMQ.EGX&order=date.desc&limit=300 "HTTP/2 200 OK"
2026-06-19 18:32:03 [INFO] httpx: HTTP Request: GET https://gfcmaxbtscmizsakarvc.supabase.co/rest/v1/stock_prices?select=date%2Copen%2Chigh%2Clow%2Cclose%2Cvolume&symbol=eq.ISMA.EGX&order=date.desc&limit=300 "HTTP/2 200 OK"
2026-06-19 18:32:03 [INFO] httpx: HTTP Request: GET https://gfcmaxbtscmizsakarvc.supabase.co/rest/v1/stock_prices?select=date%2Copen%2Chigh%2Clow%2Cclose%2Cvolume&symbol=eq.IDRE.EGX&order=date.desc&limit=300 "HTTP/2 200 OK"
2026-06-19 18:32:03 [INFO] httpx: HTTP Request: GET https://gfcmaxbtscmizsakarvc.supabase.co/rest/v1/stock_prices?select=date%2Copen%2Chigh%2Clow%2Cclose%2Cvolume&symbol=eq.IPPM.EGX&order=date.desc&limit=300 "HTTP/2 200 OK"
2026-06-19 18:32:03 [INFO] httpx: HTTP Request: GET https://gfcmaxbtscmizsakarvc.supabase.co/rest/v1/stock_prices?select=date%2Copen%2Chigh%2Clow%2Cclose%2Cvolume&symbol=eq.IFAP.EGX&order=date.desc&limit=300 "HTTP/2 200 OK"
2026-06-19 18:32:03 [INFO] httpx: HTTP Request: GET https://gfcmaxbtscmizsakarvc.supabase.co/rest/v1/stock_prices?select=date%2Copen%2Chigh%2Clow%2Cclose%2Cvolume&symbol=eq.ICID.EGX&order=date.desc&limit=300 "HTTP/2 200 OK"
2026-06-19 18:32:03 [INFO] httpx: HTTP Request: GET https://gfcmaxbtscmizsakarvc.supabase.co/rest/v1/stock_prices?select=date%2Copen%2Chigh%2Clow%2Cclose%2Cvolume&symbol=eq.IRON.EGX&order=date.desc&limit=300 "HTTP/2 200 OK"
2026-06-19 18:32:03 [INFO] httpx: HTTP Request: GET https://gfcmaxbtscmizsakarvc.supabase.co/rest/v1/stock_prices?select=date%2Copen%2Chigh%2Clow%2Cclose%2Cvolume&symbol=eq.JUFO.EGX&order=date.desc&limit=300 "HTTP/2 200 OK"
2026-06-19 18:32:03 [INFO] httpx: HTTP Request: GET https://gfcmaxbtscmizsakarvc.supabase.co/rest/v1/stock_prices?select=date%2Copen%2Chigh%2Clow%2Cclose%2Cvolume&symbol=eq.ISPH.EGX&order=date.desc&limit=300 "HTTP/2 200 OK"
2026-06-19 18:32:03 [INFO] httpx: HTTP Request: GET https://gfcmaxbtscmizsakarvc.supabase.co/rest/v1/stock_prices?select=date%2Copen%2Chigh%2Clow%2Cclose%2Cvolume&symbol=eq.IRAX.EGX&order=date.desc&limit=300 "HTTP/2 200 OK"
2026-06-19 18:32:04 [INFO] httpx: HTTP Request: GET https://gfcmaxbtscmizsakarvc.supabase.co/rest/v1/stock_prices?select=date%2Copen%2Chigh%2Clow%2Cclose%2Cvolume&symbol=eq.MBSC.EGX&order=date.desc&limit=300 "HTTP/2 200 OK"
2026-06-19 18:32:04 [INFO] httpx: HTTP Request: GET https://gfcmaxbtscmizsakarvc.supabase.co/rest/v1/stock_prices?select=date%2Copen%2Chigh%2Clow%2Cclose%2Cvolume&symbol=eq.KWIN.EGX&order=date.desc&limit=300 "HTTP/2 200 OK"
2026-06-19 18:32:04 [INFO] httpx: HTTP Request: GET https://gfcmaxbtscmizsakarvc.supabase.co/rest/v1/stock_prices?select=date%2Copen%2Chigh%2Clow%2Cclose%2Cvolume&symbol=eq.KRDI.EGX&order=date.desc&limit=300 "HTTP/2 200 OK"
2026-06-19 18:32:04 [INFO] httpx: HTTP Request: GET https://gfcmaxbtscmizsakarvc.supabase.co/rest/v1/stock_prices?select=date%2Copen%2Chigh%2Clow%2Cclose%2Cvolume&symbol=eq.KASABF.EGX&order=date.desc&limit=300 "HTTP/2 200 OK"
2026-06-19 18:32:04 [INFO] httpx: HTTP Request: GET https://gfcmaxbtscmizsakarvc.supabase.co/rest/v1/stock_prices?select=date%2Copen%2Chigh%2Clow%2Cclose%2Cvolume&symbol=eq.KZPC.EGX&order=date.desc&limit=300 "HTTP/2 200 OK"
2026-06-19 18:32:04 [INFO] httpx: HTTP Request: GET https://gfcmaxbtscmizsakarvc.supabase.co/rest/v1/stock_prices?select=date%2Copen%2Chigh%2Clow%2Cclose%2Cvolume&symbol=eq.LUTS.EGX&order=date.desc&limit=300 "HTTP/2 200 OK"
2026-06-19 18:32:04 [INFO] httpx: HTTP Request: GET https://gfcmaxbtscmizsakarvc.supabase.co/rest/v1/stock_prices?select=date%2Copen%2Chigh%2Clow%2Cclose%2Cvolume&symbol=eq.MASR.EGX&order=date.desc&limit=300 "HTTP/2 200 OK"
2026-06-19 18:32:04 [INFO] httpx: HTTP Request: GET https://gfcmaxbtscmizsakarvc.supabase.co/rest/v1/stock_prices?select=date%2Copen%2Chigh%2Clow%2Cclose%2Cvolume&symbol=eq.MATD.EGX&order=date.desc&limit=300 "HTTP/2 200 OK"
2026-06-19 18:32:04 [INFO] httpx: HTTP Request: GET https://gfcmaxbtscmizsakarvc.supabase.co/rest/v1/stock_prices?select=date%2Copen%2Chigh%2Clow%2Cclose%2Cvolume&symbol=eq.MBEG.EGX&order=date.desc&limit=300 "HTTP/2 200 OK"
2026-06-19 18:32:04 [INFO] httpx: HTTP Request: GET https://gfcmaxbtscmizsakarvc.supabase.co/rest/v1/stock_prices?select=date%2Copen%2Chigh%2Clow%2Cclose%2Cvolume&symbol=eq.LCSW.EGX&order=date.desc&limit=300 "HTTP/2 200 OK"
2026-06-19 18:32:04 [INFO] httpx: HTTP Request: GET https://gfcmaxbtscmizsakarvc.supabase.co/rest/v1/stock_prices?select=date%2Copen%2Chigh%2Clow%2Cclose%2Cvolume&symbol=eq.MEDP.EGX&order=date.desc&limit=300 "HTTP/2 200 OK"
2026-06-19 18:32:04 [INFO] httpx: HTTP Request: GET https://gfcmaxbtscmizsakarvc.supabase.co/rest/v1/stock_prices?select=date%2Copen%2Chigh%2Clow%2Cclose%2Cvolume&symbol=eq.KABO.EGX&order=date.desc&limit=300 "HTTP/2 200 OK"
2026-06-19 18:32:04 [INFO] httpx: HTTP Request: GET https://gfcmaxbtscmizsakarvc.supabase.co/rest/v1/stock_prices?select=date%2Copen%2Chigh%2Clow%2Cclose%2Cvolume&symbol=eq.MCQE.EGX&order=date.desc&limit=300 "HTTP/2 200 OK"
2026-06-19 18:32:04 [INFO] httpx: HTTP Request: GET https://gfcmaxbtscmizsakarvc.supabase.co/rest/v1/stock_prices?select=date%2Copen%2Chigh%2Clow%2Cclose%2Cvolume&symbol=eq.MCRO.EGX&order=date.desc&limit=300 "HTTP/2 200 OK"
2026-06-19 18:32:04 [INFO] httpx: HTTP Request: GET https://gfcmaxbtscmizsakarvc.supabase.co/rest/v1/stock_prices?select=date%2Copen%2Chigh%2Clow%2Cclose%2Cvolume&symbol=eq.MAAL.EGX&order=date.desc&limit=300 "HTTP/2 200 OK"
2026-06-19 18:32:04 [INFO] httpx: HTTP Request: GET https://gfcmaxbtscmizsakarvc.supabase.co/rest/v1/stock_prices?select=date%2Copen%2Chigh%2Clow%2Cclose%2Cvolume&symbol=eq.MEPA.EGX&order=date.desc&limit=300 "HTTP/2 200 OK"
2026-06-19 18:32:04 [INFO] httpx: HTTP Request: GET https://gfcmaxbtscmizsakarvc.supabase.co/rest/v1/stock_prices?select=date%2Copen%2Chigh%2Clow%2Cclose%2Cvolume&symbol=eq.MEGM.EGX&order=date.desc&limit=300 "HTTP/2 200 OK"
2026-06-19 18:32:04 [INFO] httpx: HTTP Request: GET https://gfcmaxbtscmizsakarvc.supabase.co/rest/v1/stock_prices?select=date%2Copen%2Chigh%2Clow%2Cclose%2Cvolume&symbol=eq.MFSC.EGX&order=date.desc&limit=300 "HTTP/2 200 OK"
2026-06-19 18:32:04 [INFO] httpx: HTTP Request: GET https://gfcmaxbtscmizsakarvc.supabase.co/rest/v1/stock_prices?select=date%2Copen%2Chigh%2Clow%2Cclose%2Cvolume&symbol=eq.MILS.EGX&order=date.desc&limit=300 "HTTP/2 200 OK"
2026-06-19 18:32:04 [INFO] httpx: HTTP Request: GET https://gfcmaxbtscmizsakarvc.supabase.co/rest/v1/stock_prices?select=date%2Copen%2Chigh%2Clow%2Cclose%2Cvolume&symbol=eq.MIPH.EGX&order=date.desc&limit=300 "HTTP/2 200 OK"
2026-06-19 18:32:04 [INFO] httpx: HTTP Request: GET https://gfcmaxbtscmizsakarvc.supabase.co/rest/v1/stock_prices?select=date%2Copen%2Chigh%2Clow%2Cclose%2Cvolume&symbol=eq.MPCI.EGX&order=date.desc&limit=300 "HTTP/2 200 OK"
2026-06-19 18:32:04 [INFO] httpx: HTTP Request: GET https://gfcmaxbtscmizsakarvc.supabase.co/rest/v1/stock_prices?select=date%2Copen%2Chigh%2Clow%2Cclose%2Cvolume&symbol=eq.MFPC.EGX&order=date.desc&limit=300 "HTTP/2 200 OK"
2026-06-19 18:32:04 [INFO] httpx: HTTP Request: GET https://gfcmaxbtscmizsakarvc.supabase.co/rest/v1/stock_prices?select=date%2Copen%2Chigh%2Clow%2Cclose%2Cvolume&symbol=eq.MOIN.EGX&order=date.desc&limit=300 "HTTP/2 200 OK"
2026-06-19 18:32:04 [INFO] httpx: HTTP Request: GET https://gfcmaxbtscmizsakarvc.supabase.co/rest/v1/stock_prices?select=date%2Copen%2Chigh%2Clow%2Cclose%2Cvolume&symbol=eq.MENA.EGX&order=date.desc&limit=300 "HTTP/2 200 OK"
2026-06-19 18:32:04 [INFO] httpx: HTTP Request: GET https://gfcmaxbtscmizsakarvc.supabase.co/rest/v1/stock_prices?select=date%2Copen%2Chigh%2Clow%2Cclose%2Cvolume&symbol=eq.MHOT.EGX&order=date.desc&limit=300 "HTTP/2 200 OK"
2026-06-19 18:32:04 [INFO] httpx: HTTP Request: GET https://gfcmaxbtscmizsakarvc.supabase.co/rest/v1/stock_prices?select=date%2Copen%2Chigh%2Clow%2Cclose%2Cvolume&symbol=eq.MFIN.EGX&order=date.desc&limit=300 "HTTP/2 200 OK"
2026-06-19 18:32:04 [INFO] httpx: HTTP Request: GET https://gfcmaxbtscmizsakarvc.supabase.co/rest/v1/stock_prices?select=date%2Copen%2Chigh%2Clow%2Cclose%2Cvolume&symbol=eq.MICH.EGX&order=date.desc&limit=300 "HTTP/2 200 OK"
2026-06-19 18:32:04 [INFO] httpx: HTTP Request: GET https://gfcmaxbtscmizsakarvc.supabase.co/rest/v1/stock_prices?select=date%2Copen%2Chigh%2Clow%2Cclose%2Cvolume&symbol=eq.MOIL.EGX&order=date.desc&limit=300 "HTTP/2 200 OK"
2026-06-19 18:32:04 [INFO] httpx: HTTP Request: GET https://gfcmaxbtscmizsakarvc.supabase.co/rest/v1/stock_prices?select=date%2Copen%2Chigh%2Clow%2Cclose%2Cvolume&symbol=eq.MOSC.EGX&order=date.desc&limit=300 "HTTP/2 200 OK"
2026-06-19 18:32:04 [INFO] httpx: HTTP Request: GET https://gfcmaxbtscmizsakarvc.supabase.co/rest/v1/stock_prices?select=date%2Copen%2Chigh%2Clow%2Cclose%2Cvolume&symbol=eq.MOED.EGX&order=date.desc&limit=300 "HTTP/2 200 OK"
2026-06-19 18:32:04 [INFO] httpx: HTTP Request: GET https://gfcmaxbtscmizsakarvc.supabase.co/rest/v1/stock_prices?select=date%2Copen%2Chigh%2Clow%2Cclose%2Cvolume&symbol=eq.MRCO.EGX&order=date.desc&limit=300 "HTTP/2 200 OK"
2026-06-19 18:32:04 [INFO] httpx: HTTP Request: GET https://gfcmaxbtscmizsakarvc.supabase.co/rest/v1/stock_prices?select=date%2Copen%2Chigh%2Clow%2Cclose%2Cvolume&symbol=eq.MPCO.EGX&order=date.desc&limit=300 "HTTP/2 200 OK"
2026-06-19 18:32:04 [INFO] httpx: HTTP Request: GET https://gfcmaxbtscmizsakarvc.supabase.co/rest/v1/stock_prices?select=date%2Copen%2Chigh%2Clow%2Cclose%2Cvolume&symbol=eq.MTIE.EGX&order=date.desc&limit=300 "HTTP/2 200 OK"
2026-06-19 18:32:04 [INFO] httpx: HTTP Request: GET https://gfcmaxbtscmizsakarvc.supabase.co/rest/v1/stock_prices?select=date%2Copen%2Chigh%2Clow%2Cclose%2Cvolume&symbol=eq.NAHO.EGX&order=date.desc&limit=300 "HTTP/2 200 OK"
2026-06-19 18:32:04 [INFO] httpx: HTTP Request: GET https://gfcmaxbtscmizsakarvc.supabase.co/rest/v1/stock_prices?select=date%2Copen%2Chigh%2Clow%2Cclose%2Cvolume&symbol=eq.NARE.EGX&order=date.desc&limit=300 "HTTP/2 200 OK"
2026-06-19 18:32:04 [INFO] httpx: HTTP Request: GET https://gfcmaxbtscmizsakarvc.supabase.co/rest/v1/stock_prices?select=date%2Copen%2Chigh%2Clow%2Cclose%2Cvolume&symbol=eq.NBKE.EGX&order=date.desc&limit=300 "HTTP/2 200 OK"
2026-06-19 18:32:04 [INFO] httpx: HTTP Request: GET https://gfcmaxbtscmizsakarvc.supabase.co/rest/v1/stock_prices?select=date%2Copen%2Chigh%2Clow%2Cclose%2Cvolume&symbol=eq.MPRC.EGX&order=date.desc&limit=300 "HTTP/2 200 OK"
2026-06-19 18:32:04 [INFO] httpx: HTTP Request: GET https://gfcmaxbtscmizsakarvc.supabase.co/rest/v1/stock_prices?select=date%2Copen%2Chigh%2Clow%2Cclose%2Cvolume&symbol=eq.NAPR.EGX&order=date.desc&limit=300 "HTTP/2 200 OK"
2026-06-19 18:32:05 [INFO] httpx: HTTP Request: GET https://gfcmaxbtscmizsakarvc.supabase.co/rest/v1/stock_prices?select=date%2Copen%2Chigh%2Clow%2Cclose%2Cvolume&symbol=eq.NIPH.EGX&order=date.desc&limit=300 "HTTP/2 200 OK"
2026-06-19 18:32:05 [INFO] httpx: HTTP Request: GET https://gfcmaxbtscmizsakarvc.supabase.co/rest/v1/stock_prices?select=date%2Copen%2Chigh%2Clow%2Cclose%2Cvolume&symbol=eq.NOAF.EGX&order=date.desc&limit=300 "HTTP/2 200 OK"
2026-06-19 18:32:05 [INFO] httpx: HTTP Request: GET https://gfcmaxbtscmizsakarvc.supabase.co/rest/v1/stock_prices?select=date%2Copen%2Chigh%2Clow%2Cclose%2Cvolume&symbol=eq.OCPH.EGX&order=date.desc&limit=300 "HTTP/2 200 OK"
2026-06-19 18:32:05 [INFO] httpx: HTTP Request: GET https://gfcmaxbtscmizsakarvc.supabase.co/rest/v1/stock_prices?select=date%2Copen%2Chigh%2Clow%2Cclose%2Cvolume&symbol=eq.OFH.EGX&order=date.desc&limit=300 "HTTP/2 200 OK"
2026-06-19 18:32:05 [INFO] httpx: HTTP Request: GET https://gfcmaxbtscmizsakarvc.supabase.co/rest/v1/stock_prices?select=date%2Copen%2Chigh%2Clow%2Cclose%2Cvolume&symbol=eq.ORMT.EGX&order=date.desc&limit=300 "HTTP/2 200 OK"
2026-06-19 18:32:05 [INFO] httpx: HTTP Request: GET https://gfcmaxbtscmizsakarvc.supabase.co/rest/v1/stock_prices?select=date%2Copen%2Chigh%2Clow%2Cclose%2Cvolume&symbol=eq.ODID.EGX&order=date.desc&limit=300 "HTTP/2 200 OK"
2026-06-19 18:32:05 [INFO] httpx: HTTP Request: GET https://gfcmaxbtscmizsakarvc.supabase.co/rest/v1/stock_prices?select=date%2Copen%2Chigh%2Clow%2Cclose%2Cvolume&symbol=eq.ODIN.EGX&order=date.desc&limit=300 "HTTP/2 200 OK"
2026-06-19 18:32:05 [INFO] httpx: HTTP Request: GET https://gfcmaxbtscmizsakarvc.supabase.co/rest/v1/stock_prices?select=date%2Copen%2Chigh%2Clow%2Cclose%2Cvolume&symbol=eq.OCDI.EGX&order=date.desc&limit=300 "HTTP/2 200 OK"
2026-06-19 18:32:05 [INFO] httpx: HTTP Request: GET https://gfcmaxbtscmizsakarvc.supabase.co/rest/v1/stock_prices?select=date%2Copen%2Chigh%2Clow%2Cclose%2Cvolume&symbol=eq.ODHN.EGX&order=date.desc&limit=300 "HTTP/2 200 OK"
2026-06-19 18:32:05 [INFO] httpx: HTTP Request: GET https://gfcmaxbtscmizsakarvc.supabase.co/rest/v1/stock_prices?select=date%2Copen%2Chigh%2Clow%2Cclose%2Cvolume&symbol=eq.ORAS.EGX&order=date.desc&limit=300 "HTTP/2 200 OK"
2026-06-19 18:32:05 [INFO] httpx: HTTP Request: GET https://gfcmaxbtscmizsakarvc.supabase.co/rest/v1/stock_prices?select=date%2Copen%2Chigh%2Clow%2Cclose%2Cvolume&symbol=eq.OIH.EGX&order=date.desc&limit=300 "HTTP/2 200 OK"
2026-06-19 18:32:05 [INFO] httpx: HTTP Request: GET https://gfcmaxbtscmizsakarvc.supabase.co/rest/v1/stock_prices?select=date%2Copen%2Chigh%2Clow%2Cclose%2Cvolume&symbol=eq.OREG.EGX&order=date.desc&limit=300 "HTTP/2 200 OK"
2026-06-19 18:32:05 [INFO] httpx: HTTP Request: GET https://gfcmaxbtscmizsakarvc.supabase.co/rest/v1/stock_prices?select=date%2Copen%2Chigh%2Clow%2Cclose%2Cvolume&symbol=eq.NULL.EGX&order=date.desc&limit=300 "HTTP/2 200 OK"
2026-06-19 18:32:05 [INFO] httpx: HTTP Request: GET https://gfcmaxbtscmizsakarvc.supabase.co/rest/v1/stock_prices?select=date%2Copen%2Chigh%2Clow%2Cclose%2Cvolume&symbol=eq.OBRI.EGX&order=date.desc&limit=300 "HTTP/2 200 OK"
2026-06-19 18:32:05 [INFO] httpx: HTTP Request: GET https://gfcmaxbtscmizsakarvc.supabase.co/rest/v1/stock_prices?select=date%2Copen%2Chigh%2Clow%2Cclose%2Cvolume&symbol=eq.ORHD.EGX&order=date.desc&limit=300 "HTTP/2 200 OK"
2026-06-19 18:32:05 [INFO] httpx: HTTP Request: GET https://gfcmaxbtscmizsakarvc.supabase.co/rest/v1/stock_prices?select=date%2Copen%2Chigh%2Clow%2Cclose%2Cvolume&symbol=eq.OLFI.EGX&order=date.desc&limit=300 "HTTP/2 200 OK"
2026-06-19 18:32:05 [INFO] httpx: HTTP Request: GET https://gfcmaxbtscmizsakarvc.supabase.co/rest/v1/stock_prices?select=date%2Copen%2Chigh%2Clow%2Cclose%2Cvolume&symbol=eq.PHAR.EGX&order=date.desc&limit=300 "HTTP/2 200 OK"
2026-06-19 18:32:05 [INFO] httpx: HTTP Request: GET https://gfcmaxbtscmizsakarvc.supabase.co/rest/v1/stock_prices?select=date%2Copen%2Chigh%2Clow%2Cclose%2Cvolume&symbol=eq.PHDC.EGX&order=date.desc&limit=300 "HTTP/2 200 OK"
2026-06-19 18:32:05 [INFO] httpx: HTTP Request: GET https://gfcmaxbtscmizsakarvc.supabase.co/rest/v1/stock_prices?select=date%2Copen%2Chigh%2Clow%2Cclose%2Cvolume&symbol=eq.QNBE.EGX&order=date.desc&limit=300 "HTTP/2 200 OK"
2026-06-19 18:32:05 [INFO] httpx: HTTP Request: GET https://gfcmaxbtscmizsakarvc.supabase.co/rest/v1/stock_prices?select=date%2Copen%2Chigh%2Clow%2Cclose%2Cvolume&symbol=eq.ORWE.EGX&order=date.desc&limit=300 "HTTP/2 200 OK"
2026-06-19 18:32:05 [INFO] httpx: HTTP Request: GET https://gfcmaxbtscmizsakarvc.supabase.co/rest/v1/stock_prices?select=date%2Copen%2Chigh%2Clow%2Cclose%2Cvolume&symbol=eq.PACH.EGX&order=date.desc&limit=300 "HTTP/2 200 OK"
2026-06-19 18:32:05 [INFO] httpx: HTTP Request: GET https://gfcmaxbtscmizsakarvc.supabase.co/rest/v1/stock_prices?select=date%2Copen%2Chigh%2Clow%2Cclose%2Cvolume&symbol=eq.PHGC.EGX&order=date.desc&limit=300 "HTTP/2 200 OK"
2026-06-19 18:32:05 [INFO] httpx: HTTP Request: GET https://gfcmaxbtscmizsakarvc.supabase.co/rest/v1/stock_prices?select=date%2Copen%2Chigh%2Clow%2Cclose%2Cvolume&symbol=eq.QNBA.EGX&order=date.desc&limit=300 "HTTP/2 200 OK"
2026-06-19 18:32:05 [INFO] httpx: HTTP Request: GET https://gfcmaxbtscmizsakarvc.supabase.co/rest/v1/stock_prices?select=date%2Copen%2Chigh%2Clow%2Cclose%2Cvolume&symbol=eq.RACC.EGX&order=date.desc&limit=300 "HTTP/2 200 OK"
2026-06-19 18:32:05 [INFO] httpx: HTTP Request: GET https://gfcmaxbtscmizsakarvc.supabase.co/rest/v1/stock_prices?select=date%2Copen%2Chigh%2Clow%2Cclose%2Cvolume&symbol=eq.RAKT.EGX&order=date.desc&limit=300 "HTTP/2 200 OK"
2026-06-19 18:32:05 [INFO] httpx: HTTP Request: GET https://gfcmaxbtscmizsakarvc.supabase.co/rest/v1/stock_prices?select=date%2Copen%2Chigh%2Clow%2Cclose%2Cvolume&symbol=eq.PIOH.EGX&order=date.desc&limit=300 "HTTP/2 200 OK"
2026-06-19 18:32:05 [INFO] httpx: HTTP Request: GET https://gfcmaxbtscmizsakarvc.supabase.co/rest/v1/stock_prices?select=date%2Copen%2Chigh%2Clow%2Cclose%2Cvolume&symbol=eq.POUL.EGX&order=date.desc&limit=300 "HTTP/2 200 OK"
2026-06-19 18:32:05 [INFO] httpx: HTTP Request: GET https://gfcmaxbtscmizsakarvc.supabase.co/rest/v1/stock_prices?select=date%2Copen%2Chigh%2Clow%2Cclose%2Cvolume&symbol=eq.PRDC.EGX&order=date.desc&limit=300 "HTTP/2 200 OK"
2026-06-19 18:32:05 [INFO] httpx: HTTP Request: GET https://gfcmaxbtscmizsakarvc.supabase.co/rest/v1/stock_prices?select=date%2Copen%2Chigh%2Clow%2Cclose%2Cvolume&symbol=eq.PHTV.EGX&order=date.desc&limit=300 "HTTP/2 200 OK"
2026-06-19 18:32:05 [INFO] httpx: HTTP Request: GET https://gfcmaxbtscmizsakarvc.supabase.co/rest/v1/stock_prices?select=date%2Copen%2Chigh%2Clow%2Cclose%2Cvolume&symbol=eq.PRCL.EGX&order=date.desc&limit=300 "HTTP/2 200 OK"
2026-06-19 18:32:05 [INFO] httpx: HTTP Request: GET https://gfcmaxbtscmizsakarvc.supabase.co/rest/v1/stock_prices?select=date%2Copen%2Chigh%2Clow%2Cclose%2Cvolume&symbol=eq.PRMH.EGX&order=date.desc&limit=300 "HTTP/2 200 OK"
2026-06-19 18:32:05 [INFO] httpx: HTTP Request: GET https://gfcmaxbtscmizsakarvc.supabase.co/rest/v1/stock_prices?select=date%2Copen%2Chigh%2Clow%2Cclose%2Cvolume&symbol=eq.ROTO.EGX&order=date.desc&limit=300 "HTTP/2 200 OK"
2026-06-19 18:32:05 [INFO] httpx: HTTP Request: GET https://gfcmaxbtscmizsakarvc.supabase.co/rest/v1/stock_prices?select=date%2Copen%2Chigh%2Clow%2Cclose%2Cvolume&symbol=eq.RAYA.EGX&order=date.desc&limit=300 "HTTP/2 200 OK"
2026-06-19 18:32:05 [INFO] httpx: HTTP Request: GET https://gfcmaxbtscmizsakarvc.supabase.co/rest/v1/stock_prices?select=date%2Copen%2Chigh%2Clow%2Cclose%2Cvolume&symbol=eq.RREI.EGX&order=date.desc&limit=300 "HTTP/2 200 OK"
2026-06-19 18:32:05 [INFO] httpx: HTTP Request: GET https://gfcmaxbtscmizsakarvc.supabase.co/rest/v1/stock_prices?select=date%2Copen%2Chigh%2Clow%2Cclose%2Cvolume&symbol=eq.RMDA.EGX&order=date.desc&limit=300 "HTTP/2 200 OK"
2026-06-19 18:32:05 [INFO] httpx: HTTP Request: GET https://gfcmaxbtscmizsakarvc.supabase.co/rest/v1/stock_prices?select=date%2Copen%2Chigh%2Clow%2Cclose%2Cvolume&symbol=eq.RMTV.EGX&order=date.desc&limit=300 "HTTP/2 200 OK"
2026-06-19 18:32:05 [INFO] httpx: HTTP Request: GET https://gfcmaxbtscmizsakarvc.supabase.co/rest/v1/stock_prices?select=date%2Copen%2Chigh%2Clow%2Cclose%2Cvolume&symbol=eq.SBAG.EGX&order=date.desc&limit=300 "HTTP/2 200 OK"
2026-06-19 18:32:05 [INFO] httpx: HTTP Request: GET https://gfcmaxbtscmizsakarvc.supabase.co/rest/v1/stock_prices?select=date%2Copen%2Chigh%2Clow%2Cclose%2Cvolume&symbol=eq.RTVC.EGX&order=date.desc&limit=300 "HTTP/2 200 OK"
2026-06-19 18:32:05 [INFO] httpx: HTTP Request: GET https://gfcmaxbtscmizsakarvc.supabase.co/rest/v1/stock_prices?select=date%2Copen%2Chigh%2Clow%2Cclose%2Cvolume&symbol=eq.SAIB.EGX&order=date.desc&limit=300 "HTTP/2 200 OK"
2026-06-19 18:32:05 [INFO] httpx: HTTP Request: GET https://gfcmaxbtscmizsakarvc.supabase.co/rest/v1/stock_prices?select=date%2Copen%2Chigh%2Clow%2Cclose%2Cvolume&symbol=eq.SAUD.EGX&order=date.desc&limit=300 "HTTP/2 200 OK"
2026-06-19 18:32:05 [INFO] httpx: HTTP Request: GET https://gfcmaxbtscmizsakarvc.supabase.co/rest/v1/stock_prices?select=date%2Copen%2Chigh%2Clow%2Cclose%2Cvolume&symbol=eq.SEIG.EGX&order=date.desc&limit=300 "HTTP/2 200 OK"
2026-06-19 18:32:05 [INFO] httpx: HTTP Request: GET https://gfcmaxbtscmizsakarvc.supabase.co/rest/v1/stock_prices?select=date%2Copen%2Chigh%2Clow%2Cclose%2Cvolume&symbol=eq.RUBX.EGX&order=date.desc&limit=300 "HTTP/2 200 OK"
2026-06-19 18:32:05 [INFO] httpx: HTTP Request: GET https://gfcmaxbtscmizsakarvc.supabase.co/rest/v1/stock_prices?select=date%2Copen%2Chigh%2Clow%2Cclose%2Cvolume&symbol=eq.SCTS.EGX&order=date.desc&limit=300 "HTTP/2 200 OK"
2026-06-19 18:32:05 [INFO] httpx: HTTP Request: GET https://gfcmaxbtscmizsakarvc.supabase.co/rest/v1/stock_prices?select=date%2Copen%2Chigh%2Clow%2Cclose%2Cvolume&symbol=eq.SCFM.EGX&order=date.desc&limit=300 "HTTP/2 200 OK"
2026-06-19 18:32:05 [INFO] httpx: HTTP Request: GET https://gfcmaxbtscmizsakarvc.supabase.co/rest/v1/stock_prices?select=date%2Copen%2Chigh%2Clow%2Cclose%2Cvolume&symbol=eq.SDTI.EGX&order=date.desc&limit=300 "HTTP/2 200 OK"
2026-06-19 18:32:05 [INFO] httpx: HTTP Request: GET https://gfcmaxbtscmizsakarvc.supabase.co/rest/v1/stock_prices?select=date%2Copen%2Chigh%2Clow%2Cclose%2Cvolume&symbol=eq.SCEM.EGX&order=date.desc&limit=300 "HTTP/2 200 OK"
2026-06-19 18:32:05 [INFO] httpx: HTTP Request: GET https://gfcmaxbtscmizsakarvc.supabase.co/rest/v1/stock_prices?select=date%2Copen%2Chigh%2Clow%2Cclose%2Cvolume&symbol=eq.SKPC.EGX&order=date.desc&limit=300 "HTTP/2 200 OK"
2026-06-19 18:32:05 [INFO] httpx: HTTP Request: GET https://gfcmaxbtscmizsakarvc.supabase.co/rest/v1/stock_prices?select=date%2Copen%2Chigh%2Clow%2Cclose%2Cvolume&symbol=eq.SMCS.EGX&order=date.desc&limit=300 "HTTP/2 200 OK"
2026-06-19 18:32:05 [INFO] httpx: HTTP Request: GET https://gfcmaxbtscmizsakarvc.supabase.co/rest/v1/stock_prices?select=date%2Copen%2Chigh%2Clow%2Cclose%2Cvolume&symbol=eq.SIPC.EGX&order=date.desc&limit=300 "HTTP/2 200 OK"
2026-06-19 18:32:05 [INFO] httpx: HTTP Request: GET https://gfcmaxbtscmizsakarvc.supabase.co/rest/v1/stock_prices?select=date%2Copen%2Chigh%2Clow%2Cclose%2Cvolume&symbol=eq.SMCSA.EGX&order=date.desc&limit=300 "HTTP/2 200 OK"
2026-06-19 18:32:05 [INFO] httpx: HTTP Request: GET https://gfcmaxbtscmizsakarvc.supabase.co/rest/v1/stock_prices?select=date%2Copen%2Chigh%2Clow%2Cclose%2Cvolume&symbol=eq.SEIGA.EGX&order=date.desc&limit=300 "HTTP/2 200 OK"
2026-06-19 18:32:05 [INFO] httpx: HTTP Request: GET https://gfcmaxbtscmizsakarvc.supabase.co/rest/v1/stock_prices?select=date%2Copen%2Chigh%2Clow%2Cclose%2Cvolume&symbol=eq.SMFR.EGX&order=date.desc&limit=300 "HTTP/2 200 OK"
2026-06-19 18:32:05 [INFO] httpx: HTTP Request: GET https://gfcmaxbtscmizsakarvc.supabase.co/rest/v1/stock_prices?select=date%2Copen%2Chigh%2Clow%2Cclose%2Cvolume&symbol=eq.SMPP.EGX&order=date.desc&limit=300 "HTTP/2 200 OK"
2026-06-19 18:32:05 [INFO] httpx: HTTP Request: GET https://gfcmaxbtscmizsakarvc.supabase.co/rest/v1/stock_prices?select=date%2Copen%2Chigh%2Clow%2Cclose%2Cvolume&symbol=eq.SNFC.EGX&order=date.desc&limit=300 "HTTP/2 200 OK"
2026-06-19 18:32:05 [INFO] httpx: HTTP Request: GET https://gfcmaxbtscmizsakarvc.supabase.co/rest/v1/stock_prices?select=date%2Copen%2Chigh%2Clow%2Cclose%2Cvolume&symbol=eq.SPHT.EGX&order=date.desc&limit=300 "HTTP/2 200 OK"
2026-06-19 18:32:05 [INFO] httpx: HTTP Request: GET https://gfcmaxbtscmizsakarvc.supabase.co/rest/v1/stock_prices?select=date%2Copen%2Chigh%2Clow%2Cclose%2Cvolume&symbol=eq.SIMO.EGX&order=date.desc&limit=300 "HTTP/2 200 OK"
2026-06-19 18:32:05 [INFO] httpx: HTTP Request: GET https://gfcmaxbtscmizsakarvc.supabase.co/rest/v1/stock_prices?select=date%2Copen%2Chigh%2Clow%2Cclose%2Cvolume&symbol=eq.SPIN.EGX&order=date.desc&limit=300 "HTTP/2 200 OK"
2026-06-19 18:32:05 [INFO] httpx: HTTP Request: GET https://gfcmaxbtscmizsakarvc.supabase.co/rest/v1/stock_prices?select=date%2Copen%2Chigh%2Clow%2Cclose%2Cvolume&symbol=eq.SPMD.EGX&order=date.desc&limit=300 "HTTP/2 200 OK"
2026-06-19 18:32:05 [INFO] httpx: HTTP Request: GET https://gfcmaxbtscmizsakarvc.supabase.co/rest/v1/stock_prices?select=date%2Copen%2Chigh%2Clow%2Cclose%2Cvolume&symbol=eq.SUGR.EGX&order=date.desc&limit=300 "HTTP/2 200 OK"
2026-06-19 18:32:06 [INFO] httpx: HTTP Request: GET https://gfcmaxbtscmizsakarvc.supabase.co/rest/v1/stock_prices?select=date%2Copen%2Chigh%2Clow%2Cclose%2Cvolume&symbol=eq.TRTO.EGX&order=date.desc&limit=300 "HTTP/2 200 OK"
2026-06-19 18:32:06 [INFO] httpx: HTTP Request: GET https://gfcmaxbtscmizsakarvc.supabase.co/rest/v1/stock_prices?select=date%2Copen%2Chigh%2Clow%2Cclose%2Cvolume&symbol=eq.UASG.EGX&order=date.desc&limit=300 "HTTP/2 200 OK"
2026-06-19 18:32:06 [INFO] httpx: HTTP Request: GET https://gfcmaxbtscmizsakarvc.supabase.co/rest/v1/stock_prices?select=date%2Copen%2Chigh%2Clow%2Cclose%2Cvolume&symbol=eq.TYCN.EGX&order=date.desc&limit=300 "HTTP/2 200 OK"
2026-06-19 18:32:06 [INFO] httpx: HTTP Request: GET https://gfcmaxbtscmizsakarvc.supabase.co/rest/v1/stock_prices?select=date%2Copen%2Chigh%2Clow%2Cclose%2Cvolume&symbol=eq.VALU.EGX&order=date.desc&limit=300 "HTTP/2 200 OK"
2026-06-19 18:32:06 [INFO] httpx: HTTP Request: GET https://gfcmaxbtscmizsakarvc.supabase.co/rest/v1/stock_prices?select=date%2Copen%2Chigh%2Clow%2Cclose%2Cvolume&symbol=eq.UEFM.EGX&order=date.desc&limit=300 "HTTP/2 200 OK"
2026-06-19 18:32:06 [INFO] httpx: HTTP Request: GET https://gfcmaxbtscmizsakarvc.supabase.co/rest/v1/stock_prices?select=date%2Copen%2Chigh%2Clow%2Cclose%2Cvolume&symbol=eq.UEGC.EGX&order=date.desc&limit=300 "HTTP/2 200 OK"
2026-06-19 18:32:06 [INFO] httpx: HTTP Request: GET https://gfcmaxbtscmizsakarvc.supabase.co/rest/v1/stock_prices?select=date%2Copen%2Chigh%2Clow%2Cclose%2Cvolume&symbol=eq.UTOP.EGX&order=date.desc&limit=300 "HTTP/2 200 OK"
2026-06-19 18:32:06 [INFO] httpx: HTTP Request: GET https://gfcmaxbtscmizsakarvc.supabase.co/rest/v1/stock_prices?select=date%2Copen%2Chigh%2Clow%2Cclose%2Cvolume&symbol=eq.UNIP.EGX&order=date.desc&limit=300 "HTTP/2 200 OK"
2026-06-19 18:32:06 [INFO] httpx: HTTP Request: GET https://gfcmaxbtscmizsakarvc.supabase.co/rest/v1/stock_prices?select=date%2Copen%2Chigh%2Clow%2Cclose%2Cvolume&symbol=eq.UBEE.EGX&order=date.desc&limit=300 "HTTP/2 200 OK"
2026-06-19 18:32:07 [INFO] httpx: HTTP Request: GET https://gfcmaxbtscmizsakarvc.supabase.co/rest/v1/stock_prices?select=date%2Copen%2Chigh%2Clow%2Cclose%2Cvolume&symbol=eq.WKOL.EGX&order=date.desc&limit=300 "HTTP/2 200 OK"
2026-06-19 18:32:07 [INFO] httpx: HTTP Request: GET https://gfcmaxbtscmizsakarvc.supabase.co/rest/v1/stock_prices?select=date%2Copen%2Chigh%2Clow%2Cclose%2Cvolume&symbol=eq.VLMRA.EGX&order=date.desc&limit=300 "HTTP/2 200 OK"
2026-06-19 18:32:07 [INFO] httpx: HTTP Request: GET https://gfcmaxbtscmizsakarvc.supabase.co/rest/v1/stock_prices?select=date%2Copen%2Chigh%2Clow%2Cclose%2Cvolume&symbol=eq.TWSA.EGX&order=date.desc&limit=300 "HTTP/2 200 OK"
2026-06-19 18:32:07 [INFO] httpx: HTTP Request: GET https://gfcmaxbtscmizsakarvc.supabase.co/rest/v1/stock_prices?select=date%2Copen%2Chigh%2Clow%2Cclose%2Cvolume&symbol=eq.UNBE.EGX&order=date.desc&limit=300 "HTTP/2 200 OK"
2026-06-19 18:32:07 [INFO] httpx: HTTP Request: GET https://gfcmaxbtscmizsakarvc.supabase.co/rest/v1/stock_prices?select=date%2Copen%2Chigh%2Clow%2Cclose%2Cvolume&symbol=eq.UNIT.EGX&order=date.desc&limit=300 "HTTP/2 200 OK"
2026-06-19 18:32:07 [INFO] httpx: HTTP Request: GET https://gfcmaxbtscmizsakarvc.supabase.co/rest/v1/stock_prices?select=date%2Copen%2Chigh%2Clow%2Cclose%2Cvolume&symbol=eq.WACE.EGX&order=date.desc&limit=300 "HTTP/2 200 OK"
2026-06-19 18:32:07 [INFO] httpx: HTTP Request: GET https://gfcmaxbtscmizsakarvc.supabase.co/rest/v1/stock_prices?select=date%2Copen%2Chigh%2Clow%2Cclose%2Cvolume&symbol=eq.WATP.EGX&order=date.desc&limit=300 "HTTP/2 200 OK"
2026-06-19 18:32:07 [INFO] httpx: HTTP Request: GET https://gfcmaxbtscmizsakarvc.supabase.co/rest/v1/stock_prices?select=date%2Copen%2Chigh%2Clow%2Cclose%2Cvolume&symbol=eq.WCDF.EGX&order=date.desc&limit=300 "HTTP/2 200 OK"
2026-06-19 18:32:07 [INFO] httpx: HTTP Request: GET https://gfcmaxbtscmizsakarvc.supabase.co/rest/v1/stock_prices?select=date%2Copen%2Chigh%2Clow%2Cclose%2Cvolume&symbol=eq.ZEOT.EGX&order=date.desc&limit=300 "HTTP/2 200 OK"
2026-06-19 18:32:07 [INFO] httpx: HTTP Request: GET https://gfcmaxbtscmizsakarvc.supabase.co/rest/v1/stock_prices?select=date%2Copen%2Chigh%2Clow%2Cclose%2Cvolume&symbol=eq.ZMID.EGX&order=date.desc&limit=300 "HTTP/2 200 OK"
2026-06-19 18:32:07 [INFO] httpx: HTTP Request: GET https://gfcmaxbtscmizsakarvc.supabase.co/rest/v1/positions?select=%2A&status=eq.open "HTTP/2 200 OK"
2026-06-19 18:32:08 [INFO] httpx: HTTP Request: GET https://gfcmaxbtscmizsakarvc.supabase.co/rest/v1/stock_prices?select=date%2Copen%2Chigh%2Clow%2Cclose%2Cvolume&symbol=eq.000325.EGX&exchange=eq.EGX&order=date.desc&limit=1 "HTTP/2 200 OK"
2026-06-19 18:32:16 [INFO] httpx: HTTP Request: GET https://gfcmaxbtscmizsakarvc.supabase.co/rest/v1/stock_prices?select=date%2Copen%2Chigh%2Clow%2Cclose%2Cvolume&symbol=eq.000325.EGX&order=date.desc&limit=1 "HTTP/2 500 Internal Server Error"
2026-06-19 18:32:17 [INFO] httpx: HTTP Request: GET https://gfcmaxbtscmizsakarvc.supabase.co/rest/v1/scan_results?select=%2A&status=eq.open "HTTP/2 200 OK"
2026-06-19 18:32:17 [INFO] httpx: HTTP Request: GET https://gfcmaxbtscmizsakarvc.supabase.co/rest/v1/stock_prices?select=date%2Chigh%2Clow%2Cclose&symbol=eq.PACH.EGX&date=gte.2026-06-13&order=date "HTTP/2 200 OK"
2026-06-19 18:32:17 [INFO] httpx: HTTP Request: GET https://gfcmaxbtscmizsakarvc.supabase.co/rest/v1/stock_prices?select=date%2Chigh%2Clow%2Cclose&symbol=eq.EHDR.EGX&date=gte.2026-06-13&order=date "HTTP/2 200 OK"
2026-06-19 18:32:18 [INFO] httpx: HTTP Request: GET https://gfcmaxbtscmizsakarvc.supabase.co/rest/v1/stock_prices?select=date%2Chigh%2Clow%2Cclose&symbol=eq.MPCO.EGX&date=gte.2026-06-13&order=date "HTTP/2 200 OK"
2026-06-19 18:32:18 [INFO] httpx: HTTP Request: GET https://gfcmaxbtscmizsakarvc.supabase.co/rest/v1/stock_prices?select=date%2Chigh%2Clow%2Cclose&symbol=eq.GPIM.EGX&date=gte.2026-06-13&order=date "HTTP/2 200 OK"
2026-06-19 18:32:19 [INFO] httpx: HTTP Request: GET https://gfcmaxbtscmizsakarvc.supabase.co/rest/v1/stock_prices?select=date%2Chigh%2Clow%2Cclose&symbol=eq.COSG.EGX&date=gte.2026-06-13&order=date "HTTP/2 200 OK"
2026-06-19 18:32:20 [INFO] httpx: HTTP Request: GET https://gfcmaxbtscmizsakarvc.supabase.co/rest/v1/stock_prices?select=date%2Chigh%2Clow%2Cclose&symbol=eq.ROTO.EGX&date=gte.2026-06-19&order=date "HTTP/2 200 OK"
2026-06-19 18:32:20 [INFO] httpx: HTTP Request: GET https://gfcmaxbtscmizsakarvc.supabase.co/rest/v1/stock_prices?select=date%2Chigh%2Clow%2Cclose&symbol=eq.TYCN.EGX&date=gte.2026-06-19&order=date "HTTP/2 200 OK"
2026-06-19 18:32:23 [INFO] httpx: HTTP Request: GET https://gfcmaxbtscmizsakarvc.supabase.co/rest/v1/stock_prices?select=symbol%2Cexchange%2Cdate%2Copen%2Chigh%2Clow%2Cclose%2Cvolume&exchange=eq.EGX&date=gte.2025-08-23&order=symbol%2Cdate&offset=0&limit=1000 "HTTP/2 206 Partial Content"
2026-06-19 18:32:24 [INFO] httpx: HTTP Request: GET https://gfcmaxbtscmizsakarvc.supabase.co/rest/v1/stock_prices?select=symbol%2Cexchange%2Cdate%2Copen%2Chigh%2Clow%2Cclose%2Cvolume&exchange=eq.EGX&date=gte.2025-08-23&order=symbol%2Cdate&offset=3000&limit=1000 "HTTP/2 200 OK"
2026-06-19 18:32:24 [INFO] httpx: HTTP Request: GET https://gfcmaxbtscmizsakarvc.supabase.co/rest/v1/stock_prices?select=symbol%2Cexchange%2Cdate%2Copen%2Chigh%2Clow%2Cclose%2Cvolume&exchange=eq.EGX&date=gte.2025-08-23&order=symbol%2Cdate&offset=4000&limit=1000 "HTTP/2 200 OK"
2026-06-19 18:32:24 [INFO] httpx: HTTP Request: GET https://gfcmaxbtscmizsakarvc.supabase.co/rest/v1/stock_prices?select=symbol%2Cexchange%2Cdate%2Copen%2Chigh%2Clow%2Cclose%2Cvolume&exchange=eq.EGX&date=gte.2025-08-23&order=symbol%2Cdate&offset=2000&limit=1000 "HTTP/2 200 OK"
2026-06-19 18:32:24 [INFO] httpx: HTTP Request: GET https://gfcmaxbtscmizsakarvc.supabase.co/rest/v1/stock_prices?select=symbol%2Cexchange%2Cdate%2Copen%2Chigh%2Clow%2Cclose%2Cvolume&exchange=eq.EGX&date=gte.2025-08-23&order=symbol%2Cdate&offset=1000&limit=1000 "HTTP/2 200 OK"
2026-06-19 18:32:24 [INFO] httpx: HTTP Request: GET https://gfcmaxbtscmizsakarvc.supabase.co/rest/v1/stock_prices?select=symbol%2Cexchange%2Cdate%2Copen%2Chigh%2Clow%2Cclose%2Cvolume&exchange=eq.EGX&date=gte.2025-08-23&order=symbol%2Cdate&offset=5000&limit=1000 "HTTP/2 200 OK"
2026-06-19 18:32:24 [INFO] httpx: HTTP Request: GET https://gfcmaxbtscmizsakarvc.supabase.co/rest/v1/stock_prices?select=symbol%2Cexchange%2Cdate%2Copen%2Chigh%2Clow%2Cclose%2Cvolume&exchange=eq.EGX&date=gte.2025-08-23&order=symbol%2Cdate&offset=6000&limit=1000 "HTTP/2 200 OK"
2026-06-19 18:32:24 [INFO] httpx: HTTP Request: GET https://gfcmaxbtscmizsakarvc.supabase.co/rest/v1/stock_prices?select=symbol%2Cexchange%2Cdate%2Copen%2Chigh%2Clow%2Cclose%2Cvolume&exchange=eq.EGX&date=gte.2025-08-23&order=symbol%2Cdate&offset=8000&limit=1000 "HTTP/2 200 OK"
2026-06-19 18:32:25 [INFO] httpx: HTTP Request: GET https://gfcmaxbtscmizsakarvc.supabase.co/rest/v1/stock_prices?select=symbol%2Cexchange%2Cdate%2Copen%2Chigh%2Clow%2Cclose%2Cvolume&exchange=eq.EGX&date=gte.2025-08-23&order=symbol%2Cdate&offset=9000&limit=1000 "HTTP/2 200 OK"
2026-06-19 18:32:25 [INFO] httpx: HTTP Request: GET https://gfcmaxbtscmizsakarvc.supabase.co/rest/v1/stock_prices?select=symbol%2Cexchange%2Cdate%2Copen%2Chigh%2Clow%2Cclose%2Cvolume&exchange=eq.EGX&date=gte.2025-08-23&order=symbol%2Cdate&offset=10000&limit=1000 "HTTP/2 200 OK"
2026-06-19 18:32:25 [INFO] httpx: HTTP Request: GET https://gfcmaxbtscmizsakarvc.supabase.co/rest/v1/stock_prices?select=symbol%2Cexchange%2Cdate%2Copen%2Chigh%2Clow%2Cclose%2Cvolume&exchange=eq.EGX&date=gte.2025-08-23&order=symbol%2Cdate&offset=7000&limit=1000 "HTTP/2 200 OK"
2026-06-19 18:32:26 [INFO] httpx: HTTP Request: GET https://gfcmaxbtscmizsakarvc.supabase.co/rest/v1/stock_prices?select=symbol%2Cexchange%2Cdate%2Copen%2Chigh%2Clow%2Cclose%2Cvolume&exchange=eq.EGX&date=gte.2025-08-23&order=symbol%2Cdate&offset=11000&limit=1000 "HTTP/2 200 OK"
2026-06-19 18:32:26 [INFO] httpx: HTTP Request: GET https://gfcmaxbtscmizsakarvc.supabase.co/rest/v1/stock_prices?select=symbol%2Cexchange%2Cdate%2Copen%2Chigh%2Clow%2Cclose%2Cvolume&exchange=eq.EGX&date=gte.2025-08-23&order=symbol%2Cdate&offset=12000&limit=1000 "HTTP/2 200 OK"
2026-06-19 18:32:26 [INFO] httpx: HTTP Request: GET https://gfcmaxbtscmizsakarvc.supabase.co/rest/v1/stock_prices?select=symbol%2Cexchange%2Cdate%2Copen%2Chigh%2Clow%2Cclose%2Cvolume&exchange=eq.EGX&date=gte.2025-08-23&order=symbol%2Cdate&offset=13000&limit=1000 "HTTP/2 200 OK"
2026-06-19 18:32:26 [INFO] httpx: HTTP Request: GET https://gfcmaxbtscmizsakarvc.supabase.co/rest/v1/stock_prices?select=symbol%2Cexchange%2Cdate%2Copen%2Chigh%2Clow%2Cclose%2Cvolume&exchange=eq.EGX&date=gte.2025-08-23&order=symbol%2Cdate&offset=14000&limit=1000 "HTTP/2 200 OK"
2026-06-19 18:32:27 [INFO] httpx: HTTP Request: GET https://gfcmaxbtscmizsakarvc.supabase.co/rest/v1/stock_prices?select=symbol%2Cexchange%2Cdate%2Copen%2Chigh%2Clow%2Cclose%2Cvolume&exchange=eq.EGX&date=gte.2025-08-23&order=symbol%2Cdate&offset=15000&limit=1000 "HTTP/2 200 OK"
2026-06-19 18:32:27 [INFO] httpx: HTTP Request: GET https://gfcmaxbtscmizsakarvc.supabase.co/rest/v1/stock_prices?select=symbol%2Cexchange%2Cdate%2Copen%2Chigh%2Clow%2Cclose%2Cvolume&exchange=eq.EGX&date=gte.2025-08-23&order=symbol%2Cdate&offset=17000&limit=1000 "HTTP/2 200 OK"
2026-06-19 18:32:27 [INFO] httpx: HTTP Request: GET https://gfcmaxbtscmizsakarvc.supabase.co/rest/v1/stock_prices?select=symbol%2Cexchange%2Cdate%2Copen%2Chigh%2Clow%2Cclose%2Cvolume&exchange=eq.EGX&date=gte.2025-08-23&order=symbol%2Cdate&offset=16000&limit=1000 "HTTP/2 200 OK"
2026-06-19 18:32:27 [INFO] httpx: HTTP Request: GET https://gfcmaxbtscmizsakarvc.supabase.co/rest/v1/stock_prices?select=symbol%2Cexchange%2Cdate%2Copen%2Chigh%2Clow%2Cclose%2Cvolume&exchange=eq.EGX&date=gte.2025-08-23&order=symbol%2Cdate&offset=18000&limit=1000 "HTTP/2 200 OK"
2026-06-19 18:32:27 [INFO] httpx: HTTP Request: GET https://gfcmaxbtscmizsakarvc.supabase.co/rest/v1/stock_prices?select=symbol%2Cexchange%2Cdate%2Copen%2Chigh%2Clow%2Cclose%2Cvolume&exchange=eq.EGX&date=gte.2025-08-23&order=symbol%2Cdate&offset=19000&limit=1000 "HTTP/2 200 OK"
2026-06-19 18:32:27 [INFO] httpx: HTTP Request: GET https://gfcmaxbtscmizsakarvc.supabase.co/rest/v1/stock_prices?select=symbol%2Cexchange%2Cdate%2Copen%2Chigh%2Clow%2Cclose%2Cvolume&exchange=eq.EGX&date=gte.2025-08-23&order=symbol%2Cdate&offset=21000&limit=1000 "HTTP/2 200 OK"
2026-06-19 18:32:27 [INFO] httpx: HTTP Request: GET https://gfcmaxbtscmizsakarvc.supabase.co/rest/v1/stock_prices?select=symbol%2Cexchange%2Cdate%2Copen%2Chigh%2Clow%2Cclose%2Cvolume&exchange=eq.EGX&date=gte.2025-08-23&order=symbol%2Cdate&offset=20000&limit=1000 "HTTP/2 200 OK"
2026-06-19 18:32:28 [INFO] httpx: HTTP Request: GET https://gfcmaxbtscmizsakarvc.supabase.co/rest/v1/stock_prices?select=symbol%2Cexchange%2Cdate%2Copen%2Chigh%2Clow%2Cclose%2Cvolume&exchange=eq.EGX&date=gte.2025-08-23&order=symbol%2Cdate&offset=22000&limit=1000 "HTTP/2 200 OK"
2026-06-19 18:32:28 [INFO] httpx: HTTP Request: GET https://gfcmaxbtscmizsakarvc.supabase.co/rest/v1/stock_prices?select=symbol%2Cexchange%2Cdate%2Copen%2Chigh%2Clow%2Cclose%2Cvolume&exchange=eq.EGX&date=gte.2025-08-23&order=symbol%2Cdate&offset=23000&limit=1000 "HTTP/2 200 OK"
2026-06-19 18:32:29 [INFO] httpx: HTTP Request: GET https://gfcmaxbtscmizsakarvc.supabase.co/rest/v1/stock_prices?select=symbol%2Cexchange%2Cdate%2Copen%2Chigh%2Clow%2Cclose%2Cvolume&exchange=eq.EGX&date=gte.2025-08-23&order=symbol%2Cdate&offset=25000&limit=1000 "HTTP/2 200 OK"
2026-06-19 18:32:29 [INFO] httpx: HTTP Request: GET https://gfcmaxbtscmizsakarvc.supabase.co/rest/v1/stock_prices?select=symbol%2Cexchange%2Cdate%2Copen%2Chigh%2Clow%2Cclose%2Cvolume&exchange=eq.EGX&date=gte.2025-08-23&order=symbol%2Cdate&offset=26000&limit=1000 "HTTP/2 200 OK"
2026-06-19 18:32:29 [INFO] httpx: HTTP Request: GET https://gfcmaxbtscmizsakarvc.supabase.co/rest/v1/stock_prices?select=symbol%2Cexchange%2Cdate%2Copen%2Chigh%2Clow%2Cclose%2Cvolume&exchange=eq.EGX&date=gte.2025-08-23&order=symbol%2Cdate&offset=27000&limit=1000 "HTTP/2 200 OK"
2026-06-19 18:32:29 [INFO] httpx: HTTP Request: GET https://gfcmaxbtscmizsakarvc.supabase.co/rest/v1/stock_prices?select=symbol%2Cexchange%2Cdate%2Copen%2Chigh%2Clow%2Cclose%2Cvolume&exchange=eq.EGX&date=gte.2025-08-23&order=symbol%2Cdate&offset=24000&limit=1000 "HTTP/2 200 OK"
2026-06-19 18:32:30 [INFO] httpx: HTTP Request: GET https://gfcmaxbtscmizsakarvc.supabase.co/rest/v1/stock_prices?select=symbol%2Cexchange%2Cdate%2Copen%2Chigh%2Clow%2Cclose%2Cvolume&exchange=eq.EGX&date=gte.2025-08-23&order=symbol%2Cdate&offset=30000&limit=1000 "HTTP/2 200 OK"
2026-06-19 18:32:30 [INFO] httpx: HTTP Request: GET https://gfcmaxbtscmizsakarvc.supabase.co/rest/v1/stock_prices?select=symbol%2Cexchange%2Cdate%2Copen%2Chigh%2Clow%2Cclose%2Cvolume&exchange=eq.EGX&date=gte.2025-08-23&order=symbol%2Cdate&offset=31000&limit=1000 "HTTP/2 200 OK"
2026-06-19 18:32:30 [INFO] httpx: HTTP Request: GET https://gfcmaxbtscmizsakarvc.supabase.co/rest/v1/stock_prices?select=symbol%2Cexchange%2Cdate%2Copen%2Chigh%2Clow%2Cclose%2Cvolume&exchange=eq.EGX&date=gte.2025-08-23&order=symbol%2Cdate&offset=29000&limit=1000 "HTTP/2 200 OK"
2026-06-19 18:32:30 [INFO] httpx: HTTP Request: GET https://gfcmaxbtscmizsakarvc.supabase.co/rest/v1/stock_prices?select=symbol%2Cexchange%2Cdate%2Copen%2Chigh%2Clow%2Cclose%2Cvolume&exchange=eq.EGX&date=gte.2025-08-23&order=symbol%2Cdate&offset=28000&limit=1000 "HTTP/2 200 OK"
2026-06-19 18:32:30 [INFO] httpx: HTTP Request: GET https://gfcmaxbtscmizsakarvc.supabase.co/rest/v1/stock_prices?select=symbol%2Cexchange%2Cdate%2Copen%2Chigh%2Clow%2Cclose%2Cvolume&exchange=eq.EGX&date=gte.2025-08-23&order=symbol%2Cdate&offset=32000&limit=1000 "HTTP/2 200 OK"
2026-06-19 18:32:30 [INFO] httpx: HTTP Request: GET https://gfcmaxbtscmizsakarvc.supabase.co/rest/v1/stock_prices?select=symbol%2Cexchange%2Cdate%2Copen%2Chigh%2Clow%2Cclose%2Cvolume&exchange=eq.EGX&date=gte.2025-08-23&order=symbol%2Cdate&offset=33000&limit=1000 "HTTP/2 200 OK"
2026-06-19 18:32:30 [INFO] httpx: HTTP Request: GET https://gfcmaxbtscmizsakarvc.supabase.co/rest/v1/stock_prices?select=symbol%2Cexchange%2Cdate%2Copen%2Chigh%2Clow%2Cclose%2Cvolume&exchange=eq.EGX&date=gte.2025-08-23&order=symbol%2Cdate&offset=34000&limit=1000 "HTTP/2 200 OK"
2026-06-19 18:32:30 [INFO] httpx: HTTP Request: GET https://gfcmaxbtscmizsakarvc.supabase.co/rest/v1/stock_prices?select=symbol%2Cexchange%2Cdate%2Copen%2Chigh%2Clow%2Cclose%2Cvolume&exchange=eq.EGX&date=gte.2025-08-23&order=symbol%2Cdate&offset=35000&limit=1000 "HTTP/2 200 OK"
2026-06-19 18:32:31 [INFO] httpx: HTTP Request: GET https://gfcmaxbtscmizsakarvc.supabase.co/rest/v1/stock_prices?select=symbol%2Cexchange%2Cdate%2Copen%2Chigh%2Clow%2Cclose%2Cvolume&exchange=eq.EGX&date=gte.2025-08-23&order=symbol%2Cdate&offset=36000&limit=1000 "HTTP/2 200 OK"
2026-06-19 18:32:31 [INFO] httpx: HTTP Request: GET https://gfcmaxbtscmizsakarvc.supabase.co/rest/v1/stock_prices?select=symbol%2Cexchange%2Cdate%2Copen%2Chigh%2Clow%2Cclose%2Cvolume&exchange=eq.EGX&date=gte.2025-08-23&order=symbol%2Cdate&offset=38000&limit=1000 "HTTP/2 200 OK"
2026-06-19 18:32:31 [INFO] httpx: HTTP Request: GET https://gfcmaxbtscmizsakarvc.supabase.co/rest/v1/stock_prices?select=symbol%2Cexchange%2Cdate%2Copen%2Chigh%2Clow%2Cclose%2Cvolume&exchange=eq.EGX&date=gte.2025-08-23&order=symbol%2Cdate&offset=39000&limit=1000 "HTTP/2 200 OK"
2026-06-19 18:32:31 [INFO] httpx: HTTP Request: GET https://gfcmaxbtscmizsakarvc.supabase.co/rest/v1/stock_prices?select=symbol%2Cexchange%2Cdate%2Copen%2Chigh%2Clow%2Cclose%2Cvolume&exchange=eq.EGX&date=gte.2025-08-23&order=symbol%2Cdate&offset=37000&limit=1000 "HTTP/2 200 OK"
2026-06-19 18:32:31 [INFO] httpx: HTTP Request: GET https://gfcmaxbtscmizsakarvc.supabase.co/rest/v1/stock_prices?select=symbol%2Cexchange%2Cdate%2Copen%2Chigh%2Clow%2Cclose%2Cvolume&exchange=eq.EGX&date=gte.2025-08-23&order=symbol%2Cdate&offset=40000&limit=1000 "HTTP/2 200 OK"
2026-06-19 18:32:31 [INFO] httpx: HTTP Request: GET https://gfcmaxbtscmizsakarvc.supabase.co/rest/v1/stock_prices?select=symbol%2Cexchange%2Cdate%2Copen%2Chigh%2Clow%2Cclose%2Cvolume&exchange=eq.EGX&date=gte.2025-08-23&order=symbol%2Cdate&offset=41000&limit=1000 "HTTP/2 200 OK"
2026-06-19 18:32:32 [INFO] httpx: HTTP Request: GET https://gfcmaxbtscmizsakarvc.supabase.co/rest/v1/stock_prices?select=symbol%2Cexchange%2Cdate%2Copen%2Chigh%2Clow%2Cclose%2Cvolume&exchange=eq.EGX&date=gte.2025-08-23&order=symbol%2Cdate&offset=44000&limit=1000 "HTTP/2 200 OK"
2026-06-19 18:32:32 [INFO] httpx: HTTP Request: GET https://gfcmaxbtscmizsakarvc.supabase.co/rest/v1/stock_prices?select=symbol%2Cexchange%2Cdate%2Copen%2Chigh%2Clow%2Cclose%2Cvolume&exchange=eq.EGX&date=gte.2025-08-23&order=symbol%2Cdate&offset=43000&limit=1000 "HTTP/2 200 OK"
2026-06-19 18:32:32 [INFO] httpx: HTTP Request: GET https://gfcmaxbtscmizsakarvc.supabase.co/rest/v1/stock_prices?select=symbol%2Cexchange%2Cdate%2Copen%2Chigh%2Clow%2Cclose%2Cvolume&exchange=eq.EGX&date=gte.2025-08-23&order=symbol%2Cdate&offset=42000&limit=1000 "HTTP/2 200 OK"
2026-06-19 18:32:33 [INFO] httpx: HTTP Request: GET https://gfcmaxbtscmizsakarvc.supabase.co/rest/v1/stock_fundamentals?select=symbol%2C%20exchange%2C%20data%2C%20fund_score&exchange=ilike.%25EGX%25&limit=5000 "HTTP/2 200 OK"
2026-06-19 18:32:34 [INFO] httpx: HTTP Request: GET https://gfcmaxbtscmizsakarvc.supabase.co/rest/v1/stock_prices?select=date%2C%20close&symbol=eq.EGX30&exchange=eq.INDX&order=date&offset=0&limit=1000 "HTTP/2 200 OK"
2026-06-19 18:32:34 [INFO] httpx: HTTP Request: GET https://gfcmaxbtscmizsakarvc.supabase.co/rest/v1/stock_prices?select=date%2C%20close&symbol=eq.EGX30&exchange=eq.INDX&order=date&offset=1000&limit=1000 "HTTP/2 200 OK"
2026-06-19 18:32:34 [INFO] httpx: HTTP Request: GET https://gfcmaxbtscmizsakarvc.supabase.co/rest/v1/stock_prices?select=date%2C%20close&symbol=eq.EGX30&exchange=eq.INDX&order=date&offset=2000&limit=1000 "HTTP/2 200 OK"
2026-06-19 18:32:34 [INFO] httpx: HTTP Request: GET https://gfcmaxbtscmizsakarvc.supabase.co/rest/v1/stock_prices?select=date%2C%20close&symbol=eq.EGX30&exchange=eq.INDX&order=date&offset=3000&limit=1000 "HTTP/2 200 OK"
2026-06-19 18:32:35 [INFO] httpx: HTTP Request: GET https://gfcmaxbtscmizsakarvc.supabase.co/rest/v1/stock_prices?select=date%2C%20close&symbol=eq.EGX30&exchange=eq.INDX&order=date&offset=4000&limit=1000 "HTTP/2 200 OK"
2026-06-19 18:32:35 [INFO] httpx: HTTP Request: GET https://gfcmaxbtscmizsakarvc.supabase.co/rest/v1/stock_prices?select=date%2C%20close&symbol=eq.EGX30&exchange=eq.INDX&order=date&offset=5000&limit=1000 "HTTP/2 200 OK"
2026-06-19 18:33:31 [INFO] httpx: HTTP Request: GET https://gfcmaxbtscmizsakarvc.supabase.co/rest/v1/stock_technical_indicators?select=rsi_14%2Cadx_14%2Cema_50%2Cema_200%2Cvolume%2Cchange_pct&symbol=eq.ROTO&exchange=eq.EGX&order=date.desc&limit=1 "HTTP/2 200 OK"
2026-06-19 18:33:32 [INFO] httpx: HTTP Request: GET https://gfcmaxbtscmizsakarvc.supabase.co/rest/v1/stock_fundamentals?select=data&symbol=eq.ROTO.EGX "HTTP/2 200 OK"
2026-06-19 18:33:32 [INFO] httpx: HTTP Request: POST https://gfcmaxbtscmizsakarvc.supabase.co/rest/v1/scan_results "HTTP/2 201 Created"
2026-06-19 18:33:33 [INFO] httpx: HTTP Request: GET https://gfcmaxbtscmizsakarvc.supabase.co/rest/v1/stock_technical_indicators?select=rsi_14%2Cadx_14%2Cema_50%2Cema_200%2Cvolume%2Cchange_pct&symbol=eq.TYCN&exchange=eq.EGX&order=date.desc&limit=1 "HTTP/2 200 OK"
2026-06-19 18:33:33 [INFO] httpx: HTTP Request: GET https://gfcmaxbtscmizsakarvc.supabase.co/rest/v1/stock_fundamentals?select=data&symbol=eq.TYCN.EGX "HTTP/2 200 OK"
2026-06-19 18:33:33 [INFO] httpx: HTTP Request: POST https://gfcmaxbtscmizsakarvc.supabase.co/rest/v1/scan_results "HTTP/2 201 Created"
2026-06-19 18:35:11 [INFO] daily_bot_job: ✅ Daily Bot Job completed successfully in 347.4s
