2026-06-19 18:57:33 [INFO] daily_bot_job: ============================================================
2026-06-19 18:57:33 [INFO] daily_bot_job: 🚀 Daily Bot Job Started
2026-06-19 18:57:33 [INFO] daily_bot_job:    Dry run: False
2026-06-19 18:57:33 [INFO] daily_bot_job:    Model filter: ALL
2026-06-19 18:57:33 [INFO] daily_bot_job:    Skip sync: False
2026-06-19 18:57:33 [INFO] daily_bot_job:    Log file: C:\Users\MR__CODER__\Desktop\stokscan_AI\logs\daily_bot_20260619_155727.log
2026-06-19 18:57:33 [INFO] daily_bot_job: ============================================================
2026-06-19 18:57:35 [INFO] httpx: HTTP Request: GET https://gfcmaxbtscmizsakarvc.supabase.co/rest/v1/stock_prices?select=symbol%2Cclose%2Cdate%2Cvolume&exchange=eq.EGX&order=date.desc&offset=0&limit=1000 "HTTP/2 200 OK"
2026-06-19 18:57:36 [INFO] httpx: HTTP Request: GET https://gfcmaxbtscmizsakarvc.supabase.co/rest/v1/stock_prices?select=symbol%2Cclose%2Cdate%2Cvolume&exchange=eq.EGX&order=date.desc&offset=1000&limit=1000 "HTTP/2 200 OK"
2026-06-19 18:57:37 [INFO] httpx: HTTP Request: GET https://gfcmaxbtscmizsakarvc.supabase.co/rest/v1/stock_prices?select=symbol%2Cclose%2Cdate%2Cvolume&exchange=eq.EGX&order=date.desc&offset=2000&limit=1000 "HTTP/2 200 OK"
2026-06-19 18:57:37 [INFO] httpx: HTTP Request: GET https://gfcmaxbtscmizsakarvc.supabase.co/rest/v1/stock_prices?select=symbol%2Cclose%2Cdate%2Cvolume&exchange=eq.EGX&order=date.desc&offset=3000&limit=1000 "HTTP/2 200 OK"
2026-06-19 18:57:38 [INFO] httpx: HTTP Request: GET https://gfcmaxbtscmizsakarvc.supabase.co/rest/v1/stock_prices?select=symbol%2Cclose%2Cdate%2Cvolume&exchange=eq.EGX&order=date.desc&offset=4000&limit=1000 "HTTP/2 200 OK"
2026-06-19 18:57:38 [INFO] httpx: HTTP Request: GET https://gfcmaxbtscmizsakarvc.supabase.co/rest/v1/stock_prices?select=symbol%2Cclose%2Cdate%2Cvolume&exchange=eq.EGX&order=date.desc&offset=5000&limit=1000 "HTTP/2 200 OK"
2026-06-19 18:57:39 [INFO] httpx: HTTP Request: GET https://gfcmaxbtscmizsakarvc.supabase.co/rest/v1/stock_prices?select=symbol%2Cclose%2Cdate%2Cvolume&exchange=eq.EGX&order=date.desc&offset=6000&limit=1000 "HTTP/2 200 OK"
2026-06-19 18:57:39 [INFO] httpx: HTTP Request: GET https://gfcmaxbtscmizsakarvc.supabase.co/rest/v1/stock_prices?select=symbol%2Cclose%2Cdate%2Cvolume&exchange=eq.EGX&order=date.desc&offset=7000&limit=1000 "HTTP/2 200 OK"
2026-06-19 18:57:40 [INFO] httpx: HTTP Request: GET https://gfcmaxbtscmizsakarvc.supabase.co/rest/v1/stock_prices?select=symbol%2Cclose%2Cdate%2Cvolume&exchange=eq.EGX&order=date.desc&offset=8000&limit=1000 "HTTP/2 200 OK"
2026-06-19 18:57:40 [INFO] httpx: HTTP Request: GET https://gfcmaxbtscmizsakarvc.supabase.co/rest/v1/stock_prices?select=symbol%2Cclose%2Cdate%2Cvolume&exchange=eq.EGX&order=date.desc&offset=9000&limit=1000 "HTTP/2 200 OK"
2026-06-19 18:57:40 [INFO] httpx: HTTP Request: GET https://gfcmaxbtscmizsakarvc.supabase.co/rest/v1/stock_prices?select=symbol%2Cclose%2Cdate%2Cvolume&exchange=eq.EGX&order=date.desc&offset=10000&limit=1000 "HTTP/2 200 OK"
2026-06-19 18:57:41 [INFO] httpx: HTTP Request: GET https://gfcmaxbtscmizsakarvc.supabase.co/rest/v1/stock_prices?select=symbol%2Cclose%2Cdate%2Cvolume&exchange=eq.EGX&order=date.desc&offset=11000&limit=1000 "HTTP/2 200 OK"
2026-06-19 18:57:41 [INFO] httpx: HTTP Request: GET https://gfcmaxbtscmizsakarvc.supabase.co/rest/v1/stock_prices?select=symbol%2Cclose%2Cdate%2Cvolume&exchange=eq.EGX&order=date.desc&offset=12000&limit=1000 "HTTP/2 200 OK"
2026-06-19 18:57:42 [INFO] httpx: HTTP Request: GET https://gfcmaxbtscmizsakarvc.supabase.co/rest/v1/stock_prices?select=symbol%2Cclose%2Cdate%2Cvolume&exchange=eq.EGX&order=date.desc&offset=13000&limit=1000 "HTTP/2 200 OK"
2026-06-19 18:57:42 [INFO] httpx: HTTP Request: GET https://gfcmaxbtscmizsakarvc.supabase.co/rest/v1/stock_prices?select=symbol%2Cclose%2Cdate%2Cvolume&exchange=eq.EGX&order=date.desc&offset=14000&limit=1000 "HTTP/2 200 OK"
2026-06-19 18:57:43 [INFO] httpx: HTTP Request: GET https://gfcmaxbtscmizsakarvc.supabase.co/rest/v1/stock_prices?select=symbol%2Cclose%2Cdate%2Cvolume&exchange=eq.EGX&order=date.desc&offset=15000&limit=1000 "HTTP/2 200 OK"
2026-06-19 18:57:43 [INFO] httpx: HTTP Request: GET https://gfcmaxbtscmizsakarvc.supabase.co/rest/v1/stock_prices?select=symbol%2Cclose%2Cdate%2Cvolume&exchange=eq.EGX&order=date.desc&offset=16000&limit=1000 "HTTP/2 200 OK"
2026-06-19 18:57:44 [INFO] httpx: HTTP Request: GET https://gfcmaxbtscmizsakarvc.supabase.co/rest/v1/stock_prices?select=symbol%2Cclose%2Cdate%2Cvolume&exchange=eq.EGX&order=date.desc&offset=17000&limit=1000 "HTTP/2 200 OK"
2026-06-19 18:57:44 [INFO] httpx: HTTP Request: GET https://gfcmaxbtscmizsakarvc.supabase.co/rest/v1/stock_prices?select=symbol%2Cclose%2Cdate%2Cvolume&exchange=eq.EGX&order=date.desc&offset=18000&limit=1000 "HTTP/2 200 OK"
2026-06-19 18:57:44 [INFO] httpx: HTTP Request: GET https://gfcmaxbtscmizsakarvc.supabase.co/rest/v1/stock_prices?select=symbol%2Cclose%2Cdate%2Cvolume&exchange=eq.EGX&order=date.desc&offset=19000&limit=1000 "HTTP/2 200 OK"
2026-06-19 18:57:45 [INFO] httpx: HTTP Request: GET https://gfcmaxbtscmizsakarvc.supabase.co/rest/v1/stock_prices?select=symbol%2Cclose%2Cdate%2Cvolume&exchange=eq.EGX&order=date.desc&offset=20000&limit=1000 "HTTP/2 200 OK"
2026-06-19 18:57:45 [INFO] httpx: HTTP Request: GET https://gfcmaxbtscmizsakarvc.supabase.co/rest/v1/stock_prices?select=symbol%2Cclose%2Cdate%2Cvolume&exchange=eq.EGX&order=date.desc&offset=21000&limit=1000 "HTTP/2 200 OK"
2026-06-19 18:57:45 [INFO] httpx: HTTP Request: GET https://gfcmaxbtscmizsakarvc.supabase.co/rest/v1/stock_prices?select=symbol%2Cclose%2Cdate%2Cvolume&exchange=eq.EGX&order=date.desc&offset=22000&limit=1000 "HTTP/2 200 OK"
2026-06-19 18:57:46 [INFO] httpx: HTTP Request: GET https://gfcmaxbtscmizsakarvc.supabase.co/rest/v1/stock_prices?select=symbol%2Cclose%2Cdate%2Cvolume&exchange=eq.EGX&order=date.desc&offset=23000&limit=1000 "HTTP/2 200 OK"
2026-06-19 18:57:46 [INFO] httpx: HTTP Request: GET https://gfcmaxbtscmizsakarvc.supabase.co/rest/v1/stock_prices?select=symbol%2Cclose%2Cdate%2Cvolume&exchange=eq.EGX&order=date.desc&offset=24000&limit=1000 "HTTP/2 200 OK"
2026-06-19 18:57:47 [INFO] httpx: HTTP Request: GET https://gfcmaxbtscmizsakarvc.supabase.co/rest/v1/stock_prices?select=symbol%2Cclose%2Cdate%2Cvolume&exchange=eq.EGX&order=date.desc&offset=25000&limit=1000 "HTTP/2 200 OK"
2026-06-19 18:57:47 [INFO] httpx: HTTP Request: GET https://gfcmaxbtscmizsakarvc.supabase.co/rest/v1/stock_prices?select=symbol%2Cclose%2Cdate%2Cvolume&exchange=eq.EGX&order=date.desc&offset=26000&limit=1000 "HTTP/2 200 OK"
2026-06-19 18:57:47 [INFO] httpx: HTTP Request: GET https://gfcmaxbtscmizsakarvc.supabase.co/rest/v1/stock_prices?select=symbol%2Cclose%2Cdate%2Cvolume&exchange=eq.EGX&order=date.desc&offset=27000&limit=1000 "HTTP/2 200 OK"
2026-06-19 18:57:48 [INFO] httpx: HTTP Request: GET https://gfcmaxbtscmizsakarvc.supabase.co/rest/v1/stock_prices?select=symbol%2Cclose%2Cdate%2Cvolume&exchange=eq.EGX&order=date.desc&offset=28000&limit=1000 "HTTP/2 200 OK"
2026-06-19 18:57:48 [INFO] httpx: HTTP Request: GET https://gfcmaxbtscmizsakarvc.supabase.co/rest/v1/stock_prices?select=symbol%2Cclose%2Cdate%2Cvolume&exchange=eq.EGX&order=date.desc&offset=29000&limit=1000 "HTTP/2 200 OK"
2026-06-19 18:57:48 [INFO] httpx: HTTP Request: GET https://gfcmaxbtscmizsakarvc.supabase.co/rest/v1/stock_prices?select=date&symbol=eq.AALR&exchange=eq.EGX&order=date.desc&limit=1 "HTTP/2 206 Partial Content"
2026-06-19 18:57:48 [INFO] httpx: HTTP Request: GET https://gfcmaxbtscmizsakarvc.supabase.co/rest/v1/stock_prices?select=date&symbol=eq.ADCI&exchange=eq.EGX&order=date.desc&limit=1 "HTTP/2 206 Partial Content"
2026-06-19 18:57:48 [INFO] httpx: HTTP Request: GET https://gfcmaxbtscmizsakarvc.supabase.co/rest/v1/stock_prices?select=date&symbol=eq.ACGC&exchange=eq.EGX&order=date.desc&limit=1 "HTTP/2 206 Partial Content"
2026-06-19 18:57:48 [INFO] httpx: HTTP Request: GET https://gfcmaxbtscmizsakarvc.supabase.co/rest/v1/stock_prices?select=date&symbol=eq.ACTF&exchange=eq.EGX&order=date.desc&limit=1 "HTTP/2 206 Partial Content"
2026-06-19 18:57:48 [INFO] httpx: HTTP Request: GET https://gfcmaxbtscmizsakarvc.supabase.co/rest/v1/stock_prices?select=date&symbol=eq.ADIB&exchange=eq.EGX&order=date.desc&limit=1 "HTTP/2 206 Partial Content"
2026-06-19 18:57:48 [INFO] httpx: HTTP Request: GET https://gfcmaxbtscmizsakarvc.supabase.co/rest/v1/stock_prices?select=date&symbol=eq.ADPC&exchange=eq.EGX&order=date.desc&limit=1 "HTTP/2 206 Partial Content"
2026-06-19 18:57:48 [INFO] httpx: HTTP Request: GET https://gfcmaxbtscmizsakarvc.supabase.co/rest/v1/stock_prices?select=date&symbol=eq.AFDI&exchange=eq.EGX&order=date.desc&limit=1 "HTTP/2 206 Partial Content"
2026-06-19 18:57:48 [INFO] httpx: HTTP Request: GET https://gfcmaxbtscmizsakarvc.supabase.co/rest/v1/stock_prices?select=date&symbol=eq.ACAMD&exchange=eq.EGX&order=date.desc&limit=1 "HTTP/2 206 Partial Content"
2026-06-19 18:57:48 [INFO] httpx: HTTP Request: GET https://gfcmaxbtscmizsakarvc.supabase.co/rest/v1/stock_prices?select=date&symbol=eq.ABUK&exchange=eq.EGX&order=date.desc&limit=1 "HTTP/2 206 Partial Content"
2026-06-19 18:57:48 [INFO] httpx: HTTP Request: GET https://gfcmaxbtscmizsakarvc.supabase.co/rest/v1/stock_prices?select=date&symbol=eq.ACAP&exchange=eq.EGX&order=date.desc&limit=1 "HTTP/2 206 Partial Content"
2026-06-19 18:57:50 [WARNING] tvDatafeed.main: you are using nologin method, data you access may be limited
2026-06-19 18:57:50 [WARNING] tvDatafeed.main: you are using nologin method, data you access may be limited
2026-06-19 18:57:50 [WARNING] tvDatafeed.main: you are using nologin method, data you access may be limited
2026-06-19 18:57:50 [WARNING] tvDatafeed.main: you are using nologin method, data you access may be limited
2026-06-19 18:57:50 [WARNING] tvDatafeed.main: you are using nologin method, data you access may be limited
2026-06-19 18:57:50 [WARNING] tvDatafeed.main: you are using nologin method, data you access may be limited
2026-06-19 18:57:50 [WARNING] tvDatafeed.main: you are using nologin method, data you access may be limited
2026-06-19 18:57:50 [WARNING] tvDatafeed.main: you are using nologin method, data you access may be limited
2026-06-19 18:57:50 [WARNING] tvDatafeed.main: you are using nologin method, data you access may be limited
2026-06-19 18:57:50 [WARNING] tvDatafeed.main: you are using nologin method, data you access may be limited
2026-06-19 18:57:52 [INFO] httpx: HTTP Request: POST https://gfcmaxbtscmizsakarvc.supabase.co/rest/v1/stock_prices?on_conflict=symbol%2Cexchange%2Cdate&columns=%22close%22%2C%22date%22%2C%22volume%22%2C%22low%22%2C%22adjusted_close%22%2C%22symbol%22%2C%22open%22%2C%22high%22%2C%22exchange%22 "HTTP/2 200 OK"
2026-06-19 18:57:52 [INFO] httpx: HTTP Request: POST https://gfcmaxbtscmizsakarvc.supabase.co/rest/v1/stock_prices?on_conflict=symbol%2Cexchange%2Cdate&columns=%22close%22%2C%22date%22%2C%22volume%22%2C%22low%22%2C%22adjusted_close%22%2C%22symbol%22%2C%22open%22%2C%22high%22%2C%22exchange%22 "HTTP/2 200 OK"
2026-06-19 18:57:53 [INFO] httpx: HTTP Request: POST https://gfcmaxbtscmizsakarvc.supabase.co/rest/v1/stock_prices?on_conflict=symbol%2Cexchange%2Cdate&columns=%22close%22%2C%22date%22%2C%22volume%22%2C%22low%22%2C%22adjusted_close%22%2C%22symbol%22%2C%22open%22%2C%22high%22%2C%22exchange%22 "HTTP/2 200 OK"
2026-06-19 18:57:53 [INFO] httpx: HTTP Request: POST https://gfcmaxbtscmizsakarvc.supabase.co/rest/v1/stock_prices?on_conflict=symbol%2Cexchange%2Cdate&columns=%22close%22%2C%22date%22%2C%22volume%22%2C%22low%22%2C%22adjusted_close%22%2C%22symbol%22%2C%22open%22%2C%22high%22%2C%22exchange%22 "HTTP/2 200 OK"
2026-06-19 18:57:53 [INFO] httpx: HTTP Request: GET https://gfcmaxbtscmizsakarvc.supabase.co/rest/v1/stock_prices?select=date&symbol=eq.AGIG&exchange=eq.EGX&order=date.desc&limit=1 "HTTP/2 200 OK"
2026-06-19 18:57:53 [INFO] httpx: HTTP Request: GET https://gfcmaxbtscmizsakarvc.supabase.co/rest/v1/stock_prices?select=date&symbol=eq.AFMC&exchange=eq.EGX&order=date.desc&limit=1 "HTTP/2 206 Partial Content"
2026-06-19 18:57:53 [INFO] httpx: HTTP Request: POST https://gfcmaxbtscmizsakarvc.supabase.co/rest/v1/stock_prices?on_conflict=symbol%2Cexchange%2Cdate&columns=%22close%22%2C%22date%22%2C%22volume%22%2C%22low%22%2C%22adjusted_close%22%2C%22symbol%22%2C%22open%22%2C%22high%22%2C%22exchange%22 "HTTP/2 200 OK"
2026-06-19 18:57:53 [INFO] httpx: HTTP Request: POST https://gfcmaxbtscmizsakarvc.supabase.co/rest/v1/stock_prices?on_conflict=symbol%2Cexchange%2Cdate&columns=%22close%22%2C%22date%22%2C%22volume%22%2C%22low%22%2C%22adjusted_close%22%2C%22symbol%22%2C%22open%22%2C%22high%22%2C%22exchange%22 "HTTP/2 200 OK"
2026-06-19 18:57:53 [INFO] httpx: HTTP Request: POST https://gfcmaxbtscmizsakarvc.supabase.co/rest/v1/stock_prices?on_conflict=symbol%2Cexchange%2Cdate&columns=%22close%22%2C%22date%22%2C%22volume%22%2C%22low%22%2C%22adjusted_close%22%2C%22symbol%22%2C%22open%22%2C%22high%22%2C%22exchange%22 "HTTP/2 200 OK"
2026-06-19 18:57:53 [INFO] httpx: HTTP Request: POST https://gfcmaxbtscmizsakarvc.supabase.co/rest/v1/stock_prices?on_conflict=symbol%2Cexchange%2Cdate&columns=%22close%22%2C%22date%22%2C%22volume%22%2C%22low%22%2C%22adjusted_close%22%2C%22symbol%22%2C%22open%22%2C%22high%22%2C%22exchange%22 "HTTP/2 200 OK"
2026-06-19 18:57:53 [INFO] httpx: HTTP Request: POST https://gfcmaxbtscmizsakarvc.supabase.co/rest/v1/stock_prices?on_conflict=symbol%2Cexchange%2Cdate&columns=%22close%22%2C%22date%22%2C%22volume%22%2C%22low%22%2C%22adjusted_close%22%2C%22symbol%22%2C%22open%22%2C%22high%22%2C%22exchange%22 "HTTP/2 200 OK"
2026-06-19 18:57:53 [INFO] httpx: HTTP Request: GET https://gfcmaxbtscmizsakarvc.supabase.co/rest/v1/stock_prices?select=date&symbol=eq.AIDC&exchange=eq.EGX&order=date.desc&limit=1 "HTTP/2 206 Partial Content"
2026-06-19 18:57:53 [INFO] httpx: HTTP Request: POST https://gfcmaxbtscmizsakarvc.supabase.co/rest/v1/stock_prices?on_conflict=symbol%2Cexchange%2Cdate&columns=%22close%22%2C%22date%22%2C%22volume%22%2C%22low%22%2C%22adjusted_close%22%2C%22symbol%22%2C%22open%22%2C%22high%22%2C%22exchange%22 "HTTP/2 201 Created"
2026-06-19 18:57:53 [INFO] httpx: HTTP Request: POST https://gfcmaxbtscmizsakarvc.supabase.co/rest/v1/stock_prices?on_conflict=symbol%2Cexchange%2Cdate&columns=%22close%22%2C%22date%22%2C%22volume%22%2C%22low%22%2C%22adjusted_close%22%2C%22symbol%22%2C%22open%22%2C%22high%22%2C%22exchange%22 "HTTP/2 200 OK"
2026-06-19 18:57:53 [INFO] httpx: HTTP Request: POST https://gfcmaxbtscmizsakarvc.supabase.co/rest/v1/stock_prices?on_conflict=symbol%2Cexchange%2Cdate&columns=%22close%22%2C%22date%22%2C%22volume%22%2C%22low%22%2C%22adjusted_close%22%2C%22symbol%22%2C%22open%22%2C%22high%22%2C%22exchange%22 "HTTP/2 200 OK"
2026-06-19 18:57:53 [INFO] httpx: HTTP Request: POST https://gfcmaxbtscmizsakarvc.supabase.co/rest/v1/stock_prices?on_conflict=symbol%2Cexchange%2Cdate&columns=%22close%22%2C%22date%22%2C%22volume%22%2C%22low%22%2C%22adjusted_close%22%2C%22symbol%22%2C%22open%22%2C%22high%22%2C%22exchange%22 "HTTP/2 200 OK"
2026-06-19 18:57:54 [INFO] httpx: HTTP Request: GET https://gfcmaxbtscmizsakarvc.supabase.co/rest/v1/stock_prices?select=date&symbol=eq.AITG&exchange=eq.EGX&order=date.desc&limit=1 "HTTP/2 200 OK"
2026-06-19 18:57:54 [INFO] httpx: HTTP Request: GET https://gfcmaxbtscmizsakarvc.supabase.co/rest/v1/stock_prices?select=date&symbol=eq.AIVCB&exchange=eq.EGX&order=date.desc&limit=1 "HTTP/2 200 OK"
2026-06-19 18:57:54 [INFO] httpx: HTTP Request: GET https://gfcmaxbtscmizsakarvc.supabase.co/rest/v1/stock_prices?select=date&symbol=eq.ALCN&exchange=eq.EGX&order=date.desc&limit=1 "HTTP/2 206 Partial Content"
2026-06-19 18:57:54 [INFO] httpx: HTTP Request: GET https://gfcmaxbtscmizsakarvc.supabase.co/rest/v1/stock_prices?select=date&symbol=eq.ALEX&exchange=eq.EGX&order=date.desc&limit=1 "HTTP/2 206 Partial Content"
2026-06-19 18:57:54 [INFO] httpx: HTTP Request: GET https://gfcmaxbtscmizsakarvc.supabase.co/rest/v1/stock_prices?select=date&symbol=eq.AJWA&exchange=eq.EGX&order=date.desc&limit=1 "HTTP/2 206 Partial Content"
2026-06-19 18:57:54 [WARNING] tvDatafeed.main: you are using nologin method, data you access may be limited
2026-06-19 18:57:54 [WARNING] tvDatafeed.main: you are using nologin method, data you access may be limited
2026-06-19 18:57:54 [INFO] httpx: HTTP Request: POST https://gfcmaxbtscmizsakarvc.supabase.co/rest/v1/stock_prices?on_conflict=symbol%2Cexchange%2Cdate&columns=%22close%22%2C%22date%22%2C%22volume%22%2C%22low%22%2C%22adjusted_close%22%2C%22symbol%22%2C%22open%22%2C%22high%22%2C%22exchange%22 "HTTP/2 200 OK"
2026-06-19 18:57:55 [WARNING] tvDatafeed.main: you are using nologin method, data you access may be limited
2026-06-19 18:57:55 [WARNING] tvDatafeed.main: you are using nologin method, data you access may be limited
2026-06-19 18:57:55 [INFO] httpx: HTTP Request: GET https://gfcmaxbtscmizsakarvc.supabase.co/rest/v1/stock_prices?select=date&symbol=eq.ALRA&exchange=eq.EGX&order=date.desc&limit=1 "HTTP/2 200 OK"
2026-06-19 18:57:56 [INFO] httpx: HTTP Request: POST https://gfcmaxbtscmizsakarvc.supabase.co/rest/v1/stock_prices?on_conflict=symbol%2Cexchange%2Cdate&columns=%22close%22%2C%22date%22%2C%22volume%22%2C%22low%22%2C%22adjusted_close%22%2C%22symbol%22%2C%22open%22%2C%22high%22%2C%22exchange%22 "HTTP/2 200 OK"
2026-06-19 18:57:56 [WARNING] tvDatafeed.main: you are using nologin method, data you access may be limited
2026-06-19 18:57:56 [WARNING] tvDatafeed.main: you are using nologin method, data you access may be limited
2026-06-19 18:57:56 [WARNING] tvDatafeed.main: you are using nologin method, data you access may be limited
2026-06-19 18:57:56 [WARNING] tvDatafeed.main: you are using nologin method, data you access may be limited
2026-06-19 18:57:57 [INFO] httpx: HTTP Request: GET https://gfcmaxbtscmizsakarvc.supabase.co/rest/v1/stock_prices?select=date&symbol=eq.ALUM&exchange=eq.EGX&order=date.desc&limit=1 "HTTP/2 206 Partial Content"
2026-06-19 18:57:57 [INFO] httpx: HTTP Request: POST https://gfcmaxbtscmizsakarvc.supabase.co/rest/v1/stock_prices?on_conflict=symbol%2Cexchange%2Cdate&columns=%22close%22%2C%22date%22%2C%22volume%22%2C%22low%22%2C%22adjusted_close%22%2C%22symbol%22%2C%22open%22%2C%22high%22%2C%22exchange%22 "HTTP/2 200 OK"
2026-06-19 18:57:57 [WARNING] tvDatafeed.main: you are using nologin method, data you access may be limited
2026-06-19 18:57:58 [INFO] httpx: HTTP Request: GET https://gfcmaxbtscmizsakarvc.supabase.co/rest/v1/stock_prices?select=date&symbol=eq.AMER&exchange=eq.EGX&order=date.desc&limit=1 "HTTP/2 206 Partial Content"
2026-06-19 18:57:58 [INFO] httpx: HTTP Request: POST https://gfcmaxbtscmizsakarvc.supabase.co/rest/v1/stock_prices?on_conflict=symbol%2Cexchange%2Cdate&columns=%22close%22%2C%22date%22%2C%22volume%22%2C%22low%22%2C%22adjusted_close%22%2C%22symbol%22%2C%22open%22%2C%22high%22%2C%22exchange%22 "HTTP/2 200 OK"
2026-06-19 18:57:58 [WARNING] tvDatafeed.main: you are using nologin method, data you access may be limited
2026-06-19 18:57:58 [INFO] httpx: HTTP Request: POST https://gfcmaxbtscmizsakarvc.supabase.co/rest/v1/stock_prices?on_conflict=symbol%2Cexchange%2Cdate&columns=%22close%22%2C%22date%22%2C%22volume%22%2C%22low%22%2C%22adjusted_close%22%2C%22symbol%22%2C%22open%22%2C%22high%22%2C%22exchange%22 "HTTP/2 200 OK"
2026-06-19 18:57:59 [INFO] httpx: HTTP Request: POST https://gfcmaxbtscmizsakarvc.supabase.co/rest/v1/stock_prices?on_conflict=symbol%2Cexchange%2Cdate&columns=%22close%22%2C%22date%22%2C%22volume%22%2C%22low%22%2C%22adjusted_close%22%2C%22symbol%22%2C%22open%22%2C%22high%22%2C%22exchange%22 "HTTP/2 200 OK"
2026-06-19 18:57:59 [INFO] httpx: HTTP Request: POST https://gfcmaxbtscmizsakarvc.supabase.co/rest/v1/stock_prices?on_conflict=symbol%2Cexchange%2Cdate&columns=%22close%22%2C%22date%22%2C%22volume%22%2C%22low%22%2C%22adjusted_close%22%2C%22symbol%22%2C%22open%22%2C%22high%22%2C%22exchange%22 "HTTP/2 200 OK"
2026-06-19 18:57:59 [INFO] httpx: HTTP Request: GET https://gfcmaxbtscmizsakarvc.supabase.co/rest/v1/stock_prices?select=date&symbol=eq.AMES&exchange=eq.EGX&order=date.desc&limit=1 "HTTP/2 206 Partial Content"
2026-06-19 18:57:59 [INFO] httpx: HTTP Request: POST https://gfcmaxbtscmizsakarvc.supabase.co/rest/v1/stock_prices?on_conflict=symbol%2Cexchange%2Cdate&columns=%22close%22%2C%22date%22%2C%22volume%22%2C%22low%22%2C%22adjusted_close%22%2C%22symbol%22%2C%22open%22%2C%22high%22%2C%22exchange%22 "HTTP/2 200 OK"
2026-06-19 18:57:59 [INFO] httpx: HTTP Request: GET https://gfcmaxbtscmizsakarvc.supabase.co/rest/v1/stock_prices?select=date&symbol=eq.AMIA&exchange=eq.EGX&order=date.desc&limit=1 "HTTP/2 206 Partial Content"
2026-06-19 18:57:59 [WARNING] tvDatafeed.main: you are using nologin method, data you access may be limited
2026-06-19 18:58:00 [INFO] httpx: HTTP Request: POST https://gfcmaxbtscmizsakarvc.supabase.co/rest/v1/stock_prices?on_conflict=symbol%2Cexchange%2Cdate&columns=%22close%22%2C%22date%22%2C%22volume%22%2C%22low%22%2C%22adjusted_close%22%2C%22symbol%22%2C%22open%22%2C%22high%22%2C%22exchange%22 "HTTP/2 200 OK"
2026-06-19 18:58:00 [INFO] httpx: HTTP Request: GET https://gfcmaxbtscmizsakarvc.supabase.co/rest/v1/stock_prices?select=date&symbol=eq.AMOC&exchange=eq.EGX&order=date.desc&limit=1 "HTTP/2 206 Partial Content"
2026-06-19 18:58:00 [INFO] httpx: HTTP Request: GET https://gfcmaxbtscmizsakarvc.supabase.co/rest/v1/stock_prices?select=date&symbol=eq.APPC&exchange=eq.EGX&order=date.desc&limit=1 "HTTP/2 206 Partial Content"
2026-06-19 18:58:01 [WARNING] tvDatafeed.main: you are using nologin method, data you access may be limited
2026-06-19 18:58:01 [WARNING] tvDatafeed.main: you are using nologin method, data you access may be limited
2026-06-19 18:58:01 [INFO] httpx: HTTP Request: POST https://gfcmaxbtscmizsakarvc.supabase.co/rest/v1/stock_prices?on_conflict=symbol%2Cexchange%2Cdate&columns=%22close%22%2C%22date%22%2C%22volume%22%2C%22low%22%2C%22adjusted_close%22%2C%22symbol%22%2C%22open%22%2C%22high%22%2C%22exchange%22 "HTTP/2 200 OK"
2026-06-19 18:58:01 [ERROR] tvDatafeed.main: Connection to remote host was lost.
2026-06-19 18:58:01 [ERROR] tvDatafeed.main: no data, please check the exchange and symbol
2026-06-19 18:58:01 [WARNING] tvDatafeed.main: you are using nologin method, data you access may be limited
2026-06-19 18:58:01 [INFO] httpx: HTTP Request: GET https://gfcmaxbtscmizsakarvc.supabase.co/rest/v1/stock_prices?select=date&symbol=eq.APSW&exchange=eq.EGX&order=date.desc&limit=1 "HTTP/2 206 Partial Content"
2026-06-19 18:58:02 [WARNING] tvDatafeed.main: you are using nologin method, data you access may be limited
2026-06-19 18:58:02 [INFO] httpx: HTTP Request: POST https://gfcmaxbtscmizsakarvc.supabase.co/rest/v1/stock_prices?on_conflict=symbol%2Cexchange%2Cdate&columns=%22close%22%2C%22date%22%2C%22volume%22%2C%22low%22%2C%22adjusted_close%22%2C%22symbol%22%2C%22open%22%2C%22high%22%2C%22exchange%22 "HTTP/2 200 OK"
2026-06-19 18:58:02 [INFO] httpx: HTTP Request: POST https://gfcmaxbtscmizsakarvc.supabase.co/rest/v1/stock_prices?on_conflict=symbol%2Cexchange%2Cdate&columns=%22close%22%2C%22date%22%2C%22volume%22%2C%22low%22%2C%22adjusted_close%22%2C%22symbol%22%2C%22open%22%2C%22high%22%2C%22exchange%22 "HTTP/2 200 OK"
2026-06-19 18:58:02 [ERROR] tvDatafeed.main: Connection to remote host was lost.
2026-06-19 18:58:02 [ERROR] tvDatafeed.main: no data, please check the exchange and symbol
2026-06-19 18:58:02 [ERROR] tvDatafeed.main: Connection timed out
2026-06-19 18:58:02 [ERROR] tvDatafeed.main: no data, please check the exchange and symbol
2026-06-19 18:58:02 [ERROR] tvDatafeed.main: Connection timed out
2026-06-19 18:58:02 [ERROR] tvDatafeed.main: no data, please check the exchange and symbol
2026-06-19 18:58:02 [INFO] httpx: HTTP Request: POST https://gfcmaxbtscmizsakarvc.supabase.co/rest/v1/stock_prices?on_conflict=symbol%2Cexchange%2Cdate&columns=%22close%22%2C%22date%22%2C%22volume%22%2C%22low%22%2C%22adjusted_close%22%2C%22symbol%22%2C%22open%22%2C%22high%22%2C%22exchange%22 "HTTP/2 201 Created"
2026-06-19 18:58:03 [INFO] httpx: HTTP Request: POST https://gfcmaxbtscmizsakarvc.supabase.co/rest/v1/stock_prices?on_conflict=symbol%2Cexchange%2Cdate&columns=%22close%22%2C%22date%22%2C%22volume%22%2C%22low%22%2C%22adjusted_close%22%2C%22symbol%22%2C%22open%22%2C%22high%22%2C%22exchange%22 "HTTP/2 201 Created"
2026-06-19 18:58:03 [INFO] httpx: HTTP Request: GET https://gfcmaxbtscmizsakarvc.supabase.co/rest/v1/stock_prices?select=date&symbol=eq.ARCC&exchange=eq.EGX&order=date.desc&limit=1 "HTTP/2 206 Partial Content"
2026-06-19 18:58:03 [INFO] httpx: HTTP Request: POST https://gfcmaxbtscmizsakarvc.supabase.co/rest/v1/stock_prices?on_conflict=symbol%2Cexchange%2Cdate&columns=%22close%22%2C%22date%22%2C%22volume%22%2C%22low%22%2C%22adjusted_close%22%2C%22symbol%22%2C%22open%22%2C%22high%22%2C%22exchange%22 "HTTP/2 200 OK"
2026-06-19 18:58:03 [INFO] httpx: HTTP Request: GET https://gfcmaxbtscmizsakarvc.supabase.co/rest/v1/stock_prices?select=date&symbol=eq.ARAB&exchange=eq.EGX&order=date.desc&limit=1 "HTTP/2 206 Partial Content"
2026-06-19 18:58:03 [INFO] httpx: HTTP Request: POST https://gfcmaxbtscmizsakarvc.supabase.co/rest/v1/stock_prices?on_conflict=symbol%2Cexchange%2Cdate&columns=%22close%22%2C%22date%22%2C%22volume%22%2C%22low%22%2C%22adjusted_close%22%2C%22symbol%22%2C%22open%22%2C%22high%22%2C%22exchange%22 "HTTP/2 201 Created"
2026-06-19 18:58:03 [ERROR] tvDatafeed.main: Connection timed out
2026-06-19 18:58:03 [ERROR] tvDatafeed.main: no data, please check the exchange and symbol
2026-06-19 18:58:03 [INFO] httpx: HTTP Request: GET https://gfcmaxbtscmizsakarvc.supabase.co/rest/v1/stock_prices?select=date&symbol=eq.AREH&exchange=eq.EGX&order=date.desc&limit=1 "HTTP/2 206 Partial Content"
2026-06-19 18:58:03 [INFO] httpx: HTTP Request: POST https://gfcmaxbtscmizsakarvc.supabase.co/rest/v1/stock_prices?on_conflict=symbol%2Cexchange%2Cdate&columns=%22close%22%2C%22date%22%2C%22volume%22%2C%22low%22%2C%22adjusted_close%22%2C%22symbol%22%2C%22open%22%2C%22high%22%2C%22exchange%22 "HTTP/2 200 OK"
2026-06-19 18:58:03 [WARNING] tvDatafeed.main: you are using nologin method, data you access may be limited
2026-06-19 18:58:03 [INFO] httpx: HTTP Request: GET https://gfcmaxbtscmizsakarvc.supabase.co/rest/v1/stock_prices?select=date&symbol=eq.AREHA&exchange=eq.EGX&order=date.desc&limit=1 "HTTP/2 200 OK"
2026-06-19 18:58:03 [INFO] httpx: HTTP Request: POST https://gfcmaxbtscmizsakarvc.supabase.co/rest/v1/stock_prices?on_conflict=symbol%2Cexchange%2Cdate&columns=%22close%22%2C%22date%22%2C%22volume%22%2C%22low%22%2C%22adjusted_close%22%2C%22symbol%22%2C%22open%22%2C%22high%22%2C%22exchange%22 "HTTP/2 201 Created"
2026-06-19 18:58:04 [INFO] httpx: HTTP Request: POST https://gfcmaxbtscmizsakarvc.supabase.co/rest/v1/stock_prices?on_conflict=symbol%2Cexchange%2Cdate&columns=%22close%22%2C%22date%22%2C%22volume%22%2C%22low%22%2C%22adjusted_close%22%2C%22symbol%22%2C%22open%22%2C%22high%22%2C%22exchange%22 "HTTP/2 200 OK"
2026-06-19 18:58:04 [INFO] httpx: HTTP Request: GET https://gfcmaxbtscmizsakarvc.supabase.co/rest/v1/stock_prices?select=date&symbol=eq.ARVA&exchange=eq.EGX&order=date.desc&limit=1 "HTTP/2 206 Partial Content"
2026-06-19 18:58:04 [INFO] httpx: HTTP Request: GET https://gfcmaxbtscmizsakarvc.supabase.co/rest/v1/stock_prices?select=date&symbol=eq.ASPI&exchange=eq.EGX&order=date.desc&limit=1 "HTTP/2 206 Partial Content"
2026-06-19 18:58:04 [INFO] httpx: HTTP Request: GET https://gfcmaxbtscmizsakarvc.supabase.co/rest/v1/stock_prices?select=date&symbol=eq.ASCM&exchange=eq.EGX&order=date.desc&limit=1 "HTTP/2 206 Partial Content"
2026-06-19 18:58:04 [INFO] httpx: HTTP Request: GET https://gfcmaxbtscmizsakarvc.supabase.co/rest/v1/stock_prices?select=date&symbol=eq.ATLC&exchange=eq.EGX&order=date.desc&limit=1 "HTTP/2 206 Partial Content"
2026-06-19 18:58:04 [WARNING] tvDatafeed.main: you are using nologin method, data you access may be limited
2026-06-19 18:58:04 [WARNING] tvDatafeed.main: you are using nologin method, data you access may be limited
2026-06-19 18:58:05 [WARNING] tvDatafeed.main: you are using nologin method, data you access may be limited
2026-06-19 18:58:05 [ERROR] tvDatafeed.main: Connection timed out
2026-06-19 18:58:05 [ERROR] tvDatafeed.main: no data, please check the exchange and symbol
2026-06-19 18:58:05 [INFO] httpx: HTTP Request: POST https://gfcmaxbtscmizsakarvc.supabase.co/rest/v1/stock_prices?on_conflict=symbol%2Cexchange%2Cdate&columns=%22close%22%2C%22date%22%2C%22volume%22%2C%22low%22%2C%22adjusted_close%22%2C%22symbol%22%2C%22open%22%2C%22high%22%2C%22exchange%22 "HTTP/2 200 OK"
2026-06-19 18:58:05 [WARNING] tvDatafeed.main: you are using nologin method, data you access may be limited
2026-06-19 18:58:05 [WARNING] tvDatafeed.main: you are using nologin method, data you access may be limited
2026-06-19 18:58:05 [WARNING] tvDatafeed.main: you are using nologin method, data you access may be limited
2026-06-19 18:58:05 [INFO] httpx: HTTP Request: GET https://gfcmaxbtscmizsakarvc.supabase.co/rest/v1/stock_prices?select=date&symbol=eq.ATQA&exchange=eq.EGX&order=date.desc&limit=1 "HTTP/2 206 Partial Content"
2026-06-19 18:58:05 [INFO] httpx: HTTP Request: GET https://gfcmaxbtscmizsakarvc.supabase.co/rest/v1/stock_prices?select=date&symbol=eq.AUTO&exchange=eq.EGX&order=date.desc&limit=1 "HTTP/2 200 OK"
2026-06-19 18:58:05 [WARNING] tvDatafeed.main: you are using nologin method, data you access may be limited
2026-06-19 18:58:05 [WARNING] tvDatafeed.main: you are using nologin method, data you access may be limited
2026-06-19 18:58:06 [INFO] httpx: HTTP Request: POST https://gfcmaxbtscmizsakarvc.supabase.co/rest/v1/stock_prices?on_conflict=symbol%2Cexchange%2Cdate&columns=%22close%22%2C%22date%22%2C%22volume%22%2C%22low%22%2C%22adjusted_close%22%2C%22symbol%22%2C%22open%22%2C%22high%22%2C%22exchange%22 "HTTP/2 200 OK"
2026-06-19 18:58:06 [INFO] httpx: HTTP Request: GET https://gfcmaxbtscmizsakarvc.supabase.co/rest/v1/stock_prices?select=date&symbol=eq.AXPH&exchange=eq.EGX&order=date.desc&limit=1 "HTTP/2 206 Partial Content"
2026-06-19 18:58:06 [INFO] httpx: HTTP Request: POST https://gfcmaxbtscmizsakarvc.supabase.co/rest/v1/stock_prices?on_conflict=symbol%2Cexchange%2Cdate&columns=%22close%22%2C%22date%22%2C%22volume%22%2C%22low%22%2C%22adjusted_close%22%2C%22symbol%22%2C%22open%22%2C%22high%22%2C%22exchange%22 "HTTP/2 200 OK"
2026-06-19 18:58:07 [INFO] httpx: HTTP Request: POST https://gfcmaxbtscmizsakarvc.supabase.co/rest/v1/stock_prices?on_conflict=symbol%2Cexchange%2Cdate&columns=%22close%22%2C%22date%22%2C%22volume%22%2C%22low%22%2C%22adjusted_close%22%2C%22symbol%22%2C%22open%22%2C%22high%22%2C%22exchange%22 "HTTP/2 200 OK"
2026-06-19 18:58:07 [INFO] httpx: HTTP Request: GET https://gfcmaxbtscmizsakarvc.supabase.co/rest/v1/stock_prices?select=date&symbol=eq.BINV&exchange=eq.EGX&order=date.desc&limit=1 "HTTP/2 206 Partial Content"
2026-06-19 18:58:07 [WARNING] tvDatafeed.main: you are using nologin method, data you access may be limited
2026-06-19 18:58:07 [WARNING] tvDatafeed.main: you are using nologin method, data you access may be limited
2026-06-19 18:58:07 [INFO] httpx: HTTP Request: GET https://gfcmaxbtscmizsakarvc.supabase.co/rest/v1/stock_prices?select=date&symbol=eq.BIOC&exchange=eq.EGX&order=date.desc&limit=1 "HTTP/2 206 Partial Content"
2026-06-19 18:58:08 [ERROR] tvDatafeed.main: Connection to remote host was lost.
2026-06-19 18:58:08 [ERROR] tvDatafeed.main: no data, please check the exchange and symbol
2026-06-19 18:58:08 [WARNING] tvDatafeed.main: you are using nologin method, data you access may be limited
2026-06-19 18:58:08 [INFO] httpx: HTTP Request: POST https://gfcmaxbtscmizsakarvc.supabase.co/rest/v1/stock_prices?on_conflict=symbol%2Cexchange%2Cdate&columns=%22close%22%2C%22date%22%2C%22volume%22%2C%22low%22%2C%22adjusted_close%22%2C%22symbol%22%2C%22open%22%2C%22high%22%2C%22exchange%22 "HTTP/2 200 OK"
2026-06-19 18:58:08 [WARNING] tvDatafeed.main: you are using nologin method, data you access may be limited
2026-06-19 18:58:08 [INFO] httpx: HTTP Request: POST https://gfcmaxbtscmizsakarvc.supabase.co/rest/v1/stock_prices?on_conflict=symbol%2Cexchange%2Cdate&columns=%22close%22%2C%22date%22%2C%22volume%22%2C%22low%22%2C%22adjusted_close%22%2C%22symbol%22%2C%22open%22%2C%22high%22%2C%22exchange%22 "HTTP/2 200 OK"
2026-06-19 18:58:09 [INFO] httpx: HTTP Request: POST https://gfcmaxbtscmizsakarvc.supabase.co/rest/v1/stock_prices?on_conflict=symbol%2Cexchange%2Cdate&columns=%22close%22%2C%22date%22%2C%22volume%22%2C%22low%22%2C%22adjusted_close%22%2C%22symbol%22%2C%22open%22%2C%22high%22%2C%22exchange%22 "HTTP/2 200 OK"
2026-06-19 18:58:09 [WARNING] tvDatafeed.main: you are using nologin method, data you access may be limited
2026-06-19 18:58:09 [INFO] httpx: HTTP Request: POST https://gfcmaxbtscmizsakarvc.supabase.co/rest/v1/stock_prices?on_conflict=symbol%2Cexchange%2Cdate&columns=%22close%22%2C%22date%22%2C%22volume%22%2C%22low%22%2C%22adjusted_close%22%2C%22symbol%22%2C%22open%22%2C%22high%22%2C%22exchange%22 "HTTP/2 201 Created"
2026-06-19 18:58:09 [INFO] httpx: HTTP Request: GET https://gfcmaxbtscmizsakarvc.supabase.co/rest/v1/stock_prices?select=date&symbol=eq.BONY&exchange=eq.EGX&order=date.desc&limit=1 "HTTP/2 206 Partial Content"
2026-06-19 18:58:09 [INFO] httpx: HTTP Request: POST https://gfcmaxbtscmizsakarvc.supabase.co/rest/v1/stock_prices?on_conflict=symbol%2Cexchange%2Cdate&columns=%22close%22%2C%22date%22%2C%22volume%22%2C%22low%22%2C%22adjusted_close%22%2C%22symbol%22%2C%22open%22%2C%22high%22%2C%22exchange%22 "HTTP/2 200 OK"
2026-06-19 18:58:09 [INFO] httpx: HTTP Request: POST https://gfcmaxbtscmizsakarvc.supabase.co/rest/v1/stock_prices?on_conflict=symbol%2Cexchange%2Cdate&columns=%22close%22%2C%22date%22%2C%22volume%22%2C%22low%22%2C%22adjusted_close%22%2C%22symbol%22%2C%22open%22%2C%22high%22%2C%22exchange%22 "HTTP/2 200 OK"
2026-06-19 18:58:10 [INFO] httpx: HTTP Request: GET https://gfcmaxbtscmizsakarvc.supabase.co/rest/v1/stock_prices?select=date&symbol=eq.BTFH&exchange=eq.EGX&order=date.desc&limit=1 "HTTP/2 206 Partial Content"
2026-06-19 18:58:10 [INFO] httpx: HTTP Request: GET https://gfcmaxbtscmizsakarvc.supabase.co/rest/v1/stock_prices?select=date&symbol=eq.CAED&exchange=eq.EGX&order=date.desc&limit=1 "HTTP/2 206 Partial Content"
2026-06-19 18:58:10 [INFO] httpx: HTTP Request: GET https://gfcmaxbtscmizsakarvc.supabase.co/rest/v1/stock_prices?select=date&symbol=eq.CANA&exchange=eq.EGX&order=date.desc&limit=1 "HTTP/2 206 Partial Content"
2026-06-19 18:58:10 [INFO] httpx: HTTP Request: POST https://gfcmaxbtscmizsakarvc.supabase.co/rest/v1/stock_prices?on_conflict=symbol%2Cexchange%2Cdate&columns=%22close%22%2C%22date%22%2C%22volume%22%2C%22low%22%2C%22adjusted_close%22%2C%22symbol%22%2C%22open%22%2C%22high%22%2C%22exchange%22 "HTTP/2 200 OK"
2026-06-19 18:58:11 [WARNING] tvDatafeed.main: you are using nologin method, data you access may be limited
2026-06-19 18:58:11 [INFO] httpx: HTTP Request: GET https://gfcmaxbtscmizsakarvc.supabase.co/rest/v1/stock_prices?select=date&symbol=eq.CCAP&exchange=eq.EGX&order=date.desc&limit=1 "HTTP/2 206 Partial Content"
2026-06-19 18:58:11 [INFO] httpx: HTTP Request: POST https://gfcmaxbtscmizsakarvc.supabase.co/rest/v1/stock_prices?on_conflict=symbol%2Cexchange%2Cdate&columns=%22close%22%2C%22date%22%2C%22volume%22%2C%22low%22%2C%22adjusted_close%22%2C%22symbol%22%2C%22open%22%2C%22high%22%2C%22exchange%22 "HTTP/2 200 OK"
2026-06-19 18:58:11 [WARNING] tvDatafeed.main: you are using nologin method, data you access may be limited
2026-06-19 18:58:11 [WARNING] tvDatafeed.main: you are using nologin method, data you access may be limited
2026-06-19 18:58:11 [WARNING] tvDatafeed.main: you are using nologin method, data you access may be limited
2026-06-19 18:58:11 [INFO] httpx: HTTP Request: POST https://gfcmaxbtscmizsakarvc.supabase.co/rest/v1/stock_prices?on_conflict=symbol%2Cexchange%2Cdate&columns=%22close%22%2C%22date%22%2C%22volume%22%2C%22low%22%2C%22adjusted_close%22%2C%22symbol%22%2C%22open%22%2C%22high%22%2C%22exchange%22 "HTTP/2 200 OK"
2026-06-19 18:58:11 [INFO] httpx: HTTP Request: GET https://gfcmaxbtscmizsakarvc.supabase.co/rest/v1/stock_prices?select=date&symbol=eq.CCRS&exchange=eq.EGX&order=date.desc&limit=1 "HTTP/2 206 Partial Content"
2026-06-19 18:58:11 [ERROR] tvDatafeed.main: Connection to remote host was lost.
2026-06-19 18:58:11 [ERROR] tvDatafeed.main: no data, please check the exchange and symbol
2026-06-19 18:58:12 [ERROR] tvDatafeed.main: Connection timed out
2026-06-19 18:58:12 [ERROR] tvDatafeed.main: no data, please check the exchange and symbol
2026-06-19 18:58:12 [INFO] httpx: HTTP Request: GET https://gfcmaxbtscmizsakarvc.supabase.co/rest/v1/stock_prices?select=date&symbol=eq.CEFM&exchange=eq.EGX&order=date.desc&limit=1 "HTTP/2 206 Partial Content"
2026-06-19 18:58:12 [WARNING] tvDatafeed.main: you are using nologin method, data you access may be limited
2026-06-19 18:58:12 [INFO] httpx: HTTP Request: POST https://gfcmaxbtscmizsakarvc.supabase.co/rest/v1/stock_prices?on_conflict=symbol%2Cexchange%2Cdate&columns=%22close%22%2C%22date%22%2C%22volume%22%2C%22low%22%2C%22adjusted_close%22%2C%22symbol%22%2C%22open%22%2C%22high%22%2C%22exchange%22 "HTTP/2 200 OK"
2026-06-19 18:58:12 [INFO] httpx: HTTP Request: POST https://gfcmaxbtscmizsakarvc.supabase.co/rest/v1/stock_prices?on_conflict=symbol%2Cexchange%2Cdate&columns=%22close%22%2C%22date%22%2C%22volume%22%2C%22low%22%2C%22adjusted_close%22%2C%22symbol%22%2C%22open%22%2C%22high%22%2C%22exchange%22 "HTTP/2 200 OK"
2026-06-19 18:58:12 [INFO] httpx: HTTP Request: POST https://gfcmaxbtscmizsakarvc.supabase.co/rest/v1/stock_prices?on_conflict=symbol%2Cexchange%2Cdate&columns=%22close%22%2C%22date%22%2C%22volume%22%2C%22low%22%2C%22adjusted_close%22%2C%22symbol%22%2C%22open%22%2C%22high%22%2C%22exchange%22 "HTTP/2 200 OK"
2026-06-19 18:58:13 [INFO] httpx: HTTP Request: POST https://gfcmaxbtscmizsakarvc.supabase.co/rest/v1/stock_prices?on_conflict=symbol%2Cexchange%2Cdate&columns=%22close%22%2C%22date%22%2C%22volume%22%2C%22low%22%2C%22adjusted_close%22%2C%22symbol%22%2C%22open%22%2C%22high%22%2C%22exchange%22 "HTTP/2 201 Created"
2026-06-19 18:58:13 [INFO] httpx: HTTP Request: POST https://gfcmaxbtscmizsakarvc.supabase.co/rest/v1/stock_prices?on_conflict=symbol%2Cexchange%2Cdate&columns=%22close%22%2C%22date%22%2C%22volume%22%2C%22low%22%2C%22adjusted_close%22%2C%22symbol%22%2C%22open%22%2C%22high%22%2C%22exchange%22 "HTTP/2 200 OK"
2026-06-19 18:58:13 [INFO] httpx: HTTP Request: GET https://gfcmaxbtscmizsakarvc.supabase.co/rest/v1/stock_prices?select=date&symbol=eq.CERA&exchange=eq.EGX&order=date.desc&limit=1 "HTTP/2 206 Partial Content"
2026-06-19 18:58:13 [WARNING] tvDatafeed.main: you are using nologin method, data you access may be limited
2026-06-19 18:58:13 [INFO] httpx: HTTP Request: POST https://gfcmaxbtscmizsakarvc.supabase.co/rest/v1/stock_prices?on_conflict=symbol%2Cexchange%2Cdate&columns=%22close%22%2C%22date%22%2C%22volume%22%2C%22low%22%2C%22adjusted_close%22%2C%22symbol%22%2C%22open%22%2C%22high%22%2C%22exchange%22 "HTTP/2 200 OK"
2026-06-19 18:58:13 [INFO] httpx: HTTP Request: POST https://gfcmaxbtscmizsakarvc.supabase.co/rest/v1/stock_prices?on_conflict=symbol%2Cexchange%2Cdate&columns=%22close%22%2C%22date%22%2C%22volume%22%2C%22low%22%2C%22adjusted_close%22%2C%22symbol%22%2C%22open%22%2C%22high%22%2C%22exchange%22 "HTTP/2 200 OK"
2026-06-19 18:58:13 [INFO] httpx: HTTP Request: POST https://gfcmaxbtscmizsakarvc.supabase.co/rest/v1/stock_prices?on_conflict=symbol%2Cexchange%2Cdate&columns=%22close%22%2C%22date%22%2C%22volume%22%2C%22low%22%2C%22adjusted_close%22%2C%22symbol%22%2C%22open%22%2C%22high%22%2C%22exchange%22 "HTTP/2 200 OK"
2026-06-19 18:58:13 [INFO] httpx: HTTP Request: GET https://gfcmaxbtscmizsakarvc.supabase.co/rest/v1/stock_prices?select=date&symbol=eq.CFGH&exchange=eq.EGX&order=date.desc&limit=1 "HTTP/2 206 Partial Content"
2026-06-19 18:58:13 [WARNING] tvDatafeed.main: you are using nologin method, data you access may be limited
2026-06-19 18:58:14 [INFO] httpx: HTTP Request: GET https://gfcmaxbtscmizsakarvc.supabase.co/rest/v1/stock_prices?select=date&symbol=eq.CICH&exchange=eq.EGX&order=date.desc&limit=1 "HTTP/2 206 Partial Content"
2026-06-19 18:58:14 [INFO] httpx: HTTP Request: GET https://gfcmaxbtscmizsakarvc.supabase.co/rest/v1/stock_prices?select=date&symbol=eq.CIEB&exchange=eq.EGX&order=date.desc&limit=1 "HTTP/2 206 Partial Content"
2026-06-19 18:58:14 [INFO] httpx: HTTP Request: GET https://gfcmaxbtscmizsakarvc.supabase.co/rest/v1/stock_prices?select=date&symbol=eq.CIRA&exchange=eq.EGX&order=date.desc&limit=1 "HTTP/2 206 Partial Content"
2026-06-19 18:58:14 [INFO] httpx: HTTP Request: POST https://gfcmaxbtscmizsakarvc.supabase.co/rest/v1/stock_prices?on_conflict=symbol%2Cexchange%2Cdate&columns=%22close%22%2C%22date%22%2C%22volume%22%2C%22low%22%2C%22adjusted_close%22%2C%22symbol%22%2C%22open%22%2C%22high%22%2C%22exchange%22 "HTTP/2 200 OK"
2026-06-19 18:58:14 [INFO] httpx: HTTP Request: POST https://gfcmaxbtscmizsakarvc.supabase.co/rest/v1/stock_prices?on_conflict=symbol%2Cexchange%2Cdate&columns=%22close%22%2C%22date%22%2C%22volume%22%2C%22low%22%2C%22adjusted_close%22%2C%22symbol%22%2C%22open%22%2C%22high%22%2C%22exchange%22 "HTTP/2 200 OK"
2026-06-19 18:58:14 [INFO] httpx: HTTP Request: GET https://gfcmaxbtscmizsakarvc.supabase.co/rest/v1/stock_prices?select=date&symbol=eq.CIRF&exchange=eq.EGX&order=date.desc&limit=1 "HTTP/2 200 OK"
2026-06-19 18:58:14 [WARNING] tvDatafeed.main: you are using nologin method, data you access may be limited
2026-06-19 18:58:15 [WARNING] tvDatafeed.main: you are using nologin method, data you access may be limited
2026-06-19 18:58:15 [INFO] httpx: HTTP Request: GET https://gfcmaxbtscmizsakarvc.supabase.co/rest/v1/stock_prices?select=date&symbol=eq.CLHO&exchange=eq.EGX&order=date.desc&limit=1 "HTTP/2 206 Partial Content"
2026-06-19 18:58:15 [ERROR] tvDatafeed.main: Connection timed out
2026-06-19 18:58:15 [ERROR] tvDatafeed.main: no data, please check the exchange and symbol
2026-06-19 18:58:15 [INFO] httpx: HTTP Request: POST https://gfcmaxbtscmizsakarvc.supabase.co/rest/v1/stock_prices?on_conflict=symbol%2Cexchange%2Cdate&columns=%22close%22%2C%22date%22%2C%22volume%22%2C%22low%22%2C%22adjusted_close%22%2C%22symbol%22%2C%22open%22%2C%22high%22%2C%22exchange%22 "HTTP/2 200 OK"
2026-06-19 18:58:15 [WARNING] tvDatafeed.main: you are using nologin method, data you access may be limited
2026-06-19 18:58:15 [WARNING] tvDatafeed.main: you are using nologin method, data you access may be limited
2026-06-19 18:58:15 [WARNING] tvDatafeed.main: you are using nologin method, data you access may be limited
2026-06-19 18:58:15 [INFO] httpx: HTTP Request: GET https://gfcmaxbtscmizsakarvc.supabase.co/rest/v1/stock_prices?select=date&symbol=eq.CNFN&exchange=eq.EGX&order=date.desc&limit=1 "HTTP/2 206 Partial Content"
2026-06-19 18:58:15 [INFO] httpx: HTTP Request: POST https://gfcmaxbtscmizsakarvc.supabase.co/rest/v1/stock_prices?on_conflict=symbol%2Cexchange%2Cdate&columns=%22close%22%2C%22date%22%2C%22volume%22%2C%22low%22%2C%22adjusted_close%22%2C%22symbol%22%2C%22open%22%2C%22high%22%2C%22exchange%22 "HTTP/2 200 OK"
2026-06-19 18:58:16 [INFO] httpx: HTTP Request: GET https://gfcmaxbtscmizsakarvc.supabase.co/rest/v1/stock_prices?select=date&symbol=eq.COMI&exchange=eq.EGX&order=date.desc&limit=1 "HTTP/2 206 Partial Content"
2026-06-19 18:58:16 [WARNING] tvDatafeed.main: you are using nologin method, data you access may be limited
2026-06-19 18:58:16 [INFO] httpx: HTTP Request: GET https://gfcmaxbtscmizsakarvc.supabase.co/rest/v1/stock_prices?select=date&symbol=eq.COPR&exchange=eq.EGX&order=date.desc&limit=1 "HTTP/2 206 Partial Content"
2026-06-19 18:58:16 [WARNING] tvDatafeed.main: you are using nologin method, data you access may be limited
2026-06-19 18:58:16 [INFO] httpx: HTTP Request: POST https://gfcmaxbtscmizsakarvc.supabase.co/rest/v1/stock_prices?on_conflict=symbol%2Cexchange%2Cdate&columns=%22close%22%2C%22date%22%2C%22volume%22%2C%22low%22%2C%22adjusted_close%22%2C%22symbol%22%2C%22open%22%2C%22high%22%2C%22exchange%22 "HTTP/2 200 OK"
2026-06-19 18:58:17 [INFO] httpx: HTTP Request: GET https://gfcmaxbtscmizsakarvc.supabase.co/rest/v1/stock_prices?select=date&symbol=eq.COSG&exchange=eq.EGX&order=date.desc&limit=1 "HTTP/2 206 Partial Content"
2026-06-19 18:58:17 [WARNING] tvDatafeed.main: you are using nologin method, data you access may be limited
2026-06-19 18:58:17 [WARNING] tvDatafeed.main: you are using nologin method, data you access may be limited
2026-06-19 18:58:17 [INFO] httpx: HTTP Request: POST https://gfcmaxbtscmizsakarvc.supabase.co/rest/v1/stock_prices?on_conflict=symbol%2Cexchange%2Cdate&columns=%22close%22%2C%22date%22%2C%22volume%22%2C%22low%22%2C%22adjusted_close%22%2C%22symbol%22%2C%22open%22%2C%22high%22%2C%22exchange%22 "HTTP/2 200 OK"
2026-06-19 18:58:18 [WARNING] tvDatafeed.main: you are using nologin method, data you access may be limited
2026-06-19 18:58:18 [INFO] httpx: HTTP Request: POST https://gfcmaxbtscmizsakarvc.supabase.co/rest/v1/stock_prices?on_conflict=symbol%2Cexchange%2Cdate&columns=%22close%22%2C%22date%22%2C%22volume%22%2C%22low%22%2C%22adjusted_close%22%2C%22symbol%22%2C%22open%22%2C%22high%22%2C%22exchange%22 "HTTP/2 200 OK"
2026-06-19 18:58:18 [INFO] httpx: HTTP Request: POST https://gfcmaxbtscmizsakarvc.supabase.co/rest/v1/stock_prices?on_conflict=symbol%2Cexchange%2Cdate&columns=%22close%22%2C%22date%22%2C%22volume%22%2C%22low%22%2C%22adjusted_close%22%2C%22symbol%22%2C%22open%22%2C%22high%22%2C%22exchange%22 "HTTP/2 200 OK"
2026-06-19 18:58:18 [INFO] httpx: HTTP Request: GET https://gfcmaxbtscmizsakarvc.supabase.co/rest/v1/stock_prices?select=date&symbol=eq.CPCI&exchange=eq.EGX&order=date.desc&limit=1 "HTTP/2 206 Partial Content"
2026-06-19 18:58:18 [INFO] httpx: HTTP Request: GET https://gfcmaxbtscmizsakarvc.supabase.co/rest/v1/stock_prices?select=date&symbol=eq.CPME&exchange=eq.EGX&order=date.desc&limit=1 "HTTP/2 206 Partial Content"
2026-06-19 18:58:18 [INFO] httpx: HTTP Request: POST https://gfcmaxbtscmizsakarvc.supabase.co/rest/v1/stock_prices?on_conflict=symbol%2Cexchange%2Cdate&columns=%22close%22%2C%22date%22%2C%22volume%22%2C%22low%22%2C%22adjusted_close%22%2C%22symbol%22%2C%22open%22%2C%22high%22%2C%22exchange%22 "HTTP/2 200 OK"
2026-06-19 18:58:18 [INFO] httpx: HTTP Request: GET https://gfcmaxbtscmizsakarvc.supabase.co/rest/v1/stock_prices?select=date&symbol=eq.CRST&exchange=eq.EGX&order=date.desc&limit=1 "HTTP/2 206 Partial Content"
2026-06-19 18:58:18 [WARNING] tvDatafeed.main: you are using nologin method, data you access may be limited
2026-06-19 18:58:19 [INFO] httpx: HTTP Request: GET https://gfcmaxbtscmizsakarvc.supabase.co/rest/v1/stock_prices?select=date&symbol=eq.CSAG&exchange=eq.EGX&order=date.desc&limit=1 "HTTP/2 206 Partial Content"
2026-06-19 18:58:19 [INFO] httpx: HTTP Request: POST https://gfcmaxbtscmizsakarvc.supabase.co/rest/v1/stock_prices?on_conflict=symbol%2Cexchange%2Cdate&columns=%22close%22%2C%22date%22%2C%22volume%22%2C%22low%22%2C%22adjusted_close%22%2C%22symbol%22%2C%22open%22%2C%22high%22%2C%22exchange%22 "HTTP/2 200 OK"
2026-06-19 18:58:20 [INFO] httpx: HTTP Request: GET https://gfcmaxbtscmizsakarvc.supabase.co/rest/v1/stock_prices?select=date&symbol=eq.DAPH&exchange=eq.EGX&order=date.desc&limit=1 "HTTP/2 206 Partial Content"
2026-06-19 18:58:20 [WARNING] tvDatafeed.main: you are using nologin method, data you access may be limited
2026-06-19 18:58:20 [WARNING] tvDatafeed.main: you are using nologin method, data you access may be limited
2026-06-19 18:58:20 [WARNING] tvDatafeed.main: you are using nologin method, data you access may be limited
2026-06-19 18:58:20 [INFO] httpx: HTTP Request: POST https://gfcmaxbtscmizsakarvc.supabase.co/rest/v1/stock_prices?on_conflict=symbol%2Cexchange%2Cdate&columns=%22close%22%2C%22date%22%2C%22volume%22%2C%22low%22%2C%22adjusted_close%22%2C%22symbol%22%2C%22open%22%2C%22high%22%2C%22exchange%22 "HTTP/2 200 OK"
2026-06-19 18:58:20 [WARNING] tvDatafeed.main: you are using nologin method, data you access may be limited
2026-06-19 18:58:20 [INFO] httpx: HTTP Request: POST https://gfcmaxbtscmizsakarvc.supabase.co/rest/v1/stock_prices?on_conflict=symbol%2Cexchange%2Cdate&columns=%22close%22%2C%22date%22%2C%22volume%22%2C%22low%22%2C%22adjusted_close%22%2C%22symbol%22%2C%22open%22%2C%22high%22%2C%22exchange%22 "HTTP/2 200 OK"
2026-06-19 18:58:20 [INFO] httpx: HTTP Request: GET https://gfcmaxbtscmizsakarvc.supabase.co/rest/v1/stock_prices?select=date&symbol=eq.DCRC&exchange=eq.EGX&order=date.desc&limit=1 "HTTP/2 206 Partial Content"
2026-06-19 18:58:20 [INFO] httpx: HTTP Request: POST https://gfcmaxbtscmizsakarvc.supabase.co/rest/v1/stock_prices?on_conflict=symbol%2Cexchange%2Cdate&columns=%22close%22%2C%22date%22%2C%22volume%22%2C%22low%22%2C%22adjusted_close%22%2C%22symbol%22%2C%22open%22%2C%22high%22%2C%22exchange%22 "HTTP/2 200 OK"
2026-06-19 18:58:21 [INFO] httpx: HTTP Request: GET https://gfcmaxbtscmizsakarvc.supabase.co/rest/v1/stock_prices?select=date&symbol=eq.DEIN&exchange=eq.EGX&order=date.desc&limit=1 "HTTP/2 206 Partial Content"
2026-06-19 18:58:21 [INFO] httpx: HTTP Request: GET https://gfcmaxbtscmizsakarvc.supabase.co/rest/v1/stock_prices?select=date&symbol=eq.DGTZ&exchange=eq.EGX&order=date.desc&limit=1 "HTTP/2 206 Partial Content"
2026-06-19 18:58:21 [INFO] httpx: HTTP Request: POST https://gfcmaxbtscmizsakarvc.supabase.co/rest/v1/stock_prices?on_conflict=symbol%2Cexchange%2Cdate&columns=%22close%22%2C%22date%22%2C%22volume%22%2C%22low%22%2C%22adjusted_close%22%2C%22symbol%22%2C%22open%22%2C%22high%22%2C%22exchange%22 "HTTP/2 200 OK"
2026-06-19 18:58:21 [WARNING] tvDatafeed.main: you are using nologin method, data you access may be limited
2026-06-19 18:58:22 [WARNING] tvDatafeed.main: you are using nologin method, data you access may be limited
2026-06-19 18:58:22 [INFO] httpx: HTTP Request: GET https://gfcmaxbtscmizsakarvc.supabase.co/rest/v1/stock_prices?select=date&symbol=eq.DOMT&exchange=eq.EGX&order=date.desc&limit=1 "HTTP/2 206 Partial Content"
2026-06-19 18:58:22 [INFO] httpx: HTTP Request: POST https://gfcmaxbtscmizsakarvc.supabase.co/rest/v1/stock_prices?on_conflict=symbol%2Cexchange%2Cdate&columns=%22close%22%2C%22date%22%2C%22volume%22%2C%22low%22%2C%22adjusted_close%22%2C%22symbol%22%2C%22open%22%2C%22high%22%2C%22exchange%22 "HTTP/2 200 OK"
2026-06-19 18:58:22 [INFO] httpx: HTTP Request: POST https://gfcmaxbtscmizsakarvc.supabase.co/rest/v1/stock_prices?on_conflict=symbol%2Cexchange%2Cdate&columns=%22close%22%2C%22date%22%2C%22volume%22%2C%22low%22%2C%22adjusted_close%22%2C%22symbol%22%2C%22open%22%2C%22high%22%2C%22exchange%22 "HTTP/2 200 OK"
2026-06-19 18:58:22 [WARNING] tvDatafeed.main: you are using nologin method, data you access may be limited
2026-06-19 18:58:22 [INFO] httpx: HTTP Request: GET https://gfcmaxbtscmizsakarvc.supabase.co/rest/v1/stock_prices?select=date&symbol=eq.DSCW&exchange=eq.EGX&order=date.desc&limit=1 "HTTP/2 206 Partial Content"
2026-06-19 18:58:22 [WARNING] tvDatafeed.main: you are using nologin method, data you access may be limited
2026-06-19 18:58:23 [ERROR] tvDatafeed.main: Connection timed out
2026-06-19 18:58:23 [ERROR] tvDatafeed.main: no data, please check the exchange and symbol
2026-06-19 18:58:23 [INFO] httpx: HTTP Request: POST https://gfcmaxbtscmizsakarvc.supabase.co/rest/v1/stock_prices?on_conflict=symbol%2Cexchange%2Cdate&columns=%22close%22%2C%22date%22%2C%22volume%22%2C%22low%22%2C%22adjusted_close%22%2C%22symbol%22%2C%22open%22%2C%22high%22%2C%22exchange%22 "HTTP/2 200 OK"
2026-06-19 18:58:23 [INFO] httpx: HTTP Request: GET https://gfcmaxbtscmizsakarvc.supabase.co/rest/v1/stock_prices?select=date&symbol=eq.DTPP&exchange=eq.EGX&order=date.desc&limit=1 "HTTP/2 206 Partial Content"
2026-06-19 18:58:23 [INFO] httpx: HTTP Request: POST https://gfcmaxbtscmizsakarvc.supabase.co/rest/v1/stock_prices?on_conflict=symbol%2Cexchange%2Cdate&columns=%22close%22%2C%22date%22%2C%22volume%22%2C%22low%22%2C%22adjusted_close%22%2C%22symbol%22%2C%22open%22%2C%22high%22%2C%22exchange%22 "HTTP/2 200 OK"
2026-06-19 18:58:23 [WARNING] tvDatafeed.main: you are using nologin method, data you access may be limited
2026-06-19 18:58:24 [INFO] httpx: HTTP Request: GET https://gfcmaxbtscmizsakarvc.supabase.co/rest/v1/stock_prices?select=date&symbol=eq.EALR&exchange=eq.EGX&order=date.desc&limit=1 "HTTP/2 206 Partial Content"
2026-06-19 18:58:24 [INFO] httpx: HTTP Request: GET https://gfcmaxbtscmizsakarvc.supabase.co/rest/v1/stock_prices?select=date&symbol=eq.EASB&exchange=eq.EGX&order=date.desc&limit=1 "HTTP/2 206 Partial Content"
2026-06-19 18:58:24 [INFO] httpx: HTTP Request: GET https://gfcmaxbtscmizsakarvc.supabase.co/rest/v1/stock_prices?select=date&symbol=eq.EAST&exchange=eq.EGX&order=date.desc&limit=1 "HTTP/2 206 Partial Content"
2026-06-19 18:58:24 [INFO] httpx: HTTP Request: POST https://gfcmaxbtscmizsakarvc.supabase.co/rest/v1/stock_prices?on_conflict=symbol%2Cexchange%2Cdate&columns=%22close%22%2C%22date%22%2C%22volume%22%2C%22low%22%2C%22adjusted_close%22%2C%22symbol%22%2C%22open%22%2C%22high%22%2C%22exchange%22 "HTTP/2 200 OK"
2026-06-19 18:58:24 [INFO] httpx: HTTP Request: POST https://gfcmaxbtscmizsakarvc.supabase.co/rest/v1/stock_prices?on_conflict=symbol%2Cexchange%2Cdate&columns=%22close%22%2C%22date%22%2C%22volume%22%2C%22low%22%2C%22adjusted_close%22%2C%22symbol%22%2C%22open%22%2C%22high%22%2C%22exchange%22 "HTTP/2 200 OK"
2026-06-19 18:58:24 [INFO] httpx: HTTP Request: GET https://gfcmaxbtscmizsakarvc.supabase.co/rest/v1/stock_prices?select=date&symbol=eq.EBSC&exchange=eq.EGX&order=date.desc&limit=1 "HTTP/2 206 Partial Content"
2026-06-19 18:58:25 [WARNING] tvDatafeed.main: you are using nologin method, data you access may be limited
2026-06-19 18:58:25 [WARNING] tvDatafeed.main: you are using nologin method, data you access may be limited
2026-06-19 18:58:25 [INFO] httpx: HTTP Request: GET https://gfcmaxbtscmizsakarvc.supabase.co/rest/v1/stock_prices?select=date&symbol=eq.ECAP&exchange=eq.EGX&order=date.desc&limit=1 "HTTP/2 206 Partial Content"
2026-06-19 18:58:25 [INFO] httpx: HTTP Request: POST https://gfcmaxbtscmizsakarvc.supabase.co/rest/v1/stock_prices?on_conflict=symbol%2Cexchange%2Cdate&columns=%22close%22%2C%22date%22%2C%22volume%22%2C%22low%22%2C%22adjusted_close%22%2C%22symbol%22%2C%22open%22%2C%22high%22%2C%22exchange%22 "HTTP/2 200 OK"
2026-06-19 18:58:25 [INFO] httpx: HTTP Request: POST https://gfcmaxbtscmizsakarvc.supabase.co/rest/v1/stock_prices?on_conflict=symbol%2Cexchange%2Cdate&columns=%22close%22%2C%22date%22%2C%22volume%22%2C%22low%22%2C%22adjusted_close%22%2C%22symbol%22%2C%22open%22%2C%22high%22%2C%22exchange%22 "HTTP/2 200 OK"
2026-06-19 18:58:25 [WARNING] tvDatafeed.main: you are using nologin method, data you access may be limited
2026-06-19 18:58:25 [WARNING] tvDatafeed.main: you are using nologin method, data you access may be limited
2026-06-19 18:58:25 [INFO] httpx: HTTP Request: GET https://gfcmaxbtscmizsakarvc.supabase.co/rest/v1/stock_prices?select=date&symbol=eq.EDBM&exchange=eq.EGX&order=date.desc&limit=1 "HTTP/2 206 Partial Content"
2026-06-19 18:58:25 [INFO] httpx: HTTP Request: POST https://gfcmaxbtscmizsakarvc.supabase.co/rest/v1/stock_prices?on_conflict=symbol%2Cexchange%2Cdate&columns=%22close%22%2C%22date%22%2C%22volume%22%2C%22low%22%2C%22adjusted_close%22%2C%22symbol%22%2C%22open%22%2C%22high%22%2C%22exchange%22 "HTTP/2 200 OK"
2026-06-19 18:58:25 [WARNING] tvDatafeed.main: you are using nologin method, data you access may be limited
2026-06-19 18:58:25 [INFO] httpx: HTTP Request: GET https://gfcmaxbtscmizsakarvc.supabase.co/rest/v1/stock_prices?select=date&symbol=eq.EDFM&exchange=eq.EGX&order=date.desc&limit=1 "HTTP/2 206 Partial Content"
2026-06-19 18:58:26 [INFO] httpx: HTTP Request: GET https://gfcmaxbtscmizsakarvc.supabase.co/rest/v1/stock_prices?select=date&symbol=eq.EEII&exchange=eq.EGX&order=date.desc&limit=1 "HTTP/2 206 Partial Content"
2026-06-19 18:58:26 [INFO] httpx: HTTP Request: POST https://gfcmaxbtscmizsakarvc.supabase.co/rest/v1/stock_prices?on_conflict=symbol%2Cexchange%2Cdate&columns=%22close%22%2C%22date%22%2C%22volume%22%2C%22low%22%2C%22adjusted_close%22%2C%22symbol%22%2C%22open%22%2C%22high%22%2C%22exchange%22 "HTTP/2 200 OK"
2026-06-19 18:58:26 [WARNING] tvDatafeed.main: you are using nologin method, data you access may be limited
2026-06-19 18:58:26 [WARNING] tvDatafeed.main: you are using nologin method, data you access may be limited
2026-06-19 18:58:27 [INFO] httpx: HTTP Request: GET https://gfcmaxbtscmizsakarvc.supabase.co/rest/v1/stock_prices?select=date&symbol=eq.EFIC&exchange=eq.EGX&order=date.desc&limit=1 "HTTP/2 206 Partial Content"
2026-06-19 18:58:27 [WARNING] tvDatafeed.main: you are using nologin method, data you access may be limited
2026-06-19 18:58:27 [INFO] httpx: HTTP Request: POST https://gfcmaxbtscmizsakarvc.supabase.co/rest/v1/stock_prices?on_conflict=symbol%2Cexchange%2Cdate&columns=%22close%22%2C%22date%22%2C%22volume%22%2C%22low%22%2C%22adjusted_close%22%2C%22symbol%22%2C%22open%22%2C%22high%22%2C%22exchange%22 "HTTP/2 200 OK"
2026-06-19 18:58:27 [WARNING] tvDatafeed.main: you are using nologin method, data you access may be limited
2026-06-19 18:58:27 [INFO] httpx: HTTP Request: GET https://gfcmaxbtscmizsakarvc.supabase.co/rest/v1/stock_prices?select=date&symbol=eq.EFID&exchange=eq.EGX&order=date.desc&limit=1 "HTTP/2 206 Partial Content"
2026-06-19 18:58:27 [INFO] httpx: HTTP Request: POST https://gfcmaxbtscmizsakarvc.supabase.co/rest/v1/stock_prices?on_conflict=symbol%2Cexchange%2Cdate&columns=%22close%22%2C%22date%22%2C%22volume%22%2C%22low%22%2C%22adjusted_close%22%2C%22symbol%22%2C%22open%22%2C%22high%22%2C%22exchange%22 "HTTP/2 200 OK"
2026-06-19 18:58:27 [WARNING] tvDatafeed.main: you are using nologin method, data you access may be limited
2026-06-19 18:58:28 [INFO] httpx: HTTP Request: POST https://gfcmaxbtscmizsakarvc.supabase.co/rest/v1/stock_prices?on_conflict=symbol%2Cexchange%2Cdate&columns=%22close%22%2C%22date%22%2C%22volume%22%2C%22low%22%2C%22adjusted_close%22%2C%22symbol%22%2C%22open%22%2C%22high%22%2C%22exchange%22 "HTTP/2 200 OK"
2026-06-19 18:58:28 [INFO] httpx: HTTP Request: GET https://gfcmaxbtscmizsakarvc.supabase.co/rest/v1/stock_prices?select=date&symbol=eq.EFIH&exchange=eq.EGX&order=date.desc&limit=1 "HTTP/2 206 Partial Content"
2026-06-19 18:58:28 [INFO] httpx: HTTP Request: POST https://gfcmaxbtscmizsakarvc.supabase.co/rest/v1/stock_prices?on_conflict=symbol%2Cexchange%2Cdate&columns=%22close%22%2C%22date%22%2C%22volume%22%2C%22low%22%2C%22adjusted_close%22%2C%22symbol%22%2C%22open%22%2C%22high%22%2C%22exchange%22 "HTTP/2 200 OK"
2026-06-19 18:58:28 [INFO] httpx: HTTP Request: GET https://gfcmaxbtscmizsakarvc.supabase.co/rest/v1/stock_prices?select=date&symbol=eq.EFMP&exchange=eq.EGX&order=date.desc&limit=1 "HTTP/2 200 OK"
2026-06-19 18:58:28 [WARNING] tvDatafeed.main: you are using nologin method, data you access may be limited
2026-06-19 18:58:28 [INFO] httpx: HTTP Request: POST https://gfcmaxbtscmizsakarvc.supabase.co/rest/v1/stock_prices?on_conflict=symbol%2Cexchange%2Cdate&columns=%22close%22%2C%22date%22%2C%22volume%22%2C%22low%22%2C%22adjusted_close%22%2C%22symbol%22%2C%22open%22%2C%22high%22%2C%22exchange%22 "HTTP/2 200 OK"
2026-06-19 18:58:28 [INFO] httpx: HTTP Request: GET https://gfcmaxbtscmizsakarvc.supabase.co/rest/v1/stock_prices?select=date&symbol=eq.EGAL&exchange=eq.EGX&order=date.desc&limit=1 "HTTP/2 206 Partial Content"
2026-06-19 18:58:28 [INFO] httpx: HTTP Request: POST https://gfcmaxbtscmizsakarvc.supabase.co/rest/v1/stock_prices?on_conflict=symbol%2Cexchange%2Cdate&columns=%22close%22%2C%22date%22%2C%22volume%22%2C%22low%22%2C%22adjusted_close%22%2C%22symbol%22%2C%22open%22%2C%22high%22%2C%22exchange%22 "HTTP/2 200 OK"
2026-06-19 18:58:29 [WARNING] tvDatafeed.main: you are using nologin method, data you access may be limited
2026-06-19 18:58:29 [INFO] httpx: HTTP Request: POST https://gfcmaxbtscmizsakarvc.supabase.co/rest/v1/stock_prices?on_conflict=symbol%2Cexchange%2Cdate&columns=%22close%22%2C%22date%22%2C%22volume%22%2C%22low%22%2C%22adjusted_close%22%2C%22symbol%22%2C%22open%22%2C%22high%22%2C%22exchange%22 "HTTP/2 200 OK"
2026-06-19 18:58:29 [INFO] httpx: HTTP Request: GET https://gfcmaxbtscmizsakarvc.supabase.co/rest/v1/stock_prices?select=date&symbol=eq.EGAS&exchange=eq.EGX&order=date.desc&limit=1 "HTTP/2 206 Partial Content"
2026-06-19 18:58:29 [INFO] httpx: HTTP Request: GET https://gfcmaxbtscmizsakarvc.supabase.co/rest/v1/stock_prices?select=date&symbol=eq.EGBE&exchange=eq.EGX&order=date.desc&limit=1 "HTTP/2 206 Partial Content"
2026-06-19 18:58:29 [INFO] httpx: HTTP Request: POST https://gfcmaxbtscmizsakarvc.supabase.co/rest/v1/stock_prices?on_conflict=symbol%2Cexchange%2Cdate&columns=%22close%22%2C%22date%22%2C%22volume%22%2C%22low%22%2C%22adjusted_close%22%2C%22symbol%22%2C%22open%22%2C%22high%22%2C%22exchange%22 "HTTP/2 200 OK"
2026-06-19 18:58:29 [WARNING] tvDatafeed.main: you are using nologin method, data you access may be limited
2026-06-19 18:58:29 [INFO] httpx: HTTP Request: GET https://gfcmaxbtscmizsakarvc.supabase.co/rest/v1/stock_prices?select=date&symbol=eq.EGCH&exchange=eq.EGX&order=date.desc&limit=1 "HTTP/2 206 Partial Content"
2026-06-19 18:58:29 [INFO] httpx: HTTP Request: POST https://gfcmaxbtscmizsakarvc.supabase.co/rest/v1/stock_prices?on_conflict=symbol%2Cexchange%2Cdate&columns=%22close%22%2C%22date%22%2C%22volume%22%2C%22low%22%2C%22adjusted_close%22%2C%22symbol%22%2C%22open%22%2C%22high%22%2C%22exchange%22 "HTTP/2 200 OK"
2026-06-19 18:58:30 [WARNING] tvDatafeed.main: you are using nologin method, data you access may be limited
2026-06-19 18:58:30 [INFO] httpx: HTTP Request: GET https://gfcmaxbtscmizsakarvc.supabase.co/rest/v1/stock_prices?select=date&symbol=eq.EGREF&exchange=eq.EGX&order=date.desc&limit=1 "HTTP/2 206 Partial Content"
2026-06-19 18:58:30 [WARNING] tvDatafeed.main: you are using nologin method, data you access may be limited
2026-06-19 18:58:30 [INFO] httpx: HTTP Request: POST https://gfcmaxbtscmizsakarvc.supabase.co/rest/v1/stock_prices?on_conflict=symbol%2Cexchange%2Cdate&columns=%22close%22%2C%22date%22%2C%22volume%22%2C%22low%22%2C%22adjusted_close%22%2C%22symbol%22%2C%22open%22%2C%22high%22%2C%22exchange%22 "HTTP/2 200 OK"
2026-06-19 18:58:30 [INFO] httpx: HTTP Request: GET https://gfcmaxbtscmizsakarvc.supabase.co/rest/v1/stock_prices?select=date&symbol=eq.EGSA&exchange=eq.EGX&order=date.desc&limit=1 "HTTP/2 206 Partial Content"
2026-06-19 18:58:30 [INFO] httpx: HTTP Request: POST https://gfcmaxbtscmizsakarvc.supabase.co/rest/v1/stock_prices?on_conflict=symbol%2Cexchange%2Cdate&columns=%22close%22%2C%22date%22%2C%22volume%22%2C%22low%22%2C%22adjusted_close%22%2C%22symbol%22%2C%22open%22%2C%22high%22%2C%22exchange%22 "HTTP/2 200 OK"
2026-06-19 18:58:30 [INFO] httpx: HTTP Request: GET https://gfcmaxbtscmizsakarvc.supabase.co/rest/v1/stock_prices?select=date&symbol=eq.EGTS&exchange=eq.EGX&order=date.desc&limit=1 "HTTP/2 206 Partial Content"
2026-06-19 18:58:30 [WARNING] tvDatafeed.main: you are using nologin method, data you access may be limited
2026-06-19 18:58:30 [WARNING] tvDatafeed.main: you are using nologin method, data you access may be limited
2026-06-19 18:58:31 [INFO] httpx: HTTP Request: GET https://gfcmaxbtscmizsakarvc.supabase.co/rest/v1/stock_prices?select=date&symbol=eq.EHDR&exchange=eq.EGX&order=date.desc&limit=1 "HTTP/2 206 Partial Content"
2026-06-19 18:58:31 [WARNING] tvDatafeed.main: you are using nologin method, data you access may be limited
2026-06-19 18:58:31 [WARNING] tvDatafeed.main: you are using nologin method, data you access may be limited
2026-06-19 18:58:31 [ERROR] tvDatafeed.main: Connection to remote host was lost.
2026-06-19 18:58:31 [ERROR] tvDatafeed.main: no data, please check the exchange and symbol
2026-06-19 18:58:31 [WARNING] tvDatafeed.main: you are using nologin method, data you access may be limited
2026-06-19 18:58:32 [INFO] httpx: HTTP Request: POST https://gfcmaxbtscmizsakarvc.supabase.co/rest/v1/stock_prices?on_conflict=symbol%2Cexchange%2Cdate&columns=%22close%22%2C%22date%22%2C%22volume%22%2C%22low%22%2C%22adjusted_close%22%2C%22symbol%22%2C%22open%22%2C%22high%22%2C%22exchange%22 "HTTP/2 200 OK"
2026-06-19 18:58:32 [INFO] httpx: HTTP Request: POST https://gfcmaxbtscmizsakarvc.supabase.co/rest/v1/stock_prices?on_conflict=symbol%2Cexchange%2Cdate&columns=%22close%22%2C%22date%22%2C%22volume%22%2C%22low%22%2C%22adjusted_close%22%2C%22symbol%22%2C%22open%22%2C%22high%22%2C%22exchange%22 "HTTP/2 200 OK"
2026-06-19 18:58:32 [WARNING] tvDatafeed.main: you are using nologin method, data you access may be limited
2026-06-19 18:58:32 [INFO] httpx: HTTP Request: POST https://gfcmaxbtscmizsakarvc.supabase.co/rest/v1/stock_prices?on_conflict=symbol%2Cexchange%2Cdate&columns=%22close%22%2C%22date%22%2C%22volume%22%2C%22low%22%2C%22adjusted_close%22%2C%22symbol%22%2C%22open%22%2C%22high%22%2C%22exchange%22 "HTTP/2 200 OK"
2026-06-19 18:58:32 [WARNING] tvDatafeed.main: you are using nologin method, data you access may be limited
2026-06-19 18:58:32 [INFO] httpx: HTTP Request: POST https://gfcmaxbtscmizsakarvc.supabase.co/rest/v1/stock_prices?on_conflict=symbol%2Cexchange%2Cdate&columns=%22close%22%2C%22date%22%2C%22volume%22%2C%22low%22%2C%22adjusted_close%22%2C%22symbol%22%2C%22open%22%2C%22high%22%2C%22exchange%22 "HTTP/2 201 Created"
2026-06-19 18:58:32 [ERROR] tvDatafeed.main: Connection timed out
2026-06-19 18:58:32 [ERROR] tvDatafeed.main: no data, please check the exchange and symbol
2026-06-19 18:58:32 [INFO] httpx: HTTP Request: GET https://gfcmaxbtscmizsakarvc.supabase.co/rest/v1/stock_prices?select=date&symbol=eq.EITP&exchange=eq.EGX&order=date.desc&limit=1 "HTTP/2 206 Partial Content"
2026-06-19 18:58:33 [INFO] httpx: HTTP Request: POST https://gfcmaxbtscmizsakarvc.supabase.co/rest/v1/stock_prices?on_conflict=symbol%2Cexchange%2Cdate&columns=%22close%22%2C%22date%22%2C%22volume%22%2C%22low%22%2C%22adjusted_close%22%2C%22symbol%22%2C%22open%22%2C%22high%22%2C%22exchange%22 "HTTP/2 200 OK"
2026-06-19 18:58:33 [INFO] httpx: HTTP Request: GET https://gfcmaxbtscmizsakarvc.supabase.co/rest/v1/stock_prices?select=date&symbol=eq.ELEC&exchange=eq.EGX&order=date.desc&limit=1 "HTTP/2 206 Partial Content"
2026-06-19 18:58:33 [INFO] httpx: HTTP Request: GET https://gfcmaxbtscmizsakarvc.supabase.co/rest/v1/stock_prices?select=date&symbol=eq.ELKA&exchange=eq.EGX&order=date.desc&limit=1 "HTTP/2 206 Partial Content"
2026-06-19 18:58:33 [INFO] httpx: HTTP Request: POST https://gfcmaxbtscmizsakarvc.supabase.co/rest/v1/stock_prices?on_conflict=symbol%2Cexchange%2Cdate&columns=%22close%22%2C%22date%22%2C%22volume%22%2C%22low%22%2C%22adjusted_close%22%2C%22symbol%22%2C%22open%22%2C%22high%22%2C%22exchange%22 "HTTP/2 200 OK"
2026-06-19 18:58:33 [INFO] httpx: HTTP Request: POST https://gfcmaxbtscmizsakarvc.supabase.co/rest/v1/stock_prices?on_conflict=symbol%2Cexchange%2Cdate&columns=%22close%22%2C%22date%22%2C%22volume%22%2C%22low%22%2C%22adjusted_close%22%2C%22symbol%22%2C%22open%22%2C%22high%22%2C%22exchange%22 "HTTP/2 200 OK"
2026-06-19 18:58:33 [INFO] httpx: HTTP Request: POST https://gfcmaxbtscmizsakarvc.supabase.co/rest/v1/stock_prices?on_conflict=symbol%2Cexchange%2Cdate&columns=%22close%22%2C%22date%22%2C%22volume%22%2C%22low%22%2C%22adjusted_close%22%2C%22symbol%22%2C%22open%22%2C%22high%22%2C%22exchange%22 "HTTP/2 200 OK"
2026-06-19 18:58:33 [INFO] httpx: HTTP Request: POST https://gfcmaxbtscmizsakarvc.supabase.co/rest/v1/stock_prices?on_conflict=symbol%2Cexchange%2Cdate&columns=%22close%22%2C%22date%22%2C%22volume%22%2C%22low%22%2C%22adjusted_close%22%2C%22symbol%22%2C%22open%22%2C%22high%22%2C%22exchange%22 "HTTP/2 200 OK"
2026-06-19 18:58:34 [INFO] httpx: HTTP Request: POST https://gfcmaxbtscmizsakarvc.supabase.co/rest/v1/stock_prices?on_conflict=symbol%2Cexchange%2Cdate&columns=%22close%22%2C%22date%22%2C%22volume%22%2C%22low%22%2C%22adjusted_close%22%2C%22symbol%22%2C%22open%22%2C%22high%22%2C%22exchange%22 "HTTP/2 200 OK"
2026-06-19 18:58:34 [WARNING] tvDatafeed.main: you are using nologin method, data you access may be limited
2026-06-19 18:58:34 [INFO] httpx: HTTP Request: GET https://gfcmaxbtscmizsakarvc.supabase.co/rest/v1/stock_prices?select=date&symbol=eq.ELNA&exchange=eq.EGX&order=date.desc&limit=1 "HTTP/2 206 Partial Content"
2026-06-19 18:58:34 [INFO] httpx: HTTP Request: GET https://gfcmaxbtscmizsakarvc.supabase.co/rest/v1/stock_prices?select=date&symbol=eq.EMFD&exchange=eq.EGX&order=date.desc&limit=1 "HTTP/2 206 Partial Content"
2026-06-19 18:58:34 [INFO] httpx: HTTP Request: GET https://gfcmaxbtscmizsakarvc.supabase.co/rest/v1/stock_prices?select=date&symbol=eq.ELSH&exchange=eq.EGX&order=date.desc&limit=1 "HTTP/2 206 Partial Content"
2026-06-19 18:58:34 [INFO] httpx: HTTP Request: POST https://gfcmaxbtscmizsakarvc.supabase.co/rest/v1/stock_prices?on_conflict=symbol%2Cexchange%2Cdate&columns=%22close%22%2C%22date%22%2C%22volume%22%2C%22low%22%2C%22adjusted_close%22%2C%22symbol%22%2C%22open%22%2C%22high%22%2C%22exchange%22 "HTTP/2 200 OK"
2026-06-19 18:58:34 [INFO] httpx: HTTP Request: POST https://gfcmaxbtscmizsakarvc.supabase.co/rest/v1/stock_prices?on_conflict=symbol%2Cexchange%2Cdate&columns=%22close%22%2C%22date%22%2C%22volume%22%2C%22low%22%2C%22adjusted_close%22%2C%22symbol%22%2C%22open%22%2C%22high%22%2C%22exchange%22 "HTTP/2 200 OK"
2026-06-19 18:58:35 [INFO] httpx: HTTP Request: GET https://gfcmaxbtscmizsakarvc.supabase.co/rest/v1/stock_prices?select=date&symbol=eq.EMRI&exchange=eq.EGX&order=date.desc&limit=1 "HTTP/2 200 OK"
2026-06-19 18:58:35 [WARNING] tvDatafeed.main: you are using nologin method, data you access may be limited
2026-06-19 18:58:35 [WARNING] tvDatafeed.main: you are using nologin method, data you access may be limited
2026-06-19 18:58:35 [INFO] httpx: HTTP Request: POST https://gfcmaxbtscmizsakarvc.supabase.co/rest/v1/stock_prices?on_conflict=symbol%2Cexchange%2Cdate&columns=%22close%22%2C%22date%22%2C%22volume%22%2C%22low%22%2C%22adjusted_close%22%2C%22symbol%22%2C%22open%22%2C%22high%22%2C%22exchange%22 "HTTP/2 200 OK"
2026-06-19 18:58:35 [INFO] httpx: HTTP Request: GET https://gfcmaxbtscmizsakarvc.supabase.co/rest/v1/stock_prices?select=date&symbol=eq.ENGC&exchange=eq.EGX&order=date.desc&limit=1 "HTTP/2 206 Partial Content"
2026-06-19 18:58:35 [INFO] httpx: HTTP Request: GET https://gfcmaxbtscmizsakarvc.supabase.co/rest/v1/stock_prices?select=date&symbol=eq.EOSB&exchange=eq.EGX&order=date.desc&limit=1 "HTTP/2 206 Partial Content"
2026-06-19 18:58:36 [WARNING] tvDatafeed.main: you are using nologin method, data you access may be limited
2026-06-19 18:58:36 [WARNING] tvDatafeed.main: you are using nologin method, data you access may be limited
2026-06-19 18:58:36 [WARNING] tvDatafeed.main: you are using nologin method, data you access may be limited
2026-06-19 18:58:36 [ERROR] tvDatafeed.main: Connection timed out
2026-06-19 18:58:36 [ERROR] tvDatafeed.main: no data, please check the exchange and symbol
2026-06-19 18:58:36 [ERROR] tvDatafeed.main: Connection to remote host was lost.
2026-06-19 18:58:36 [ERROR] tvDatafeed.main: no data, please check the exchange and symbol
2026-06-19 18:58:36 [INFO] httpx: HTTP Request: POST https://gfcmaxbtscmizsakarvc.supabase.co/rest/v1/stock_prices?on_conflict=symbol%2Cexchange%2Cdate&columns=%22close%22%2C%22date%22%2C%22volume%22%2C%22low%22%2C%22adjusted_close%22%2C%22symbol%22%2C%22open%22%2C%22high%22%2C%22exchange%22 "HTTP/2 200 OK"
2026-06-19 18:58:36 [WARNING] tvDatafeed.main: you are using nologin method, data you access may be limited
2026-06-19 18:58:36 [INFO] httpx: HTTP Request: POST https://gfcmaxbtscmizsakarvc.supabase.co/rest/v1/stock_prices?on_conflict=symbol%2Cexchange%2Cdate&columns=%22close%22%2C%22date%22%2C%22volume%22%2C%22low%22%2C%22adjusted_close%22%2C%22symbol%22%2C%22open%22%2C%22high%22%2C%22exchange%22 "HTTP/2 200 OK"
2026-06-19 18:58:36 [INFO] httpx: HTTP Request: POST https://gfcmaxbtscmizsakarvc.supabase.co/rest/v1/stock_prices?on_conflict=symbol%2Cexchange%2Cdate&columns=%22close%22%2C%22date%22%2C%22volume%22%2C%22low%22%2C%22adjusted_close%22%2C%22symbol%22%2C%22open%22%2C%22high%22%2C%22exchange%22 "HTTP/2 200 OK"
2026-06-19 18:58:36 [WARNING] tvDatafeed.main: you are using nologin method, data you access may be limited
2026-06-19 18:58:36 [INFO] httpx: HTTP Request: POST https://gfcmaxbtscmizsakarvc.supabase.co/rest/v1/stock_prices?on_conflict=symbol%2Cexchange%2Cdate&columns=%22close%22%2C%22date%22%2C%22volume%22%2C%22low%22%2C%22adjusted_close%22%2C%22symbol%22%2C%22open%22%2C%22high%22%2C%22exchange%22 "HTTP/2 200 OK"
2026-06-19 18:58:36 [INFO] httpx: HTTP Request: GET https://gfcmaxbtscmizsakarvc.supabase.co/rest/v1/stock_prices?select=date&symbol=eq.EPCO&exchange=eq.EGX&order=date.desc&limit=1 "HTTP/2 206 Partial Content"
2026-06-19 18:58:36 [INFO] httpx: HTTP Request: POST https://gfcmaxbtscmizsakarvc.supabase.co/rest/v1/stock_prices?on_conflict=symbol%2Cexchange%2Cdate&columns=%22close%22%2C%22date%22%2C%22volume%22%2C%22low%22%2C%22adjusted_close%22%2C%22symbol%22%2C%22open%22%2C%22high%22%2C%22exchange%22 "HTTP/2 200 OK"
2026-06-19 18:58:36 [INFO] httpx: HTTP Request: POST https://gfcmaxbtscmizsakarvc.supabase.co/rest/v1/stock_prices?on_conflict=symbol%2Cexchange%2Cdate&columns=%22close%22%2C%22date%22%2C%22volume%22%2C%22low%22%2C%22adjusted_close%22%2C%22symbol%22%2C%22open%22%2C%22high%22%2C%22exchange%22 "HTTP/2 200 OK"
2026-06-19 18:58:37 [INFO] httpx: HTTP Request: POST https://gfcmaxbtscmizsakarvc.supabase.co/rest/v1/stock_prices?on_conflict=symbol%2Cexchange%2Cdate&columns=%22close%22%2C%22date%22%2C%22volume%22%2C%22low%22%2C%22adjusted_close%22%2C%22symbol%22%2C%22open%22%2C%22high%22%2C%22exchange%22 "HTTP/2 201 Created"
2026-06-19 18:58:37 [INFO] httpx: HTTP Request: GET https://gfcmaxbtscmizsakarvc.supabase.co/rest/v1/stock_prices?select=date&symbol=eq.EPPK&exchange=eq.EGX&order=date.desc&limit=1 "HTTP/2 206 Partial Content"
2026-06-19 18:58:37 [WARNING] tvDatafeed.main: you are using nologin method, data you access may be limited
2026-06-19 18:58:37 [INFO] httpx: HTTP Request: POST https://gfcmaxbtscmizsakarvc.supabase.co/rest/v1/stock_prices?on_conflict=symbol%2Cexchange%2Cdate&columns=%22close%22%2C%22date%22%2C%22volume%22%2C%22low%22%2C%22adjusted_close%22%2C%22symbol%22%2C%22open%22%2C%22high%22%2C%22exchange%22 "HTTP/2 200 OK"
2026-06-19 18:58:37 [INFO] httpx: HTTP Request: GET https://gfcmaxbtscmizsakarvc.supabase.co/rest/v1/stock_prices?select=date&symbol=eq.ESGI&exchange=eq.EGX&order=date.desc&limit=1 "HTTP/2 200 OK"
2026-06-19 18:58:37 [INFO] httpx: HTTP Request: GET https://gfcmaxbtscmizsakarvc.supabase.co/rest/v1/stock_prices?select=date&symbol=eq.ETEL&exchange=eq.EGX&order=date.desc&limit=1 "HTTP/2 206 Partial Content"
2026-06-19 18:58:37 [INFO] httpx: HTTP Request: GET https://gfcmaxbtscmizsakarvc.supabase.co/rest/v1/stock_prices?select=date&symbol=eq.ETRS&exchange=eq.EGX&order=date.desc&limit=1 "HTTP/2 206 Partial Content"
2026-06-19 18:58:38 [INFO] httpx: HTTP Request: POST https://gfcmaxbtscmizsakarvc.supabase.co/rest/v1/stock_prices?on_conflict=symbol%2Cexchange%2Cdate&columns=%22close%22%2C%22date%22%2C%22volume%22%2C%22low%22%2C%22adjusted_close%22%2C%22symbol%22%2C%22open%22%2C%22high%22%2C%22exchange%22 "HTTP/2 200 OK"
2026-06-19 18:58:38 [INFO] httpx: HTTP Request: POST https://gfcmaxbtscmizsakarvc.supabase.co/rest/v1/stock_prices?on_conflict=symbol%2Cexchange%2Cdate&columns=%22close%22%2C%22date%22%2C%22volume%22%2C%22low%22%2C%22adjusted_close%22%2C%22symbol%22%2C%22open%22%2C%22high%22%2C%22exchange%22 "HTTP/2 200 OK"
2026-06-19 18:58:38 [WARNING] tvDatafeed.main: you are using nologin method, data you access may be limited
2026-06-19 18:58:38 [INFO] httpx: HTTP Request: GET https://gfcmaxbtscmizsakarvc.supabase.co/rest/v1/stock_prices?select=date&symbol=eq.EXPA&exchange=eq.EGX&order=date.desc&limit=1 "HTTP/2 206 Partial Content"
2026-06-19 18:58:38 [INFO] httpx: HTTP Request: GET https://gfcmaxbtscmizsakarvc.supabase.co/rest/v1/stock_prices?select=date&symbol=eq.FAIT&exchange=eq.EGX&order=date.desc&limit=1 "HTTP/2 206 Partial Content"
2026-06-19 18:58:38 [WARNING] tvDatafeed.main: you are using nologin method, data you access may be limited
2026-06-19 18:58:39 [WARNING] tvDatafeed.main: you are using nologin method, data you access may be limited
2026-06-19 18:58:39 [WARNING] tvDatafeed.main: you are using nologin method, data you access may be limited
2026-06-19 18:58:39 [INFO] httpx: HTTP Request: POST https://gfcmaxbtscmizsakarvc.supabase.co/rest/v1/stock_prices?on_conflict=symbol%2Cexchange%2Cdate&columns=%22close%22%2C%22date%22%2C%22volume%22%2C%22low%22%2C%22adjusted_close%22%2C%22symbol%22%2C%22open%22%2C%22high%22%2C%22exchange%22 "HTTP/2 200 OK"
2026-06-19 18:58:39 [WARNING] tvDatafeed.main: you are using nologin method, data you access may be limited
2026-06-19 18:58:39 [INFO] httpx: HTTP Request: POST https://gfcmaxbtscmizsakarvc.supabase.co/rest/v1/stock_prices?on_conflict=symbol%2Cexchange%2Cdate&columns=%22close%22%2C%22date%22%2C%22volume%22%2C%22low%22%2C%22adjusted_close%22%2C%22symbol%22%2C%22open%22%2C%22high%22%2C%22exchange%22 "HTTP/2 200 OK"
2026-06-19 18:58:39 [INFO] httpx: HTTP Request: GET https://gfcmaxbtscmizsakarvc.supabase.co/rest/v1/stock_prices?select=date&symbol=eq.FAITA&exchange=eq.EGX&order=date.desc&limit=1 "HTTP/2 206 Partial Content"
2026-06-19 18:58:39 [WARNING] tvDatafeed.main: you are using nologin method, data you access may be limited
2026-06-19 18:58:40 [WARNING] tvDatafeed.main: you are using nologin method, data you access may be limited
2026-06-19 18:58:40 [INFO] httpx: HTTP Request: GET https://gfcmaxbtscmizsakarvc.supabase.co/rest/v1/stock_prices?select=date&symbol=eq.FERC&exchange=eq.EGX&order=date.desc&limit=1 "HTTP/2 206 Partial Content"
2026-06-19 18:58:40 [INFO] httpx: HTTP Request: POST https://gfcmaxbtscmizsakarvc.supabase.co/rest/v1/stock_prices?on_conflict=symbol%2Cexchange%2Cdate&columns=%22close%22%2C%22date%22%2C%22volume%22%2C%22low%22%2C%22adjusted_close%22%2C%22symbol%22%2C%22open%22%2C%22high%22%2C%22exchange%22 "HTTP/2 200 OK"
2026-06-19 18:58:40 [INFO] httpx: HTTP Request: GET https://gfcmaxbtscmizsakarvc.supabase.co/rest/v1/stock_prices?select=date&symbol=eq.FWRY&exchange=eq.EGX&order=date.desc&limit=1 "HTTP/2 206 Partial Content"
2026-06-19 18:58:40 [INFO] httpx: HTTP Request: POST https://gfcmaxbtscmizsakarvc.supabase.co/rest/v1/stock_prices?on_conflict=symbol%2Cexchange%2Cdate&columns=%22close%22%2C%22date%22%2C%22volume%22%2C%22low%22%2C%22adjusted_close%22%2C%22symbol%22%2C%22open%22%2C%22high%22%2C%22exchange%22 "HTTP/2 200 OK"
2026-06-19 18:58:41 [INFO] httpx: HTTP Request: GET https://gfcmaxbtscmizsakarvc.supabase.co/rest/v1/stock_prices?select=date&symbol=eq.GBCO&exchange=eq.EGX&order=date.desc&limit=1 "HTTP/2 206 Partial Content"
2026-06-19 18:58:41 [WARNING] tvDatafeed.main: you are using nologin method, data you access may be limited
2026-06-19 18:58:41 [INFO] httpx: HTTP Request: POST https://gfcmaxbtscmizsakarvc.supabase.co/rest/v1/stock_prices?on_conflict=symbol%2Cexchange%2Cdate&columns=%22close%22%2C%22date%22%2C%22volume%22%2C%22low%22%2C%22adjusted_close%22%2C%22symbol%22%2C%22open%22%2C%22high%22%2C%22exchange%22 "HTTP/2 200 OK"
2026-06-19 18:58:41 [WARNING] tvDatafeed.main: you are using nologin method, data you access may be limited
2026-06-19 18:58:42 [WARNING] tvDatafeed.main: you are using nologin method, data you access may be limited
2026-06-19 18:58:42 [INFO] httpx: HTTP Request: GET https://gfcmaxbtscmizsakarvc.supabase.co/rest/v1/stock_prices?select=date&symbol=eq.GDWA&exchange=eq.EGX&order=date.desc&limit=1 "HTTP/2 206 Partial Content"
2026-06-19 18:58:42 [INFO] httpx: HTTP Request: POST https://gfcmaxbtscmizsakarvc.supabase.co/rest/v1/stock_prices?on_conflict=symbol%2Cexchange%2Cdate&columns=%22close%22%2C%22date%22%2C%22volume%22%2C%22low%22%2C%22adjusted_close%22%2C%22symbol%22%2C%22open%22%2C%22high%22%2C%22exchange%22 "HTTP/2 200 OK"
2026-06-19 18:58:42 [WARNING] tvDatafeed.main: you are using nologin method, data you access may be limited
2026-06-19 18:58:42 [INFO] httpx: HTTP Request: POST https://gfcmaxbtscmizsakarvc.supabase.co/rest/v1/stock_prices?on_conflict=symbol%2Cexchange%2Cdate&columns=%22close%22%2C%22date%22%2C%22volume%22%2C%22low%22%2C%22adjusted_close%22%2C%22symbol%22%2C%22open%22%2C%22high%22%2C%22exchange%22 "HTTP/2 200 OK"
2026-06-19 18:58:43 [INFO] httpx: HTTP Request: GET https://gfcmaxbtscmizsakarvc.supabase.co/rest/v1/stock_prices?select=date&symbol=eq.GGCC&exchange=eq.EGX&order=date.desc&limit=1 "HTTP/2 206 Partial Content"
2026-06-19 18:58:43 [INFO] httpx: HTTP Request: GET https://gfcmaxbtscmizsakarvc.supabase.co/rest/v1/stock_prices?select=date&symbol=eq.GGRN&exchange=eq.EGX&order=date.desc&limit=1 "HTTP/2 206 Partial Content"
2026-06-19 18:58:43 [INFO] httpx: HTTP Request: POST https://gfcmaxbtscmizsakarvc.supabase.co/rest/v1/stock_prices?on_conflict=symbol%2Cexchange%2Cdate&columns=%22close%22%2C%22date%22%2C%22volume%22%2C%22low%22%2C%22adjusted_close%22%2C%22symbol%22%2C%22open%22%2C%22high%22%2C%22exchange%22 "HTTP/2 200 OK"
2026-06-19 18:58:43 [ERROR] tvDatafeed.main: Connection timed out
2026-06-19 18:58:43 [ERROR] tvDatafeed.main: no data, please check the exchange and symbol
2026-06-19 18:58:43 [WARNING] tvDatafeed.main: you are using nologin method, data you access may be limited
2026-06-19 18:58:44 [INFO] httpx: HTTP Request: GET https://gfcmaxbtscmizsakarvc.supabase.co/rest/v1/stock_prices?select=date&symbol=eq.GIHD&exchange=eq.EGX&order=date.desc&limit=1 "HTTP/2 206 Partial Content"
2026-06-19 18:58:44 [WARNING] tvDatafeed.main: you are using nologin method, data you access may be limited
2026-06-19 18:58:44 [INFO] httpx: HTTP Request: POST https://gfcmaxbtscmizsakarvc.supabase.co/rest/v1/stock_prices?on_conflict=symbol%2Cexchange%2Cdate&columns=%22close%22%2C%22date%22%2C%22volume%22%2C%22low%22%2C%22adjusted_close%22%2C%22symbol%22%2C%22open%22%2C%22high%22%2C%22exchange%22 "HTTP/2 200 OK"
2026-06-19 18:58:44 [INFO] httpx: HTTP Request: GET https://gfcmaxbtscmizsakarvc.supabase.co/rest/v1/stock_prices?select=date&symbol=eq.GMCI&exchange=eq.EGX&order=date.desc&limit=1 "HTTP/2 206 Partial Content"
2026-06-19 18:58:44 [INFO] httpx: HTTP Request: POST https://gfcmaxbtscmizsakarvc.supabase.co/rest/v1/stock_prices?on_conflict=symbol%2Cexchange%2Cdate&columns=%22close%22%2C%22date%22%2C%22volume%22%2C%22low%22%2C%22adjusted_close%22%2C%22symbol%22%2C%22open%22%2C%22high%22%2C%22exchange%22 "HTTP/2 200 OK"
2026-06-19 18:58:45 [WARNING] tvDatafeed.main: you are using nologin method, data you access may be limited
2026-06-19 18:58:45 [INFO] httpx: HTTP Request: POST https://gfcmaxbtscmizsakarvc.supabase.co/rest/v1/stock_prices?on_conflict=symbol%2Cexchange%2Cdate&columns=%22close%22%2C%22date%22%2C%22volume%22%2C%22low%22%2C%22adjusted_close%22%2C%22symbol%22%2C%22open%22%2C%22high%22%2C%22exchange%22 "HTTP/2 200 OK"
2026-06-19 18:58:45 [INFO] httpx: HTTP Request: GET https://gfcmaxbtscmizsakarvc.supabase.co/rest/v1/stock_prices?select=date&symbol=eq.GOUR&exchange=eq.EGX&order=date.desc&limit=1 "HTTP/2 206 Partial Content"
2026-06-19 18:58:45 [INFO] httpx: HTTP Request: POST https://gfcmaxbtscmizsakarvc.supabase.co/rest/v1/stock_prices?on_conflict=symbol%2Cexchange%2Cdate&columns=%22close%22%2C%22date%22%2C%22volume%22%2C%22low%22%2C%22adjusted_close%22%2C%22symbol%22%2C%22open%22%2C%22high%22%2C%22exchange%22 "HTTP/2 200 OK"
2026-06-19 18:58:45 [INFO] httpx: HTTP Request: POST https://gfcmaxbtscmizsakarvc.supabase.co/rest/v1/stock_prices?on_conflict=symbol%2Cexchange%2Cdate&columns=%22close%22%2C%22date%22%2C%22volume%22%2C%22low%22%2C%22adjusted_close%22%2C%22symbol%22%2C%22open%22%2C%22high%22%2C%22exchange%22 "HTTP/2 200 OK"
2026-06-19 18:58:45 [INFO] httpx: HTTP Request: POST https://gfcmaxbtscmizsakarvc.supabase.co/rest/v1/stock_prices?on_conflict=symbol%2Cexchange%2Cdate&columns=%22close%22%2C%22date%22%2C%22volume%22%2C%22low%22%2C%22adjusted_close%22%2C%22symbol%22%2C%22open%22%2C%22high%22%2C%22exchange%22 "HTTP/2 200 OK"
2026-06-19 18:58:45 [INFO] httpx: HTTP Request: GET https://gfcmaxbtscmizsakarvc.supabase.co/rest/v1/stock_prices?select=date&symbol=eq.GPIM&exchange=eq.EGX&order=date.desc&limit=1 "HTTP/2 206 Partial Content"
2026-06-19 18:58:46 [INFO] httpx: HTTP Request: GET https://gfcmaxbtscmizsakarvc.supabase.co/rest/v1/stock_prices?select=date&symbol=eq.GRCA&exchange=eq.EGX&order=date.desc&limit=1 "HTTP/2 206 Partial Content"
2026-06-19 18:58:46 [INFO] httpx: HTTP Request: GET https://gfcmaxbtscmizsakarvc.supabase.co/rest/v1/stock_prices?select=date&symbol=eq.GPPL&exchange=eq.EGX&order=date.desc&limit=1 "HTTP/2 206 Partial Content"
2026-06-19 18:58:46 [ERROR] tvDatafeed.main: Connection timed out
2026-06-19 18:58:46 [ERROR] tvDatafeed.main: no data, please check the exchange and symbol
2026-06-19 18:58:46 [WARNING] tvDatafeed.main: you are using nologin method, data you access may be limited
2026-06-19 18:58:46 [WARNING] tvDatafeed.main: you are using nologin method, data you access may be limited
2026-06-19 18:58:46 [INFO] httpx: HTTP Request: GET https://gfcmaxbtscmizsakarvc.supabase.co/rest/v1/stock_prices?select=date&symbol=eq.GSSC&exchange=eq.EGX&order=date.desc&limit=1 "HTTP/2 206 Partial Content"
2026-06-19 18:58:46 [INFO] httpx: HTTP Request: POST https://gfcmaxbtscmizsakarvc.supabase.co/rest/v1/stock_prices?on_conflict=symbol%2Cexchange%2Cdate&columns=%22close%22%2C%22date%22%2C%22volume%22%2C%22low%22%2C%22adjusted_close%22%2C%22symbol%22%2C%22open%22%2C%22high%22%2C%22exchange%22 "HTTP/2 200 OK"
2026-06-19 18:58:46 [INFO] httpx: HTTP Request: GET https://gfcmaxbtscmizsakarvc.supabase.co/rest/v1/stock_prices?select=date&symbol=eq.GTEX&exchange=eq.EGX&order=date.desc&limit=1 "HTTP/2 206 Partial Content"
2026-06-19 18:58:47 [WARNING] tvDatafeed.main: you are using nologin method, data you access may be limited
2026-06-19 18:58:47 [INFO] httpx: HTTP Request: GET https://gfcmaxbtscmizsakarvc.supabase.co/rest/v1/stock_prices?select=date&symbol=eq.GTHE&exchange=eq.EGX&order=date.desc&limit=1 "HTTP/2 206 Partial Content"
2026-06-19 18:58:47 [INFO] httpx: HTTP Request: POST https://gfcmaxbtscmizsakarvc.supabase.co/rest/v1/stock_prices?on_conflict=symbol%2Cexchange%2Cdate&columns=%22close%22%2C%22date%22%2C%22volume%22%2C%22low%22%2C%22adjusted_close%22%2C%22symbol%22%2C%22open%22%2C%22high%22%2C%22exchange%22 "HTTP/2 200 OK"
2026-06-19 18:58:47 [WARNING] tvDatafeed.main: you are using nologin method, data you access may be limited
2026-06-19 18:58:47 [INFO] httpx: HTTP Request: POST https://gfcmaxbtscmizsakarvc.supabase.co/rest/v1/stock_prices?on_conflict=symbol%2Cexchange%2Cdate&columns=%22close%22%2C%22date%22%2C%22volume%22%2C%22low%22%2C%22adjusted_close%22%2C%22symbol%22%2C%22open%22%2C%22high%22%2C%22exchange%22 "HTTP/2 200 OK"
2026-06-19 18:58:47 [WARNING] tvDatafeed.main: you are using nologin method, data you access may be limited
2026-06-19 18:58:47 [WARNING] tvDatafeed.main: you are using nologin method, data you access may be limited
2026-06-19 18:58:47 [INFO] httpx: HTTP Request: POST https://gfcmaxbtscmizsakarvc.supabase.co/rest/v1/stock_prices?on_conflict=symbol%2Cexchange%2Cdate&columns=%22close%22%2C%22date%22%2C%22volume%22%2C%22low%22%2C%22adjusted_close%22%2C%22symbol%22%2C%22open%22%2C%22high%22%2C%22exchange%22 "HTTP/2 200 OK"
2026-06-19 18:58:47 [INFO] httpx: HTTP Request: POST https://gfcmaxbtscmizsakarvc.supabase.co/rest/v1/stock_prices?on_conflict=symbol%2Cexchange%2Cdate&columns=%22close%22%2C%22date%22%2C%22volume%22%2C%22low%22%2C%22adjusted_close%22%2C%22symbol%22%2C%22open%22%2C%22high%22%2C%22exchange%22 "HTTP/2 200 OK"
2026-06-19 18:58:47 [WARNING] tvDatafeed.main: you are using nologin method, data you access may be limited
2026-06-19 18:58:47 [INFO] httpx: HTTP Request: GET https://gfcmaxbtscmizsakarvc.supabase.co/rest/v1/stock_prices?select=date&symbol=eq.GTWL&exchange=eq.EGX&order=date.desc&limit=1 "HTTP/2 206 Partial Content"
2026-06-19 18:58:47 [INFO] httpx: HTTP Request: POST https://gfcmaxbtscmizsakarvc.supabase.co/rest/v1/stock_prices?on_conflict=symbol%2Cexchange%2Cdate&columns=%22close%22%2C%22date%22%2C%22volume%22%2C%22low%22%2C%22adjusted_close%22%2C%22symbol%22%2C%22open%22%2C%22high%22%2C%22exchange%22 "HTTP/2 200 OK"
2026-06-19 18:58:48 [INFO] httpx: HTTP Request: POST https://gfcmaxbtscmizsakarvc.supabase.co/rest/v1/stock_prices?on_conflict=symbol%2Cexchange%2Cdate&columns=%22close%22%2C%22date%22%2C%22volume%22%2C%22low%22%2C%22adjusted_close%22%2C%22symbol%22%2C%22open%22%2C%22high%22%2C%22exchange%22 "HTTP/2 200 OK"
2026-06-19 18:58:48 [INFO] httpx: HTTP Request: GET https://gfcmaxbtscmizsakarvc.supabase.co/rest/v1/stock_prices?select=date&symbol=eq.HDBK&exchange=eq.EGX&order=date.desc&limit=1 "HTTP/2 206 Partial Content"
2026-06-19 18:58:48 [INFO] httpx: HTTP Request: POST https://gfcmaxbtscmizsakarvc.supabase.co/rest/v1/stock_prices?on_conflict=symbol%2Cexchange%2Cdate&columns=%22close%22%2C%22date%22%2C%22volume%22%2C%22low%22%2C%22adjusted_close%22%2C%22symbol%22%2C%22open%22%2C%22high%22%2C%22exchange%22 "HTTP/2 200 OK"
2026-06-19 18:58:48 [WARNING] tvDatafeed.main: you are using nologin method, data you access may be limited
2026-06-19 18:58:48 [WARNING] tvDatafeed.main: you are using nologin method, data you access may be limited
2026-06-19 18:58:48 [INFO] httpx: HTTP Request: GET https://gfcmaxbtscmizsakarvc.supabase.co/rest/v1/stock_prices?select=date&symbol=eq.HELI&exchange=eq.EGX&order=date.desc&limit=1 "HTTP/2 206 Partial Content"
2026-06-19 18:58:49 [INFO] httpx: HTTP Request: POST https://gfcmaxbtscmizsakarvc.supabase.co/rest/v1/stock_prices?on_conflict=symbol%2Cexchange%2Cdate&columns=%22close%22%2C%22date%22%2C%22volume%22%2C%22low%22%2C%22adjusted_close%22%2C%22symbol%22%2C%22open%22%2C%22high%22%2C%22exchange%22 "HTTP/2 200 OK"
2026-06-19 18:58:49 [INFO] httpx: HTTP Request: GET https://gfcmaxbtscmizsakarvc.supabase.co/rest/v1/stock_prices?select=date&symbol=eq.HRHO&exchange=eq.EGX&order=date.desc&limit=1 "HTTP/2 206 Partial Content"
2026-06-19 18:58:49 [WARNING] tvDatafeed.main: you are using nologin method, data you access may be limited
2026-06-19 18:58:49 [INFO] httpx: HTTP Request: GET https://gfcmaxbtscmizsakarvc.supabase.co/rest/v1/stock_prices?select=date&symbol=eq.ICAL&exchange=eq.EGX&order=date.desc&limit=1 "HTTP/2 200 OK"
2026-06-19 18:58:49 [INFO] httpx: HTTP Request: POST https://gfcmaxbtscmizsakarvc.supabase.co/rest/v1/stock_prices?on_conflict=symbol%2Cexchange%2Cdate&columns=%22close%22%2C%22date%22%2C%22volume%22%2C%22low%22%2C%22adjusted_close%22%2C%22symbol%22%2C%22open%22%2C%22high%22%2C%22exchange%22 "HTTP/2 200 OK"
2026-06-19 18:58:49 [INFO] httpx: HTTP Request: POST https://gfcmaxbtscmizsakarvc.supabase.co/rest/v1/stock_prices?on_conflict=symbol%2Cexchange%2Cdate&columns=%22close%22%2C%22date%22%2C%22volume%22%2C%22low%22%2C%22adjusted_close%22%2C%22symbol%22%2C%22open%22%2C%22high%22%2C%22exchange%22 "HTTP/2 200 OK"
2026-06-19 18:58:49 [WARNING] tvDatafeed.main: you are using nologin method, data you access may be limited
2026-06-19 18:58:50 [INFO] httpx: HTTP Request: GET https://gfcmaxbtscmizsakarvc.supabase.co/rest/v1/stock_prices?select=date&symbol=eq.ICFC&exchange=eq.EGX&order=date.desc&limit=1 "HTTP/2 206 Partial Content"
2026-06-19 18:58:50 [WARNING] tvDatafeed.main: you are using nologin method, data you access may be limited
2026-06-19 18:58:50 [INFO] httpx: HTTP Request: POST https://gfcmaxbtscmizsakarvc.supabase.co/rest/v1/stock_prices?on_conflict=symbol%2Cexchange%2Cdate&columns=%22close%22%2C%22date%22%2C%22volume%22%2C%22low%22%2C%22adjusted_close%22%2C%22symbol%22%2C%22open%22%2C%22high%22%2C%22exchange%22 "HTTP/2 200 OK"
2026-06-19 18:58:50 [INFO] httpx: HTTP Request: GET https://gfcmaxbtscmizsakarvc.supabase.co/rest/v1/stock_prices?select=date&symbol=eq.ICID&exchange=eq.EGX&order=date.desc&limit=1 "HTTP/2 206 Partial Content"
2026-06-19 18:58:50 [WARNING] tvDatafeed.main: you are using nologin method, data you access may be limited
2026-06-19 18:58:50 [INFO] httpx: HTTP Request: GET https://gfcmaxbtscmizsakarvc.supabase.co/rest/v1/stock_prices?select=date&symbol=eq.IDHC&exchange=eq.EGX&order=date.desc&limit=1 "HTTP/2 200 OK"
2026-06-19 18:58:50 [INFO] httpx: HTTP Request: POST https://gfcmaxbtscmizsakarvc.supabase.co/rest/v1/stock_prices?on_conflict=symbol%2Cexchange%2Cdate&columns=%22close%22%2C%22date%22%2C%22volume%22%2C%22low%22%2C%22adjusted_close%22%2C%22symbol%22%2C%22open%22%2C%22high%22%2C%22exchange%22 "HTTP/2 200 OK"
2026-06-19 18:58:51 [WARNING] tvDatafeed.main: you are using nologin method, data you access may be limited
2026-06-19 18:58:51 [INFO] httpx: HTTP Request: GET https://gfcmaxbtscmizsakarvc.supabase.co/rest/v1/stock_prices?select=date&symbol=eq.IDRE&exchange=eq.EGX&order=date.desc&limit=1 "HTTP/2 206 Partial Content"
2026-06-19 18:58:51 [INFO] httpx: HTTP Request: POST https://gfcmaxbtscmizsakarvc.supabase.co/rest/v1/stock_prices?on_conflict=symbol%2Cexchange%2Cdate&columns=%22close%22%2C%22date%22%2C%22volume%22%2C%22low%22%2C%22adjusted_close%22%2C%22symbol%22%2C%22open%22%2C%22high%22%2C%22exchange%22 "HTTP/2 200 OK"
2026-06-19 18:58:51 [WARNING] tvDatafeed.main: you are using nologin method, data you access may be limited
2026-06-19 18:58:51 [WARNING] tvDatafeed.main: you are using nologin method, data you access may be limited
2026-06-19 18:58:51 [INFO] httpx: HTTP Request: GET https://gfcmaxbtscmizsakarvc.supabase.co/rest/v1/stock_prices?select=date&symbol=eq.IEEC&exchange=eq.EGX&order=date.desc&limit=1 "HTTP/2 206 Partial Content"
2026-06-19 18:58:52 [INFO] httpx: HTTP Request: POST https://gfcmaxbtscmizsakarvc.supabase.co/rest/v1/stock_prices?on_conflict=symbol%2Cexchange%2Cdate&columns=%22close%22%2C%22date%22%2C%22volume%22%2C%22low%22%2C%22adjusted_close%22%2C%22symbol%22%2C%22open%22%2C%22high%22%2C%22exchange%22 "HTTP/2 200 OK"
2026-06-19 18:58:52 [WARNING] tvDatafeed.main: you are using nologin method, data you access may be limited
2026-06-19 18:58:52 [INFO] httpx: HTTP Request: POST https://gfcmaxbtscmizsakarvc.supabase.co/rest/v1/stock_prices?on_conflict=symbol%2Cexchange%2Cdate&columns=%22close%22%2C%22date%22%2C%22volume%22%2C%22low%22%2C%22adjusted_close%22%2C%22symbol%22%2C%22open%22%2C%22high%22%2C%22exchange%22 "HTTP/2 200 OK"
2026-06-19 18:58:52 [INFO] httpx: HTTP Request: GET https://gfcmaxbtscmizsakarvc.supabase.co/rest/v1/stock_prices?select=date&symbol=eq.IFAP&exchange=eq.EGX&order=date.desc&limit=1 "HTTP/2 206 Partial Content"
2026-06-19 18:58:53 [WARNING] tvDatafeed.main: you are using nologin method, data you access may be limited
2026-06-19 18:58:53 [INFO] httpx: HTTP Request: POST https://gfcmaxbtscmizsakarvc.supabase.co/rest/v1/stock_prices?on_conflict=symbol%2Cexchange%2Cdate&columns=%22close%22%2C%22date%22%2C%22volume%22%2C%22low%22%2C%22adjusted_close%22%2C%22symbol%22%2C%22open%22%2C%22high%22%2C%22exchange%22 "HTTP/2 200 OK"
2026-06-19 18:58:53 [INFO] httpx: HTTP Request: GET https://gfcmaxbtscmizsakarvc.supabase.co/rest/v1/stock_prices?select=date&symbol=eq.INFI&exchange=eq.EGX&order=date.desc&limit=1 "HTTP/2 206 Partial Content"
2026-06-19 18:58:53 [WARNING] tvDatafeed.main: you are using nologin method, data you access may be limited
2026-06-19 18:58:53 [INFO] httpx: HTTP Request: POST https://gfcmaxbtscmizsakarvc.supabase.co/rest/v1/stock_prices?on_conflict=symbol%2Cexchange%2Cdate&columns=%22close%22%2C%22date%22%2C%22volume%22%2C%22low%22%2C%22adjusted_close%22%2C%22symbol%22%2C%22open%22%2C%22high%22%2C%22exchange%22 "HTTP/2 200 OK"
2026-06-19 18:58:53 [INFO] httpx: HTTP Request: GET https://gfcmaxbtscmizsakarvc.supabase.co/rest/v1/stock_prices?select=date&symbol=eq.IPPM&exchange=eq.EGX&order=date.desc&limit=1 "HTTP/2 200 OK"
2026-06-19 18:58:54 [WARNING] tvDatafeed.main: you are using nologin method, data you access may be limited
2026-06-19 18:58:54 [INFO] httpx: HTTP Request: GET https://gfcmaxbtscmizsakarvc.supabase.co/rest/v1/stock_prices?select=date&symbol=eq.IRAX&exchange=eq.EGX&order=date.desc&limit=1 "HTTP/2 206 Partial Content"
2026-06-19 18:58:54 [INFO] httpx: HTTP Request: POST https://gfcmaxbtscmizsakarvc.supabase.co/rest/v1/stock_prices?on_conflict=symbol%2Cexchange%2Cdate&columns=%22close%22%2C%22date%22%2C%22volume%22%2C%22low%22%2C%22adjusted_close%22%2C%22symbol%22%2C%22open%22%2C%22high%22%2C%22exchange%22 "HTTP/2 200 OK"
2026-06-19 18:58:54 [INFO] httpx: HTTP Request: GET https://gfcmaxbtscmizsakarvc.supabase.co/rest/v1/stock_prices?select=date&symbol=eq.IRON&exchange=eq.EGX&order=date.desc&limit=1 "HTTP/2 206 Partial Content"
2026-06-19 18:58:54 [WARNING] tvDatafeed.main: you are using nologin method, data you access may be limited
2026-06-19 18:58:54 [INFO] httpx: HTTP Request: POST https://gfcmaxbtscmizsakarvc.supabase.co/rest/v1/stock_prices?on_conflict=symbol%2Cexchange%2Cdate&columns=%22close%22%2C%22date%22%2C%22volume%22%2C%22low%22%2C%22adjusted_close%22%2C%22symbol%22%2C%22open%22%2C%22high%22%2C%22exchange%22 "HTTP/2 200 OK"
2026-06-19 18:58:55 [WARNING] tvDatafeed.main: you are using nologin method, data you access may be limited
2026-06-19 18:58:55 [INFO] httpx: HTTP Request: GET https://gfcmaxbtscmizsakarvc.supabase.co/rest/v1/stock_prices?select=date&symbol=eq.ISMA&exchange=eq.EGX&order=date.desc&limit=1 "HTTP/2 206 Partial Content"
2026-06-19 18:58:55 [WARNING] tvDatafeed.main: you are using nologin method, data you access may be limited
2026-06-19 18:58:56 [WARNING] tvDatafeed.main: you are using nologin method, data you access may be limited
2026-06-19 18:58:57 [WARNING] tvDatafeed.main: you are using nologin method, data you access may be limited
2026-06-19 18:58:57 [INFO] httpx: HTTP Request: POST https://gfcmaxbtscmizsakarvc.supabase.co/rest/v1/stock_prices?on_conflict=symbol%2Cexchange%2Cdate&columns=%22close%22%2C%22date%22%2C%22volume%22%2C%22low%22%2C%22adjusted_close%22%2C%22symbol%22%2C%22open%22%2C%22high%22%2C%22exchange%22 "HTTP/2 200 OK"
2026-06-19 18:58:57 [INFO] httpx: HTTP Request: POST https://gfcmaxbtscmizsakarvc.supabase.co/rest/v1/stock_prices?on_conflict=symbol%2Cexchange%2Cdate&columns=%22close%22%2C%22date%22%2C%22volume%22%2C%22low%22%2C%22adjusted_close%22%2C%22symbol%22%2C%22open%22%2C%22high%22%2C%22exchange%22 "HTTP/2 200 OK"
2026-06-19 18:58:58 [INFO] httpx: HTTP Request: GET https://gfcmaxbtscmizsakarvc.supabase.co/rest/v1/stock_prices?select=date&symbol=eq.ISMQ&exchange=eq.EGX&order=date.desc&limit=1 "HTTP/2 206 Partial Content"
2026-06-19 18:58:58 [INFO] httpx: HTTP Request: POST https://gfcmaxbtscmizsakarvc.supabase.co/rest/v1/stock_prices?on_conflict=symbol%2Cexchange%2Cdate&columns=%22close%22%2C%22date%22%2C%22volume%22%2C%22low%22%2C%22adjusted_close%22%2C%22symbol%22%2C%22open%22%2C%22high%22%2C%22exchange%22 "HTTP/2 200 OK"
2026-06-19 18:58:58 [INFO] httpx: HTTP Request: POST https://gfcmaxbtscmizsakarvc.supabase.co/rest/v1/stock_prices?on_conflict=symbol%2Cexchange%2Cdate&columns=%22close%22%2C%22date%22%2C%22volume%22%2C%22low%22%2C%22adjusted_close%22%2C%22symbol%22%2C%22open%22%2C%22high%22%2C%22exchange%22 "HTTP/2 200 OK"
2026-06-19 18:58:58 [ERROR] tvDatafeed.main: Connection timed out
2026-06-19 18:58:58 [ERROR] tvDatafeed.main: no data, please check the exchange and symbol
2026-06-19 18:58:58 [INFO] httpx: HTTP Request: GET https://gfcmaxbtscmizsakarvc.supabase.co/rest/v1/stock_prices?select=date&symbol=eq.ISPH&exchange=eq.EGX&order=date.desc&limit=1 "HTTP/2 206 Partial Content"
2026-06-19 18:58:58 [INFO] httpx: HTTP Request: GET https://gfcmaxbtscmizsakarvc.supabase.co/rest/v1/stock_prices?select=date&symbol=eq.JUFO&exchange=eq.EGX&order=date.desc&limit=1 "HTTP/2 206 Partial Content"
2026-06-19 18:58:59 [INFO] httpx: HTTP Request: POST https://gfcmaxbtscmizsakarvc.supabase.co/rest/v1/stock_prices?on_conflict=symbol%2Cexchange%2Cdate&columns=%22close%22%2C%22date%22%2C%22volume%22%2C%22low%22%2C%22adjusted_close%22%2C%22symbol%22%2C%22open%22%2C%22high%22%2C%22exchange%22 "HTTP/2 200 OK"
2026-06-19 18:58:59 [INFO] httpx: HTTP Request: GET https://gfcmaxbtscmizsakarvc.supabase.co/rest/v1/stock_prices?select=date&symbol=eq.KABO&exchange=eq.EGX&order=date.desc&limit=1 "HTTP/2 206 Partial Content"
2026-06-19 18:58:59 [INFO] httpx: HTTP Request: POST https://gfcmaxbtscmizsakarvc.supabase.co/rest/v1/stock_prices?on_conflict=symbol%2Cexchange%2Cdate&columns=%22close%22%2C%22date%22%2C%22volume%22%2C%22low%22%2C%22adjusted_close%22%2C%22symbol%22%2C%22open%22%2C%22high%22%2C%22exchange%22 "HTTP/2 200 OK"
2026-06-19 18:58:59 [INFO] httpx: HTTP Request: GET https://gfcmaxbtscmizsakarvc.supabase.co/rest/v1/stock_prices?select=date&symbol=eq.KRDI&exchange=eq.EGX&order=date.desc&limit=1 "HTTP/2 206 Partial Content"
2026-06-19 18:58:59 [INFO] httpx: HTTP Request: GET https://gfcmaxbtscmizsakarvc.supabase.co/rest/v1/stock_prices?select=date&symbol=eq.KASABF&exchange=eq.EGX&order=date.desc&limit=1 "HTTP/2 206 Partial Content"
2026-06-19 18:58:59 [WARNING] tvDatafeed.main: you are using nologin method, data you access may be limited
2026-06-19 18:58:59 [INFO] httpx: HTTP Request: POST https://gfcmaxbtscmizsakarvc.supabase.co/rest/v1/stock_prices?on_conflict=symbol%2Cexchange%2Cdate&columns=%22close%22%2C%22date%22%2C%22volume%22%2C%22low%22%2C%22adjusted_close%22%2C%22symbol%22%2C%22open%22%2C%22high%22%2C%22exchange%22 "HTTP/2 200 OK"
2026-06-19 18:59:00 [INFO] httpx: HTTP Request: GET https://gfcmaxbtscmizsakarvc.supabase.co/rest/v1/stock_prices?select=date&symbol=eq.KWIN&exchange=eq.EGX&order=date.desc&limit=1 "HTTP/2 206 Partial Content"
2026-06-19 18:59:00 [ERROR] tvDatafeed.main: Connection timed out
2026-06-19 18:59:00 [ERROR] tvDatafeed.main: no data, please check the exchange and symbol
2026-06-19 18:59:00 [WARNING] tvDatafeed.main: you are using nologin method, data you access may be limited
2026-06-19 18:59:00 [WARNING] tvDatafeed.main: you are using nologin method, data you access may be limited
2026-06-19 18:59:00 [WARNING] tvDatafeed.main: you are using nologin method, data you access may be limited
2026-06-19 18:59:00 [INFO] httpx: HTTP Request: GET https://gfcmaxbtscmizsakarvc.supabase.co/rest/v1/stock_prices?select=date&symbol=eq.KZPC&exchange=eq.EGX&order=date.desc&limit=1 "HTTP/2 206 Partial Content"
2026-06-19 18:59:00 [INFO] httpx: HTTP Request: GET https://gfcmaxbtscmizsakarvc.supabase.co/rest/v1/stock_prices?select=date&symbol=eq.LCSW&exchange=eq.EGX&order=date.desc&limit=1 "HTTP/2 206 Partial Content"
2026-06-19 18:59:01 [INFO] httpx: HTTP Request: POST https://gfcmaxbtscmizsakarvc.supabase.co/rest/v1/stock_prices?on_conflict=symbol%2Cexchange%2Cdate&columns=%22close%22%2C%22date%22%2C%22volume%22%2C%22low%22%2C%22adjusted_close%22%2C%22symbol%22%2C%22open%22%2C%22high%22%2C%22exchange%22 "HTTP/2 200 OK"
2026-06-19 18:59:01 [WARNING] tvDatafeed.main: you are using nologin method, data you access may be limited
2026-06-19 18:59:01 [WARNING] tvDatafeed.main: you are using nologin method, data you access may be limited
2026-06-19 18:59:01 [WARNING] tvDatafeed.main: you are using nologin method, data you access may be limited
2026-06-19 18:59:01 [INFO] httpx: HTTP Request: GET https://gfcmaxbtscmizsakarvc.supabase.co/rest/v1/stock_prices?select=date&symbol=eq.LUTS&exchange=eq.EGX&order=date.desc&limit=1 "HTTP/2 206 Partial Content"
2026-06-19 18:59:01 [INFO] httpx: HTTP Request: POST https://gfcmaxbtscmizsakarvc.supabase.co/rest/v1/stock_prices?on_conflict=symbol%2Cexchange%2Cdate&columns=%22close%22%2C%22date%22%2C%22volume%22%2C%22low%22%2C%22adjusted_close%22%2C%22symbol%22%2C%22open%22%2C%22high%22%2C%22exchange%22 "HTTP/2 200 OK"
2026-06-19 18:59:02 [INFO] httpx: HTTP Request: GET https://gfcmaxbtscmizsakarvc.supabase.co/rest/v1/stock_prices?select=date&symbol=eq.MAAL&exchange=eq.EGX&order=date.desc&limit=1 "HTTP/2 206 Partial Content"
2026-06-19 18:59:02 [INFO] httpx: HTTP Request: POST https://gfcmaxbtscmizsakarvc.supabase.co/rest/v1/stock_prices?on_conflict=symbol%2Cexchange%2Cdate&columns=%22close%22%2C%22date%22%2C%22volume%22%2C%22low%22%2C%22adjusted_close%22%2C%22symbol%22%2C%22open%22%2C%22high%22%2C%22exchange%22 "HTTP/2 200 OK"
2026-06-19 18:59:02 [WARNING] tvDatafeed.main: you are using nologin method, data you access may be limited
2026-06-19 18:59:02 [WARNING] tvDatafeed.main: you are using nologin method, data you access may be limited
2026-06-19 18:59:02 [INFO] httpx: HTTP Request: GET https://gfcmaxbtscmizsakarvc.supabase.co/rest/v1/stock_prices?select=date&symbol=eq.MASR&exchange=eq.EGX&order=date.desc&limit=1 "HTTP/2 206 Partial Content"
2026-06-19 18:59:02 [INFO] httpx: HTTP Request: POST https://gfcmaxbtscmizsakarvc.supabase.co/rest/v1/stock_prices?on_conflict=symbol%2Cexchange%2Cdate&columns=%22close%22%2C%22date%22%2C%22volume%22%2C%22low%22%2C%22adjusted_close%22%2C%22symbol%22%2C%22open%22%2C%22high%22%2C%22exchange%22 "HTTP/2 200 OK"
2026-06-19 18:59:03 [WARNING] tvDatafeed.main: you are using nologin method, data you access may be limited
2026-06-19 18:59:03 [INFO] httpx: HTTP Request: POST https://gfcmaxbtscmizsakarvc.supabase.co/rest/v1/stock_prices?on_conflict=symbol%2Cexchange%2Cdate&columns=%22close%22%2C%22date%22%2C%22volume%22%2C%22low%22%2C%22adjusted_close%22%2C%22symbol%22%2C%22open%22%2C%22high%22%2C%22exchange%22 "HTTP/2 200 OK"
2026-06-19 18:59:03 [INFO] httpx: HTTP Request: GET https://gfcmaxbtscmizsakarvc.supabase.co/rest/v1/stock_prices?select=date&symbol=eq.MATD&exchange=eq.EGX&order=date.desc&limit=1 "HTTP/2 200 OK"
2026-06-19 18:59:03 [ERROR] tvDatafeed.main: Connection timed out
2026-06-19 18:59:03 [ERROR] tvDatafeed.main: no data, please check the exchange and symbol
2026-06-19 18:59:03 [WARNING] tvDatafeed.main: you are using nologin method, data you access may be limited
2026-06-19 18:59:03 [INFO] httpx: HTTP Request: GET https://gfcmaxbtscmizsakarvc.supabase.co/rest/v1/stock_prices?select=date&symbol=eq.MBEG&exchange=eq.EGX&order=date.desc&limit=1 "HTTP/2 206 Partial Content"
2026-06-19 18:59:04 [INFO] httpx: HTTP Request: GET https://gfcmaxbtscmizsakarvc.supabase.co/rest/v1/stock_prices?select=date&symbol=eq.MBSC&exchange=eq.EGX&order=date.desc&limit=1 "HTTP/2 206 Partial Content"
2026-06-19 18:59:04 [WARNING] tvDatafeed.main: you are using nologin method, data you access may be limited
2026-06-19 18:59:04 [WARNING] tvDatafeed.main: you are using nologin method, data you access may be limited
2026-06-19 18:59:04 [INFO] httpx: HTTP Request: POST https://gfcmaxbtscmizsakarvc.supabase.co/rest/v1/stock_prices?on_conflict=symbol%2Cexchange%2Cdate&columns=%22close%22%2C%22date%22%2C%22volume%22%2C%22low%22%2C%22adjusted_close%22%2C%22symbol%22%2C%22open%22%2C%22high%22%2C%22exchange%22 "HTTP/2 200 OK"
2026-06-19 18:59:04 [INFO] httpx: HTTP Request: POST https://gfcmaxbtscmizsakarvc.supabase.co/rest/v1/stock_prices?on_conflict=symbol%2Cexchange%2Cdate&columns=%22close%22%2C%22date%22%2C%22volume%22%2C%22low%22%2C%22adjusted_close%22%2C%22symbol%22%2C%22open%22%2C%22high%22%2C%22exchange%22 "HTTP/2 200 OK"
2026-06-19 18:59:05 [INFO] httpx: HTTP Request: POST https://gfcmaxbtscmizsakarvc.supabase.co/rest/v1/stock_prices?on_conflict=symbol%2Cexchange%2Cdate&columns=%22close%22%2C%22date%22%2C%22volume%22%2C%22low%22%2C%22adjusted_close%22%2C%22symbol%22%2C%22open%22%2C%22high%22%2C%22exchange%22 "HTTP/2 200 OK"
2026-06-19 18:59:05 [WARNING] tvDatafeed.main: you are using nologin method, data you access may be limited
2026-06-19 18:59:05 [INFO] httpx: HTTP Request: POST https://gfcmaxbtscmizsakarvc.supabase.co/rest/v1/stock_prices?on_conflict=symbol%2Cexchange%2Cdate&columns=%22close%22%2C%22date%22%2C%22volume%22%2C%22low%22%2C%22adjusted_close%22%2C%22symbol%22%2C%22open%22%2C%22high%22%2C%22exchange%22 "HTTP/2 200 OK"
2026-06-19 18:59:05 [INFO] httpx: HTTP Request: POST https://gfcmaxbtscmizsakarvc.supabase.co/rest/v1/stock_prices?on_conflict=symbol%2Cexchange%2Cdate&columns=%22close%22%2C%22date%22%2C%22volume%22%2C%22low%22%2C%22adjusted_close%22%2C%22symbol%22%2C%22open%22%2C%22high%22%2C%22exchange%22 "HTTP/2 200 OK"
2026-06-19 18:59:05 [INFO] httpx: HTTP Request: POST https://gfcmaxbtscmizsakarvc.supabase.co/rest/v1/stock_prices?on_conflict=symbol%2Cexchange%2Cdate&columns=%22close%22%2C%22date%22%2C%22volume%22%2C%22low%22%2C%22adjusted_close%22%2C%22symbol%22%2C%22open%22%2C%22high%22%2C%22exchange%22 "HTTP/2 200 OK"
2026-06-19 18:59:05 [INFO] httpx: HTTP Request: GET https://gfcmaxbtscmizsakarvc.supabase.co/rest/v1/stock_prices?select=date&symbol=eq.MCQE&exchange=eq.EGX&order=date.desc&limit=1 "HTTP/2 206 Partial Content"
2026-06-19 18:59:05 [INFO] httpx: HTTP Request: POST https://gfcmaxbtscmizsakarvc.supabase.co/rest/v1/stock_prices?on_conflict=symbol%2Cexchange%2Cdate&columns=%22close%22%2C%22date%22%2C%22volume%22%2C%22low%22%2C%22adjusted_close%22%2C%22symbol%22%2C%22open%22%2C%22high%22%2C%22exchange%22 "HTTP/2 200 OK"
2026-06-19 18:59:05 [WARNING] tvDatafeed.main: you are using nologin method, data you access may be limited
2026-06-19 18:59:05 [INFO] httpx: HTTP Request: GET https://gfcmaxbtscmizsakarvc.supabase.co/rest/v1/stock_prices?select=date&symbol=eq.MCRO&exchange=eq.EGX&order=date.desc&limit=1 "HTTP/2 206 Partial Content"
2026-06-19 18:59:06 [INFO] httpx: HTTP Request: GET https://gfcmaxbtscmizsakarvc.supabase.co/rest/v1/stock_prices?select=date&symbol=eq.MEGM&exchange=eq.EGX&order=date.desc&limit=1 "HTTP/2 206 Partial Content"
2026-06-19 18:59:06 [INFO] httpx: HTTP Request: GET https://gfcmaxbtscmizsakarvc.supabase.co/rest/v1/stock_prices?select=date&symbol=eq.MEDP&exchange=eq.EGX&order=date.desc&limit=1 "HTTP/2 200 OK"
2026-06-19 18:59:06 [INFO] httpx: HTTP Request: POST https://gfcmaxbtscmizsakarvc.supabase.co/rest/v1/stock_prices?on_conflict=symbol%2Cexchange%2Cdate&columns=%22close%22%2C%22date%22%2C%22volume%22%2C%22low%22%2C%22adjusted_close%22%2C%22symbol%22%2C%22open%22%2C%22high%22%2C%22exchange%22 "HTTP/2 200 OK"
2026-06-19 18:59:06 [INFO] httpx: HTTP Request: GET https://gfcmaxbtscmizsakarvc.supabase.co/rest/v1/stock_prices?select=date&symbol=eq.MENA&exchange=eq.EGX&order=date.desc&limit=1 "HTTP/2 206 Partial Content"
2026-06-19 18:59:06 [INFO] httpx: HTTP Request: POST https://gfcmaxbtscmizsakarvc.supabase.co/rest/v1/stock_prices?on_conflict=symbol%2Cexchange%2Cdate&columns=%22close%22%2C%22date%22%2C%22volume%22%2C%22low%22%2C%22adjusted_close%22%2C%22symbol%22%2C%22open%22%2C%22high%22%2C%22exchange%22 "HTTP/2 200 OK"
2026-06-19 18:59:06 [INFO] httpx: HTTP Request: GET https://gfcmaxbtscmizsakarvc.supabase.co/rest/v1/stock_prices?select=date&symbol=eq.MEPA&exchange=eq.EGX&order=date.desc&limit=1 "HTTP/2 206 Partial Content"
2026-06-19 18:59:07 [WARNING] tvDatafeed.main: you are using nologin method, data you access may be limited
2026-06-19 18:59:07 [INFO] httpx: HTTP Request: GET https://gfcmaxbtscmizsakarvc.supabase.co/rest/v1/stock_prices?select=date&symbol=eq.MFIN&exchange=eq.EGX&order=date.desc&limit=1 "HTTP/2 200 OK"
2026-06-19 18:59:07 [WARNING] tvDatafeed.main: you are using nologin method, data you access may be limited
2026-06-19 18:59:07 [WARNING] tvDatafeed.main: you are using nologin method, data you access may be limited
2026-06-19 18:59:07 [INFO] httpx: HTTP Request: POST https://gfcmaxbtscmizsakarvc.supabase.co/rest/v1/stock_prices?on_conflict=symbol%2Cexchange%2Cdate&columns=%22close%22%2C%22date%22%2C%22volume%22%2C%22low%22%2C%22adjusted_close%22%2C%22symbol%22%2C%22open%22%2C%22high%22%2C%22exchange%22 "HTTP/2 200 OK"
2026-06-19 18:59:07 [WARNING] tvDatafeed.main: you are using nologin method, data you access may be limited
2026-06-19 18:59:07 [WARNING] tvDatafeed.main: you are using nologin method, data you access may be limited
2026-06-19 18:59:08 [INFO] httpx: HTTP Request: GET https://gfcmaxbtscmizsakarvc.supabase.co/rest/v1/stock_prices?select=date&symbol=eq.MFPC&exchange=eq.EGX&order=date.desc&limit=1 "HTTP/2 206 Partial Content"
2026-06-19 18:59:08 [ERROR] tvDatafeed.main: Connection to remote host was lost.
2026-06-19 18:59:08 [ERROR] tvDatafeed.main: no data, please check the exchange and symbol
2026-06-19 18:59:08 [WARNING] tvDatafeed.main: you are using nologin method, data you access may be limited
2026-06-19 18:59:08 [INFO] httpx: HTTP Request: POST https://gfcmaxbtscmizsakarvc.supabase.co/rest/v1/stock_prices?on_conflict=symbol%2Cexchange%2Cdate&columns=%22close%22%2C%22date%22%2C%22volume%22%2C%22low%22%2C%22adjusted_close%22%2C%22symbol%22%2C%22open%22%2C%22high%22%2C%22exchange%22 "HTTP/2 200 OK"
2026-06-19 18:59:08 [WARNING] tvDatafeed.main: you are using nologin method, data you access may be limited
2026-06-19 18:59:08 [INFO] httpx: HTTP Request: POST https://gfcmaxbtscmizsakarvc.supabase.co/rest/v1/stock_prices?on_conflict=symbol%2Cexchange%2Cdate&columns=%22close%22%2C%22date%22%2C%22volume%22%2C%22low%22%2C%22adjusted_close%22%2C%22symbol%22%2C%22open%22%2C%22high%22%2C%22exchange%22 "HTTP/2 200 OK"
2026-06-19 18:59:08 [INFO] httpx: HTTP Request: POST https://gfcmaxbtscmizsakarvc.supabase.co/rest/v1/stock_prices?on_conflict=symbol%2Cexchange%2Cdate&columns=%22close%22%2C%22date%22%2C%22volume%22%2C%22low%22%2C%22adjusted_close%22%2C%22symbol%22%2C%22open%22%2C%22high%22%2C%22exchange%22 "HTTP/2 200 OK"
2026-06-19 18:59:09 [INFO] httpx: HTTP Request: POST https://gfcmaxbtscmizsakarvc.supabase.co/rest/v1/stock_prices?on_conflict=symbol%2Cexchange%2Cdate&columns=%22close%22%2C%22date%22%2C%22volume%22%2C%22low%22%2C%22adjusted_close%22%2C%22symbol%22%2C%22open%22%2C%22high%22%2C%22exchange%22 "HTTP/2 200 OK"
2026-06-19 18:59:09 [INFO] httpx: HTTP Request: GET https://gfcmaxbtscmizsakarvc.supabase.co/rest/v1/stock_prices?select=date&symbol=eq.MFSC&exchange=eq.EGX&order=date.desc&limit=1 "HTTP/2 206 Partial Content"
2026-06-19 18:59:09 [INFO] httpx: HTTP Request: POST https://gfcmaxbtscmizsakarvc.supabase.co/rest/v1/stock_prices?on_conflict=symbol%2Cexchange%2Cdate&columns=%22close%22%2C%22date%22%2C%22volume%22%2C%22low%22%2C%22adjusted_close%22%2C%22symbol%22%2C%22open%22%2C%22high%22%2C%22exchange%22 "HTTP/2 200 OK"
2026-06-19 18:59:09 [WARNING] tvDatafeed.main: you are using nologin method, data you access may be limited
2026-06-19 18:59:09 [INFO] httpx: HTTP Request: GET https://gfcmaxbtscmizsakarvc.supabase.co/rest/v1/stock_prices?select=date&symbol=eq.MHOT&exchange=eq.EGX&order=date.desc&limit=1 "HTTP/2 206 Partial Content"
2026-06-19 18:59:09 [INFO] httpx: HTTP Request: GET https://gfcmaxbtscmizsakarvc.supabase.co/rest/v1/stock_prices?select=date&symbol=eq.MICH&exchange=eq.EGX&order=date.desc&limit=1 "HTTP/2 206 Partial Content"
2026-06-19 18:59:10 [INFO] httpx: HTTP Request: POST https://gfcmaxbtscmizsakarvc.supabase.co/rest/v1/stock_prices?on_conflict=symbol%2Cexchange%2Cdate&columns=%22close%22%2C%22date%22%2C%22volume%22%2C%22low%22%2C%22adjusted_close%22%2C%22symbol%22%2C%22open%22%2C%22high%22%2C%22exchange%22 "HTTP/2 200 OK"
2026-06-19 18:59:10 [WARNING] tvDatafeed.main: you are using nologin method, data you access may be limited
2026-06-19 18:59:10 [INFO] httpx: HTTP Request: GET https://gfcmaxbtscmizsakarvc.supabase.co/rest/v1/stock_prices?select=date&symbol=eq.MILS&exchange=eq.EGX&order=date.desc&limit=1 "HTTP/2 206 Partial Content"
2026-06-19 18:59:11 [INFO] httpx: HTTP Request: POST https://gfcmaxbtscmizsakarvc.supabase.co/rest/v1/stock_prices?on_conflict=symbol%2Cexchange%2Cdate&columns=%22close%22%2C%22date%22%2C%22volume%22%2C%22low%22%2C%22adjusted_close%22%2C%22symbol%22%2C%22open%22%2C%22high%22%2C%22exchange%22 "HTTP/2 200 OK"
2026-06-19 18:59:11 [WARNING] tvDatafeed.main: you are using nologin method, data you access may be limited
2026-06-19 18:59:11 [WARNING] tvDatafeed.main: you are using nologin method, data you access may be limited
2026-06-19 18:59:11 [INFO] httpx: HTTP Request: POST https://gfcmaxbtscmizsakarvc.supabase.co/rest/v1/stock_prices?on_conflict=symbol%2Cexchange%2Cdate&columns=%22close%22%2C%22date%22%2C%22volume%22%2C%22low%22%2C%22adjusted_close%22%2C%22symbol%22%2C%22open%22%2C%22high%22%2C%22exchange%22 "HTTP/2 200 OK"
2026-06-19 18:59:11 [INFO] httpx: HTTP Request: GET https://gfcmaxbtscmizsakarvc.supabase.co/rest/v1/stock_prices?select=date&symbol=eq.MIPH&exchange=eq.EGX&order=date.desc&limit=1 "HTTP/2 206 Partial Content"
2026-06-19 18:59:11 [ERROR] tvDatafeed.main: Connection timed out
2026-06-19 18:59:11 [ERROR] tvDatafeed.main: no data, please check the exchange and symbol
2026-06-19 18:59:11 [INFO] httpx: HTTP Request: GET https://gfcmaxbtscmizsakarvc.supabase.co/rest/v1/stock_prices?select=date&symbol=eq.MOED&exchange=eq.EGX&order=date.desc&limit=1 "HTTP/2 206 Partial Content"
2026-06-19 18:59:12 [INFO] httpx: HTTP Request: POST https://gfcmaxbtscmizsakarvc.supabase.co/rest/v1/stock_prices?on_conflict=symbol%2Cexchange%2Cdate&columns=%22close%22%2C%22date%22%2C%22volume%22%2C%22low%22%2C%22adjusted_close%22%2C%22symbol%22%2C%22open%22%2C%22high%22%2C%22exchange%22 "HTTP/2 200 OK"
2026-06-19 18:59:12 [WARNING] tvDatafeed.main: you are using nologin method, data you access may be limited
2026-06-19 18:59:12 [INFO] httpx: HTTP Request: GET https://gfcmaxbtscmizsakarvc.supabase.co/rest/v1/stock_prices?select=date&symbol=eq.MOIL&exchange=eq.EGX&order=date.desc&limit=1 "HTTP/2 206 Partial Content"
2026-06-19 18:59:12 [INFO] httpx: HTTP Request: GET https://gfcmaxbtscmizsakarvc.supabase.co/rest/v1/stock_prices?select=date&symbol=eq.MOIN&exchange=eq.EGX&order=date.desc&limit=1 "HTTP/2 206 Partial Content"
2026-06-19 18:59:12 [INFO] httpx: HTTP Request: POST https://gfcmaxbtscmizsakarvc.supabase.co/rest/v1/stock_prices?on_conflict=symbol%2Cexchange%2Cdate&columns=%22close%22%2C%22date%22%2C%22volume%22%2C%22low%22%2C%22adjusted_close%22%2C%22symbol%22%2C%22open%22%2C%22high%22%2C%22exchange%22 "HTTP/2 200 OK"
2026-06-19 18:59:13 [INFO] httpx: HTTP Request: POST https://gfcmaxbtscmizsakarvc.supabase.co/rest/v1/stock_prices?on_conflict=symbol%2Cexchange%2Cdate&columns=%22close%22%2C%22date%22%2C%22volume%22%2C%22low%22%2C%22adjusted_close%22%2C%22symbol%22%2C%22open%22%2C%22high%22%2C%22exchange%22 "HTTP/2 200 OK"
2026-06-19 18:59:13 [INFO] httpx: HTTP Request: GET https://gfcmaxbtscmizsakarvc.supabase.co/rest/v1/stock_prices?select=date&symbol=eq.MOSC&exchange=eq.EGX&order=date.desc&limit=1 "HTTP/2 206 Partial Content"
2026-06-19 18:59:13 [WARNING] tvDatafeed.main: you are using nologin method, data you access may be limited
2026-06-19 18:59:13 [WARNING] tvDatafeed.main: you are using nologin method, data you access may be limited
2026-06-19 18:59:13 [INFO] httpx: HTTP Request: GET https://gfcmaxbtscmizsakarvc.supabase.co/rest/v1/stock_prices?select=date&symbol=eq.MPCI&exchange=eq.EGX&order=date.desc&limit=1 "HTTP/2 206 Partial Content"
2026-06-19 18:59:13 [INFO] httpx: HTTP Request: POST https://gfcmaxbtscmizsakarvc.supabase.co/rest/v1/stock_prices?on_conflict=symbol%2Cexchange%2Cdate&columns=%22close%22%2C%22date%22%2C%22volume%22%2C%22low%22%2C%22adjusted_close%22%2C%22symbol%22%2C%22open%22%2C%22high%22%2C%22exchange%22 "HTTP/2 200 OK"
2026-06-19 18:59:14 [WARNING] tvDatafeed.main: you are using nologin method, data you access may be limited
2026-06-19 18:59:14 [WARNING] tvDatafeed.main: you are using nologin method, data you access may be limited
2026-06-19 18:59:14 [INFO] httpx: HTTP Request: POST https://gfcmaxbtscmizsakarvc.supabase.co/rest/v1/stock_prices?on_conflict=symbol%2Cexchange%2Cdate&columns=%22close%22%2C%22date%22%2C%22volume%22%2C%22low%22%2C%22adjusted_close%22%2C%22symbol%22%2C%22open%22%2C%22high%22%2C%22exchange%22 "HTTP/2 200 OK"
2026-06-19 18:59:14 [INFO] httpx: HTTP Request: GET https://gfcmaxbtscmizsakarvc.supabase.co/rest/v1/stock_prices?select=date&symbol=eq.MPCO&exchange=eq.EGX&order=date.desc&limit=1 "HTTP/2 206 Partial Content"
2026-06-19 18:59:14 [ERROR] tvDatafeed.main: Connection timed out
2026-06-19 18:59:14 [ERROR] tvDatafeed.main: no data, please check the exchange and symbol
2026-06-19 18:59:14 [WARNING] tvDatafeed.main: you are using nologin method, data you access may be limited
2026-06-19 18:59:15 [INFO] httpx: HTTP Request: POST https://gfcmaxbtscmizsakarvc.supabase.co/rest/v1/stock_prices?on_conflict=symbol%2Cexchange%2Cdate&columns=%22close%22%2C%22date%22%2C%22volume%22%2C%22low%22%2C%22adjusted_close%22%2C%22symbol%22%2C%22open%22%2C%22high%22%2C%22exchange%22 "HTTP/2 200 OK"
2026-06-19 18:59:15 [INFO] httpx: HTTP Request: GET https://gfcmaxbtscmizsakarvc.supabase.co/rest/v1/stock_prices?select=date&symbol=eq.MPRC&exchange=eq.EGX&order=date.desc&limit=1 "HTTP/2 206 Partial Content"
2026-06-19 18:59:15 [INFO] httpx: HTTP Request: GET https://gfcmaxbtscmizsakarvc.supabase.co/rest/v1/stock_prices?select=date&symbol=eq.MRCO&exchange=eq.EGX&order=date.desc&limit=1 "HTTP/2 200 OK"
2026-06-19 18:59:15 [WARNING] tvDatafeed.main: you are using nologin method, data you access may be limited
2026-06-19 18:59:15 [INFO] httpx: HTTP Request: GET https://gfcmaxbtscmizsakarvc.supabase.co/rest/v1/stock_prices?select=date&symbol=eq.MTIE&exchange=eq.EGX&order=date.desc&limit=1 "HTTP/2 206 Partial Content"
2026-06-19 18:59:15 [INFO] httpx: HTTP Request: POST https://gfcmaxbtscmizsakarvc.supabase.co/rest/v1/stock_prices?on_conflict=symbol%2Cexchange%2Cdate&columns=%22close%22%2C%22date%22%2C%22volume%22%2C%22low%22%2C%22adjusted_close%22%2C%22symbol%22%2C%22open%22%2C%22high%22%2C%22exchange%22 "HTTP/2 200 OK"
2026-06-19 18:59:15 [INFO] httpx: HTTP Request: POST https://gfcmaxbtscmizsakarvc.supabase.co/rest/v1/stock_prices?on_conflict=symbol%2Cexchange%2Cdate&columns=%22close%22%2C%22date%22%2C%22volume%22%2C%22low%22%2C%22adjusted_close%22%2C%22symbol%22%2C%22open%22%2C%22high%22%2C%22exchange%22 "HTTP/2 200 OK"
2026-06-19 18:59:15 [WARNING] tvDatafeed.main: you are using nologin method, data you access may be limited
2026-06-19 18:59:16 [INFO] httpx: HTTP Request: GET https://gfcmaxbtscmizsakarvc.supabase.co/rest/v1/stock_prices?select=date&symbol=eq.NAHO&exchange=eq.EGX&order=date.desc&limit=1 "HTTP/2 206 Partial Content"
2026-06-19 18:59:16 [INFO] httpx: HTTP Request: POST https://gfcmaxbtscmizsakarvc.supabase.co/rest/v1/stock_prices?on_conflict=symbol%2Cexchange%2Cdate&columns=%22close%22%2C%22date%22%2C%22volume%22%2C%22low%22%2C%22adjusted_close%22%2C%22symbol%22%2C%22open%22%2C%22high%22%2C%22exchange%22 "HTTP/2 200 OK"
2026-06-19 18:59:16 [INFO] httpx: HTTP Request: GET https://gfcmaxbtscmizsakarvc.supabase.co/rest/v1/stock_prices?select=date&symbol=eq.NAPR&exchange=eq.EGX&order=date.desc&limit=1 "HTTP/2 200 OK"
2026-06-19 18:59:16 [ERROR] tvDatafeed.main: Connection timed out
2026-06-19 18:59:16 [ERROR] tvDatafeed.main: no data, please check the exchange and symbol
2026-06-19 18:59:16 [INFO] httpx: HTTP Request: POST https://gfcmaxbtscmizsakarvc.supabase.co/rest/v1/stock_prices?on_conflict=symbol%2Cexchange%2Cdate&columns=%22close%22%2C%22date%22%2C%22volume%22%2C%22low%22%2C%22adjusted_close%22%2C%22symbol%22%2C%22open%22%2C%22high%22%2C%22exchange%22 "HTTP/2 200 OK"
2026-06-19 18:59:16 [WARNING] tvDatafeed.main: you are using nologin method, data you access may be limited
2026-06-19 18:59:16 [WARNING] tvDatafeed.main: you are using nologin method, data you access may be limited
2026-06-19 18:59:16 [INFO] httpx: HTTP Request: GET https://gfcmaxbtscmizsakarvc.supabase.co/rest/v1/stock_prices?select=date&symbol=eq.NARE&exchange=eq.EGX&order=date.desc&limit=1 "HTTP/2 206 Partial Content"
2026-06-19 18:59:17 [WARNING] tvDatafeed.main: you are using nologin method, data you access may be limited
2026-06-19 18:59:17 [INFO] httpx: HTTP Request: GET https://gfcmaxbtscmizsakarvc.supabase.co/rest/v1/stock_prices?select=date&symbol=eq.NASR&exchange=eq.EGX&order=date.desc&limit=1 "HTTP/2 200 OK"
2026-06-19 18:59:17 [INFO] httpx: HTTP Request: GET https://gfcmaxbtscmizsakarvc.supabase.co/rest/v1/stock_prices?select=date&symbol=eq.NBKE&exchange=eq.EGX&order=date.desc&limit=1 "HTTP/2 206 Partial Content"
2026-06-19 18:59:17 [INFO] httpx: HTTP Request: POST https://gfcmaxbtscmizsakarvc.supabase.co/rest/v1/stock_prices?on_conflict=symbol%2Cexchange%2Cdate&columns=%22close%22%2C%22date%22%2C%22volume%22%2C%22low%22%2C%22adjusted_close%22%2C%22symbol%22%2C%22open%22%2C%22high%22%2C%22exchange%22 "HTTP/2 200 OK"
2026-06-19 18:59:17 [INFO] httpx: HTTP Request: POST https://gfcmaxbtscmizsakarvc.supabase.co/rest/v1/stock_prices?on_conflict=symbol%2Cexchange%2Cdate&columns=%22close%22%2C%22date%22%2C%22volume%22%2C%22low%22%2C%22adjusted_close%22%2C%22symbol%22%2C%22open%22%2C%22high%22%2C%22exchange%22 "HTTP/2 200 OK"
2026-06-19 18:59:17 [WARNING] tvDatafeed.main: you are using nologin method, data you access may be limited
2026-06-19 18:59:17 [WARNING] tvDatafeed.main: you are using nologin method, data you access may be limited
2026-06-19 18:59:17 [INFO] httpx: HTTP Request: GET https://gfcmaxbtscmizsakarvc.supabase.co/rest/v1/stock_prices?select=date&symbol=eq.NCCW&exchange=eq.EGX&order=date.desc&limit=1 "HTTP/2 206 Partial Content"
2026-06-19 18:59:18 [INFO] httpx: HTTP Request: GET https://gfcmaxbtscmizsakarvc.supabase.co/rest/v1/stock_prices?select=date&symbol=eq.NCEM&exchange=eq.EGX&order=date.desc&limit=1 "HTTP/2 200 OK"
2026-06-19 18:59:18 [WARNING] tvDatafeed.main: you are using nologin method, data you access may be limited
2026-06-19 18:59:18 [INFO] httpx: HTTP Request: POST https://gfcmaxbtscmizsakarvc.supabase.co/rest/v1/stock_prices?on_conflict=symbol%2Cexchange%2Cdate&columns=%22close%22%2C%22date%22%2C%22volume%22%2C%22low%22%2C%22adjusted_close%22%2C%22symbol%22%2C%22open%22%2C%22high%22%2C%22exchange%22 "HTTP/2 200 OK"
2026-06-19 18:59:19 [WARNING] tvDatafeed.main: you are using nologin method, data you access may be limited
2026-06-19 18:59:19 [WARNING] tvDatafeed.main: you are using nologin method, data you access may be limited
2026-06-19 18:59:19 [INFO] httpx: HTTP Request: GET https://gfcmaxbtscmizsakarvc.supabase.co/rest/v1/stock_prices?select=date&symbol=eq.NCGC&exchange=eq.EGX&order=date.desc&limit=1 "HTTP/2 206 Partial Content"
2026-06-19 18:59:19 [WARNING] tvDatafeed.main: you are using nologin method, data you access may be limited
2026-06-19 18:59:19 [INFO] httpx: HTTP Request: POST https://gfcmaxbtscmizsakarvc.supabase.co/rest/v1/stock_prices?on_conflict=symbol%2Cexchange%2Cdate&columns=%22close%22%2C%22date%22%2C%22volume%22%2C%22low%22%2C%22adjusted_close%22%2C%22symbol%22%2C%22open%22%2C%22high%22%2C%22exchange%22 "HTTP/2 200 OK"
2026-06-19 18:59:19 [WARNING] tvDatafeed.main: you are using nologin method, data you access may be limited
2026-06-19 18:59:20 [INFO] httpx: HTTP Request: GET https://gfcmaxbtscmizsakarvc.supabase.co/rest/v1/stock_prices?select=date&symbol=eq.NCIN&exchange=eq.EGX&order=date.desc&limit=1 "HTTP/2 200 OK"
2026-06-19 18:59:20 [INFO] httpx: HTTP Request: POST https://gfcmaxbtscmizsakarvc.supabase.co/rest/v1/stock_prices?on_conflict=symbol%2Cexchange%2Cdate&columns=%22close%22%2C%22date%22%2C%22volume%22%2C%22low%22%2C%22adjusted_close%22%2C%22symbol%22%2C%22open%22%2C%22high%22%2C%22exchange%22 "HTTP/2 200 OK"
2026-06-19 18:59:20 [INFO] httpx: HTTP Request: POST https://gfcmaxbtscmizsakarvc.supabase.co/rest/v1/stock_prices?on_conflict=symbol%2Cexchange%2Cdate&columns=%22close%22%2C%22date%22%2C%22volume%22%2C%22low%22%2C%22adjusted_close%22%2C%22symbol%22%2C%22open%22%2C%22high%22%2C%22exchange%22 "HTTP/2 200 OK"
2026-06-19 18:59:20 [WARNING] tvDatafeed.main: you are using nologin method, data you access may be limited
2026-06-19 18:59:20 [INFO] httpx: HTTP Request: GET https://gfcmaxbtscmizsakarvc.supabase.co/rest/v1/stock_prices?select=date&symbol=eq.NCMP&exchange=eq.EGX&order=date.desc&limit=1 "HTTP/2 200 OK"
2026-06-19 18:59:21 [INFO] httpx: HTTP Request: GET https://gfcmaxbtscmizsakarvc.supabase.co/rest/v1/stock_prices?select=date&symbol=eq.NEDA&exchange=eq.EGX&order=date.desc&limit=1 "HTTP/2 206 Partial Content"
2026-06-19 18:59:21 [WARNING] tvDatafeed.main: you are using nologin method, data you access may be limited
2026-06-19 18:59:21 [ERROR] tvDatafeed.main: Connection to remote host was lost.
2026-06-19 18:59:21 [ERROR] tvDatafeed.main: no data, please check the exchange and symbol
2026-06-19 18:59:22 [WARNING] tvDatafeed.main: you are using nologin method, data you access may be limited
2026-06-19 18:59:22 [INFO] httpx: HTTP Request: POST https://gfcmaxbtscmizsakarvc.supabase.co/rest/v1/stock_prices?on_conflict=symbol%2Cexchange%2Cdate&columns=%22close%22%2C%22date%22%2C%22volume%22%2C%22low%22%2C%22adjusted_close%22%2C%22symbol%22%2C%22open%22%2C%22high%22%2C%22exchange%22 "HTTP/2 200 OK"
2026-06-19 18:59:22 [INFO] httpx: HTTP Request: GET https://gfcmaxbtscmizsakarvc.supabase.co/rest/v1/stock_prices?select=date&symbol=eq.NHPS&exchange=eq.EGX&order=date.desc&limit=1 "HTTP/2 206 Partial Content"
2026-06-19 18:59:22 [WARNING] tvDatafeed.main: you are using nologin method, data you access may be limited
2026-06-19 18:59:22 [INFO] httpx: HTTP Request: GET https://gfcmaxbtscmizsakarvc.supabase.co/rest/v1/stock_prices?select=date&symbol=eq.NINH&exchange=eq.EGX&order=date.desc&limit=1 "HTTP/2 206 Partial Content"
2026-06-19 18:59:23 [ERROR] tvDatafeed.main: Connection timed out
2026-06-19 18:59:23 [ERROR] tvDatafeed.main: no data, please check the exchange and symbol
2026-06-19 18:59:23 [INFO] httpx: HTTP Request: POST https://gfcmaxbtscmizsakarvc.supabase.co/rest/v1/stock_prices?on_conflict=symbol%2Cexchange%2Cdate&columns=%22close%22%2C%22date%22%2C%22volume%22%2C%22low%22%2C%22adjusted_close%22%2C%22symbol%22%2C%22open%22%2C%22high%22%2C%22exchange%22 "HTTP/2 200 OK"
2026-06-19 18:59:23 [INFO] httpx: HTTP Request: GET https://gfcmaxbtscmizsakarvc.supabase.co/rest/v1/stock_prices?select=date&symbol=eq.NIPH&exchange=eq.EGX&order=date.desc&limit=1 "HTTP/2 206 Partial Content"
2026-06-19 18:59:23 [INFO] httpx: HTTP Request: GET https://gfcmaxbtscmizsakarvc.supabase.co/rest/v1/stock_prices?select=date&symbol=eq.NOAF&exchange=eq.EGX&order=date.desc&limit=1 "HTTP/2 200 OK"
2026-06-19 18:59:23 [WARNING] tvDatafeed.main: you are using nologin method, data you access may be limited
2026-06-19 18:59:24 [WARNING] tvDatafeed.main: you are using nologin method, data you access may be limited
2026-06-19 18:59:24 [ERROR] tvDatafeed.main: Connection timed out
2026-06-19 18:59:24 [ERROR] tvDatafeed.main: no data, please check the exchange and symbol
2026-06-19 18:59:24 [INFO] httpx: HTTP Request: POST https://gfcmaxbtscmizsakarvc.supabase.co/rest/v1/stock_prices?on_conflict=symbol%2Cexchange%2Cdate&columns=%22close%22%2C%22date%22%2C%22volume%22%2C%22low%22%2C%22adjusted_close%22%2C%22symbol%22%2C%22open%22%2C%22high%22%2C%22exchange%22 "HTTP/2 200 OK"
2026-06-19 18:59:25 [WARNING] tvDatafeed.main: you are using nologin method, data you access may be limited
2026-06-19 18:59:25 [INFO] httpx: HTTP Request: GET https://gfcmaxbtscmizsakarvc.supabase.co/rest/v1/stock_prices?select=date&symbol=eq.OBRI&exchange=eq.EGX&order=date.desc&limit=1 "HTTP/2 206 Partial Content"
2026-06-19 18:59:25 [INFO] httpx: HTTP Request: GET https://gfcmaxbtscmizsakarvc.supabase.co/rest/v1/stock_prices?select=date&symbol=eq.OCDI&exchange=eq.EGX&order=date.desc&limit=1 "HTTP/2 206 Partial Content"
2026-06-19 18:59:25 [INFO] httpx: HTTP Request: POST https://gfcmaxbtscmizsakarvc.supabase.co/rest/v1/stock_prices?on_conflict=symbol%2Cexchange%2Cdate&columns=%22close%22%2C%22date%22%2C%22volume%22%2C%22low%22%2C%22adjusted_close%22%2C%22symbol%22%2C%22open%22%2C%22high%22%2C%22exchange%22 "HTTP/2 200 OK"
2026-06-19 18:59:25 [WARNING] tvDatafeed.main: you are using nologin method, data you access may be limited
2026-06-19 18:59:25 [INFO] httpx: HTTP Request: POST https://gfcmaxbtscmizsakarvc.supabase.co/rest/v1/stock_prices?on_conflict=symbol%2Cexchange%2Cdate&columns=%22close%22%2C%22date%22%2C%22volume%22%2C%22low%22%2C%22adjusted_close%22%2C%22symbol%22%2C%22open%22%2C%22high%22%2C%22exchange%22 "HTTP/2 200 OK"
2026-06-19 18:59:25 [INFO] httpx: HTTP Request: GET https://gfcmaxbtscmizsakarvc.supabase.co/rest/v1/stock_prices?select=date&symbol=eq.OCPH&exchange=eq.EGX&order=date.desc&limit=1 "HTTP/2 206 Partial Content"
2026-06-19 18:59:26 [ERROR] tvDatafeed.main: Connection timed out
2026-06-19 18:59:26 [ERROR] tvDatafeed.main: no data, please check the exchange and symbol
2026-06-19 18:59:26 [INFO] httpx: HTTP Request: POST https://gfcmaxbtscmizsakarvc.supabase.co/rest/v1/stock_prices?on_conflict=symbol%2Cexchange%2Cdate&columns=%22close%22%2C%22date%22%2C%22volume%22%2C%22low%22%2C%22adjusted_close%22%2C%22symbol%22%2C%22open%22%2C%22high%22%2C%22exchange%22 "HTTP/2 200 OK"
2026-06-19 18:59:26 [INFO] httpx: HTTP Request: GET https://gfcmaxbtscmizsakarvc.supabase.co/rest/v1/stock_prices?select=date&symbol=eq.ODHN&exchange=eq.EGX&order=date.desc&limit=1 "HTTP/2 200 OK"
2026-06-19 18:59:26 [WARNING] tvDatafeed.main: you are using nologin method, data you access may be limited
2026-06-19 18:59:26 [WARNING] tvDatafeed.main: you are using nologin method, data you access may be limited
2026-06-19 18:59:26 [INFO] httpx: HTTP Request: GET https://gfcmaxbtscmizsakarvc.supabase.co/rest/v1/stock_prices?select=date&symbol=eq.ODID&exchange=eq.EGX&order=date.desc&limit=1 "HTTP/2 200 OK"
2026-06-19 18:59:26 [INFO] httpx: HTTP Request: GET https://gfcmaxbtscmizsakarvc.supabase.co/rest/v1/stock_prices?select=date&symbol=eq.ODIN&exchange=eq.EGX&order=date.desc&limit=1 "HTTP/2 206 Partial Content"
2026-06-19 18:59:27 [WARNING] tvDatafeed.main: you are using nologin method, data you access may be limited
2026-06-19 18:59:27 [ERROR] tvDatafeed.main: Connection timed out
2026-06-19 18:59:27 [ERROR] tvDatafeed.main: no data, please check the exchange and symbol
2026-06-19 18:59:27 [WARNING] tvDatafeed.main: you are using nologin method, data you access may be limited
2026-06-19 18:59:28 [INFO] httpx: HTTP Request: POST https://gfcmaxbtscmizsakarvc.supabase.co/rest/v1/stock_prices?on_conflict=symbol%2Cexchange%2Cdate&columns=%22close%22%2C%22date%22%2C%22volume%22%2C%22low%22%2C%22adjusted_close%22%2C%22symbol%22%2C%22open%22%2C%22high%22%2C%22exchange%22 "HTTP/2 200 OK"
2026-06-19 18:59:28 [WARNING] tvDatafeed.main: you are using nologin method, data you access may be limited
2026-06-19 18:59:28 [WARNING] tvDatafeed.main: you are using nologin method, data you access may be limited
2026-06-19 18:59:28 [INFO] httpx: HTTP Request: POST https://gfcmaxbtscmizsakarvc.supabase.co/rest/v1/stock_prices?on_conflict=symbol%2Cexchange%2Cdate&columns=%22close%22%2C%22date%22%2C%22volume%22%2C%22low%22%2C%22adjusted_close%22%2C%22symbol%22%2C%22open%22%2C%22high%22%2C%22exchange%22 "HTTP/2 200 OK"
2026-06-19 18:59:28 [INFO] httpx: HTTP Request: GET https://gfcmaxbtscmizsakarvc.supabase.co/rest/v1/stock_prices?select=date&symbol=eq.OFH&exchange=eq.EGX&order=date.desc&limit=1 "HTTP/2 206 Partial Content"
2026-06-19 18:59:28 [INFO] httpx: HTTP Request: GET https://gfcmaxbtscmizsakarvc.supabase.co/rest/v1/stock_prices?select=date&symbol=eq.OIH&exchange=eq.EGX&order=date.desc&limit=1 "HTTP/2 206 Partial Content"
2026-06-19 18:59:28 [ERROR] tvDatafeed.main: Connection timed out
2026-06-19 18:59:28 [ERROR] tvDatafeed.main: no data, please check the exchange and symbol
2026-06-19 18:59:28 [INFO] httpx: HTTP Request: POST https://gfcmaxbtscmizsakarvc.supabase.co/rest/v1/stock_prices?on_conflict=symbol%2Cexchange%2Cdate&columns=%22close%22%2C%22date%22%2C%22volume%22%2C%22low%22%2C%22adjusted_close%22%2C%22symbol%22%2C%22open%22%2C%22high%22%2C%22exchange%22 "HTTP/2 200 OK"
2026-06-19 18:59:29 [INFO] httpx: HTTP Request: GET https://gfcmaxbtscmizsakarvc.supabase.co/rest/v1/stock_prices?select=date&symbol=eq.OLFI&exchange=eq.EGX&order=date.desc&limit=1 "HTTP/2 206 Partial Content"
2026-06-19 18:59:29 [ERROR] tvDatafeed.main: Connection timed out
2026-06-19 18:59:29 [ERROR] tvDatafeed.main: no data, please check the exchange and symbol
2026-06-19 18:59:29 [INFO] httpx: HTTP Request: GET https://gfcmaxbtscmizsakarvc.supabase.co/rest/v1/stock_prices?select=date&symbol=eq.ORAS&exchange=eq.EGX&order=date.desc&limit=1 "HTTP/2 206 Partial Content"
2026-06-19 18:59:29 [INFO] httpx: HTTP Request: GET https://gfcmaxbtscmizsakarvc.supabase.co/rest/v1/stock_prices?select=date&symbol=eq.OREG&exchange=eq.EGX&order=date.desc&limit=1 "HTTP/2 200 OK"
2026-06-19 18:59:29 [INFO] httpx: HTTP Request: GET https://gfcmaxbtscmizsakarvc.supabase.co/rest/v1/stock_prices?select=date&symbol=eq.ORHD&exchange=eq.EGX&order=date.desc&limit=1 "HTTP/2 206 Partial Content"
2026-06-19 18:59:30 [WARNING] tvDatafeed.main: you are using nologin method, data you access may be limited
2026-06-19 18:59:30 [WARNING] tvDatafeed.main: you are using nologin method, data you access may be limited
2026-06-19 18:59:30 [WARNING] tvDatafeed.main: you are using nologin method, data you access may be limited
2026-06-19 18:59:30 [WARNING] tvDatafeed.main: you are using nologin method, data you access may be limited
2026-06-19 18:59:30 [INFO] httpx: HTTP Request: POST https://gfcmaxbtscmizsakarvc.supabase.co/rest/v1/stock_prices?on_conflict=symbol%2Cexchange%2Cdate&columns=%22close%22%2C%22date%22%2C%22volume%22%2C%22low%22%2C%22adjusted_close%22%2C%22symbol%22%2C%22open%22%2C%22high%22%2C%22exchange%22 "HTTP/2 200 OK"
2026-06-19 18:59:30 [WARNING] tvDatafeed.main: you are using nologin method, data you access may be limited
2026-06-19 18:59:31 [WARNING] tvDatafeed.main: you are using nologin method, data you access may be limited
2026-06-19 18:59:31 [INFO] httpx: HTTP Request: POST https://gfcmaxbtscmizsakarvc.supabase.co/rest/v1/stock_prices?on_conflict=symbol%2Cexchange%2Cdate&columns=%22close%22%2C%22date%22%2C%22volume%22%2C%22low%22%2C%22adjusted_close%22%2C%22symbol%22%2C%22open%22%2C%22high%22%2C%22exchange%22 "HTTP/2 200 OK"
2026-06-19 18:59:31 [INFO] httpx: HTTP Request: GET https://gfcmaxbtscmizsakarvc.supabase.co/rest/v1/stock_prices?select=date&symbol=eq.ORMT&exchange=eq.EGX&order=date.desc&limit=1 "HTTP/2 200 OK"
2026-06-19 18:59:31 [ERROR] tvDatafeed.main: Connection timed out
2026-06-19 18:59:31 [ERROR] tvDatafeed.main: no data, please check the exchange and symbol
2026-06-19 18:59:31 [INFO] httpx: HTTP Request: POST https://gfcmaxbtscmizsakarvc.supabase.co/rest/v1/stock_prices?on_conflict=symbol%2Cexchange%2Cdate&columns=%22close%22%2C%22date%22%2C%22volume%22%2C%22low%22%2C%22adjusted_close%22%2C%22symbol%22%2C%22open%22%2C%22high%22%2C%22exchange%22 "HTTP/2 200 OK"
2026-06-19 18:59:31 [INFO] httpx: HTTP Request: GET https://gfcmaxbtscmizsakarvc.supabase.co/rest/v1/stock_prices?select=date&symbol=eq.ORWE&exchange=eq.EGX&order=date.desc&limit=1 "HTTP/2 206 Partial Content"
2026-06-19 18:59:32 [INFO] httpx: HTTP Request: POST https://gfcmaxbtscmizsakarvc.supabase.co/rest/v1/stock_prices?on_conflict=symbol%2Cexchange%2Cdate&columns=%22close%22%2C%22date%22%2C%22volume%22%2C%22low%22%2C%22adjusted_close%22%2C%22symbol%22%2C%22open%22%2C%22high%22%2C%22exchange%22 "HTTP/2 200 OK"
2026-06-19 18:59:32 [INFO] httpx: HTTP Request: GET https://gfcmaxbtscmizsakarvc.supabase.co/rest/v1/stock_prices?select=date&symbol=eq.PACH&exchange=eq.EGX&order=date.desc&limit=1 "HTTP/2 206 Partial Content"
2026-06-19 18:59:32 [INFO] httpx: HTTP Request: GET https://gfcmaxbtscmizsakarvc.supabase.co/rest/v1/stock_prices?select=date&symbol=eq.PHAR&exchange=eq.EGX&order=date.desc&limit=1 "HTTP/2 206 Partial Content"
2026-06-19 18:59:32 [INFO] httpx: HTTP Request: POST https://gfcmaxbtscmizsakarvc.supabase.co/rest/v1/stock_prices?on_conflict=symbol%2Cexchange%2Cdate&columns=%22close%22%2C%22date%22%2C%22volume%22%2C%22low%22%2C%22adjusted_close%22%2C%22symbol%22%2C%22open%22%2C%22high%22%2C%22exchange%22 "HTTP/2 200 OK"
2026-06-19 18:59:32 [INFO] httpx: HTTP Request: GET https://gfcmaxbtscmizsakarvc.supabase.co/rest/v1/stock_prices?select=date&symbol=eq.PHDC&exchange=eq.EGX&order=date.desc&limit=1 "HTTP/2 206 Partial Content"
2026-06-19 18:59:32 [WARNING] tvDatafeed.main: you are using nologin method, data you access may be limited
2026-06-19 18:59:32 [INFO] httpx: HTTP Request: GET https://gfcmaxbtscmizsakarvc.supabase.co/rest/v1/stock_prices?select=date&symbol=eq.PHGC&exchange=eq.EGX&order=date.desc&limit=1 "HTTP/2 200 OK"
2026-06-19 18:59:33 [WARNING] tvDatafeed.main: you are using nologin method, data you access may be limited
2026-06-19 18:59:33 [INFO] httpx: HTTP Request: POST https://gfcmaxbtscmizsakarvc.supabase.co/rest/v1/stock_prices?on_conflict=symbol%2Cexchange%2Cdate&columns=%22close%22%2C%22date%22%2C%22volume%22%2C%22low%22%2C%22adjusted_close%22%2C%22symbol%22%2C%22open%22%2C%22high%22%2C%22exchange%22 "HTTP/2 200 OK"
2026-06-19 18:59:33 [WARNING] tvDatafeed.main: you are using nologin method, data you access may be limited
2026-06-19 18:59:33 [WARNING] tvDatafeed.main: you are using nologin method, data you access may be limited
2026-06-19 18:59:34 [WARNING] tvDatafeed.main: you are using nologin method, data you access may be limited
2026-06-19 18:59:34 [INFO] httpx: HTTP Request: GET https://gfcmaxbtscmizsakarvc.supabase.co/rest/v1/stock_prices?select=date&symbol=eq.PHTV&exchange=eq.EGX&order=date.desc&limit=1 "HTTP/2 206 Partial Content"
2026-06-19 18:59:34 [ERROR] tvDatafeed.main: Connection timed out
2026-06-19 18:59:34 [ERROR] tvDatafeed.main: no data, please check the exchange and symbol
2026-06-19 18:59:34 [WARNING] tvDatafeed.main: you are using nologin method, data you access may be limited
2026-06-19 18:59:34 [INFO] httpx: HTTP Request: POST https://gfcmaxbtscmizsakarvc.supabase.co/rest/v1/stock_prices?on_conflict=symbol%2Cexchange%2Cdate&columns=%22close%22%2C%22date%22%2C%22volume%22%2C%22low%22%2C%22adjusted_close%22%2C%22symbol%22%2C%22open%22%2C%22high%22%2C%22exchange%22 "HTTP/2 200 OK"
2026-06-19 18:59:34 [ERROR] tvDatafeed.main: Connection timed out
2026-06-19 18:59:34 [ERROR] tvDatafeed.main: no data, please check the exchange and symbol
2026-06-19 18:59:34 [INFO] httpx: HTTP Request: GET https://gfcmaxbtscmizsakarvc.supabase.co/rest/v1/stock_prices?select=date&symbol=eq.PIOH&exchange=eq.EGX&order=date.desc&limit=1 "HTTP/2 200 OK"
2026-06-19 18:59:35 [INFO] httpx: HTTP Request: GET https://gfcmaxbtscmizsakarvc.supabase.co/rest/v1/stock_prices?select=date&symbol=eq.POUL&exchange=eq.EGX&order=date.desc&limit=1 "HTTP/2 206 Partial Content"
2026-06-19 18:59:35 [INFO] httpx: HTTP Request: GET https://gfcmaxbtscmizsakarvc.supabase.co/rest/v1/stock_prices?select=date&symbol=eq.PRCL&exchange=eq.EGX&order=date.desc&limit=1 "HTTP/2 206 Partial Content"
2026-06-19 18:59:35 [INFO] httpx: HTTP Request: POST https://gfcmaxbtscmizsakarvc.supabase.co/rest/v1/stock_prices?on_conflict=symbol%2Cexchange%2Cdate&columns=%22close%22%2C%22date%22%2C%22volume%22%2C%22low%22%2C%22adjusted_close%22%2C%22symbol%22%2C%22open%22%2C%22high%22%2C%22exchange%22 "HTTP/2 200 OK"
2026-06-19 18:59:35 [WARNING] tvDatafeed.main: you are using nologin method, data you access may be limited
2026-06-19 18:59:35 [INFO] httpx: HTTP Request: POST https://gfcmaxbtscmizsakarvc.supabase.co/rest/v1/stock_prices?on_conflict=symbol%2Cexchange%2Cdate&columns=%22close%22%2C%22date%22%2C%22volume%22%2C%22low%22%2C%22adjusted_close%22%2C%22symbol%22%2C%22open%22%2C%22high%22%2C%22exchange%22 "HTTP/2 200 OK"
2026-06-19 18:59:35 [INFO] httpx: HTTP Request: GET https://gfcmaxbtscmizsakarvc.supabase.co/rest/v1/stock_prices?select=date&symbol=eq.PRDC&exchange=eq.EGX&order=date.desc&limit=1 "HTTP/2 206 Partial Content"
2026-06-19 18:59:36 [WARNING] tvDatafeed.main: you are using nologin method, data you access may be limited
2026-06-19 18:59:36 [INFO] httpx: HTTP Request: GET https://gfcmaxbtscmizsakarvc.supabase.co/rest/v1/stock_prices?select=date&symbol=eq.PRMH&exchange=eq.EGX&order=date.desc&limit=1 "HTTP/2 206 Partial Content"
2026-06-19 18:59:36 [INFO] httpx: HTTP Request: POST https://gfcmaxbtscmizsakarvc.supabase.co/rest/v1/stock_prices?on_conflict=symbol%2Cexchange%2Cdate&columns=%22close%22%2C%22date%22%2C%22volume%22%2C%22low%22%2C%22adjusted_close%22%2C%22symbol%22%2C%22open%22%2C%22high%22%2C%22exchange%22 "HTTP/2 200 OK"
2026-06-19 18:59:36 [INFO] httpx: HTTP Request: GET https://gfcmaxbtscmizsakarvc.supabase.co/rest/v1/stock_prices?select=date&symbol=eq.QNBA&exchange=eq.EGX&order=date.desc&limit=1 "HTTP/2 200 OK"
2026-06-19 18:59:36 [WARNING] tvDatafeed.main: you are using nologin method, data you access may be limited
2026-06-19 18:59:36 [WARNING] tvDatafeed.main: you are using nologin method, data you access may be limited
2026-06-19 18:59:37 [INFO] httpx: HTTP Request: POST https://gfcmaxbtscmizsakarvc.supabase.co/rest/v1/stock_prices?on_conflict=symbol%2Cexchange%2Cdate&columns=%22close%22%2C%22date%22%2C%22volume%22%2C%22low%22%2C%22adjusted_close%22%2C%22symbol%22%2C%22open%22%2C%22high%22%2C%22exchange%22 "HTTP/2 200 OK"
2026-06-19 18:59:37 [WARNING] tvDatafeed.main: you are using nologin method, data you access may be limited
2026-06-19 18:59:37 [INFO] httpx: HTTP Request: GET https://gfcmaxbtscmizsakarvc.supabase.co/rest/v1/stock_prices?select=date&symbol=eq.QNBE&exchange=eq.EGX&order=date.desc&limit=1 "HTTP/2 206 Partial Content"
2026-06-19 18:59:37 [ERROR] tvDatafeed.main: Connection timed out
2026-06-19 18:59:37 [ERROR] tvDatafeed.main: no data, please check the exchange and symbol
2026-06-19 18:59:37 [WARNING] tvDatafeed.main: you are using nologin method, data you access may be limited
2026-06-19 18:59:38 [INFO] httpx: HTTP Request: POST https://gfcmaxbtscmizsakarvc.supabase.co/rest/v1/stock_prices?on_conflict=symbol%2Cexchange%2Cdate&columns=%22close%22%2C%22date%22%2C%22volume%22%2C%22low%22%2C%22adjusted_close%22%2C%22symbol%22%2C%22open%22%2C%22high%22%2C%22exchange%22 "HTTP/2 200 OK"
2026-06-19 18:59:38 [WARNING] tvDatafeed.main: you are using nologin method, data you access may be limited
2026-06-19 18:59:38 [INFO] httpx: HTTP Request: GET https://gfcmaxbtscmizsakarvc.supabase.co/rest/v1/stock_prices?select=date&symbol=eq.RACC&exchange=eq.EGX&order=date.desc&limit=1 "HTTP/2 206 Partial Content"
2026-06-19 18:59:38 [ERROR] tvDatafeed.main: Connection timed out
2026-06-19 18:59:38 [ERROR] tvDatafeed.main: no data, please check the exchange and symbol
2026-06-19 18:59:38 [INFO] httpx: HTTP Request: POST https://gfcmaxbtscmizsakarvc.supabase.co/rest/v1/stock_prices?on_conflict=symbol%2Cexchange%2Cdate&columns=%22close%22%2C%22date%22%2C%22volume%22%2C%22low%22%2C%22adjusted_close%22%2C%22symbol%22%2C%22open%22%2C%22high%22%2C%22exchange%22 "HTTP/2 200 OK"
2026-06-19 18:59:38 [INFO] httpx: HTTP Request: GET https://gfcmaxbtscmizsakarvc.supabase.co/rest/v1/stock_prices?select=date&symbol=eq.RAKT&exchange=eq.EGX&order=date.desc&limit=1 "HTTP/2 206 Partial Content"
2026-06-19 18:59:39 [WARNING] tvDatafeed.main: you are using nologin method, data you access may be limited
2026-06-19 18:59:39 [INFO] httpx: HTTP Request: POST https://gfcmaxbtscmizsakarvc.supabase.co/rest/v1/stock_prices?on_conflict=symbol%2Cexchange%2Cdate&columns=%22close%22%2C%22date%22%2C%22volume%22%2C%22low%22%2C%22adjusted_close%22%2C%22symbol%22%2C%22open%22%2C%22high%22%2C%22exchange%22 "HTTP/2 200 OK"
2026-06-19 18:59:39 [INFO] httpx: HTTP Request: GET https://gfcmaxbtscmizsakarvc.supabase.co/rest/v1/stock_prices?select=date&symbol=eq.RMDA&exchange=eq.EGX&order=date.desc&limit=1 "HTTP/2 206 Partial Content"
2026-06-19 18:59:39 [INFO] httpx: HTTP Request: GET https://gfcmaxbtscmizsakarvc.supabase.co/rest/v1/stock_prices?select=date&symbol=eq.RAYA&exchange=eq.EGX&order=date.desc&limit=1 "HTTP/2 206 Partial Content"
2026-06-19 18:59:39 [INFO] httpx: HTTP Request: POST https://gfcmaxbtscmizsakarvc.supabase.co/rest/v1/stock_prices?on_conflict=symbol%2Cexchange%2Cdate&columns=%22close%22%2C%22date%22%2C%22volume%22%2C%22low%22%2C%22adjusted_close%22%2C%22symbol%22%2C%22open%22%2C%22high%22%2C%22exchange%22 "HTTP/2 200 OK"
2026-06-19 18:59:39 [INFO] httpx: HTTP Request: GET https://gfcmaxbtscmizsakarvc.supabase.co/rest/v1/stock_prices?select=date&symbol=eq.RMTV&exchange=eq.EGX&order=date.desc&limit=1 "HTTP/2 200 OK"
2026-06-19 18:59:39 [WARNING] tvDatafeed.main: you are using nologin method, data you access may be limited
2026-06-19 18:59:40 [INFO] httpx: HTTP Request: GET https://gfcmaxbtscmizsakarvc.supabase.co/rest/v1/stock_prices?select=date&symbol=eq.ROTO&exchange=eq.EGX&order=date.desc&limit=1 "HTTP/2 206 Partial Content"
2026-06-19 18:59:40 [WARNING] tvDatafeed.main: you are using nologin method, data you access may be limited
2026-06-19 18:59:40 [WARNING] tvDatafeed.main: you are using nologin method, data you access may be limited
2026-06-19 18:59:40 [WARNING] tvDatafeed.main: you are using nologin method, data you access may be limited
2026-06-19 18:59:40 [INFO] httpx: HTTP Request: POST https://gfcmaxbtscmizsakarvc.supabase.co/rest/v1/stock_prices?on_conflict=symbol%2Cexchange%2Cdate&columns=%22close%22%2C%22date%22%2C%22volume%22%2C%22low%22%2C%22adjusted_close%22%2C%22symbol%22%2C%22open%22%2C%22high%22%2C%22exchange%22 "HTTP/2 200 OK"
2026-06-19 18:59:41 [WARNING] tvDatafeed.main: you are using nologin method, data you access may be limited
2026-06-19 18:59:41 [ERROR] tvDatafeed.main: Connection timed out
2026-06-19 18:59:41 [ERROR] tvDatafeed.main: no data, please check the exchange and symbol
2026-06-19 18:59:41 [INFO] httpx: HTTP Request: GET https://gfcmaxbtscmizsakarvc.supabase.co/rest/v1/stock_prices?select=date&symbol=eq.RREI&exchange=eq.EGX&order=date.desc&limit=1 "HTTP/2 206 Partial Content"
2026-06-19 18:59:41 [INFO] httpx: HTTP Request: POST https://gfcmaxbtscmizsakarvc.supabase.co/rest/v1/stock_prices?on_conflict=symbol%2Cexchange%2Cdate&columns=%22close%22%2C%22date%22%2C%22volume%22%2C%22low%22%2C%22adjusted_close%22%2C%22symbol%22%2C%22open%22%2C%22high%22%2C%22exchange%22 "HTTP/2 200 OK"
2026-06-19 18:59:41 [INFO] httpx: HTTP Request: POST https://gfcmaxbtscmizsakarvc.supabase.co/rest/v1/stock_prices?on_conflict=symbol%2Cexchange%2Cdate&columns=%22close%22%2C%22date%22%2C%22volume%22%2C%22low%22%2C%22adjusted_close%22%2C%22symbol%22%2C%22open%22%2C%22high%22%2C%22exchange%22 "HTTP/2 200 OK"
2026-06-19 18:59:41 [WARNING] tvDatafeed.main: you are using nologin method, data you access may be limited
2026-06-19 18:59:41 [INFO] httpx: HTTP Request: GET https://gfcmaxbtscmizsakarvc.supabase.co/rest/v1/stock_prices?select=date&symbol=eq.RTVC&exchange=eq.EGX&order=date.desc&limit=1 "HTTP/2 206 Partial Content"
2026-06-19 18:59:42 [INFO] httpx: HTTP Request: GET https://gfcmaxbtscmizsakarvc.supabase.co/rest/v1/stock_prices?select=date&symbol=eq.RUBX&exchange=eq.EGX&order=date.desc&limit=1 "HTTP/2 206 Partial Content"
2026-06-19 18:59:42 [INFO] httpx: HTTP Request: POST https://gfcmaxbtscmizsakarvc.supabase.co/rest/v1/stock_prices?on_conflict=symbol%2Cexchange%2Cdate&columns=%22close%22%2C%22date%22%2C%22volume%22%2C%22low%22%2C%22adjusted_close%22%2C%22symbol%22%2C%22open%22%2C%22high%22%2C%22exchange%22 "HTTP/2 200 OK"
2026-06-19 18:59:42 [INFO] httpx: HTTP Request: GET https://gfcmaxbtscmizsakarvc.supabase.co/rest/v1/stock_prices?select=date&symbol=eq.SAUD&exchange=eq.EGX&order=date.desc&limit=1 "HTTP/2 206 Partial Content"
2026-06-19 18:59:42 [ERROR] tvDatafeed.main: Connection timed out
2026-06-19 18:59:42 [ERROR] tvDatafeed.main: no data, please check the exchange and symbol
2026-06-19 18:59:42 [INFO] httpx: HTTP Request: GET https://gfcmaxbtscmizsakarvc.supabase.co/rest/v1/stock_prices?select=date&symbol=eq.SBAG&exchange=eq.EGX&order=date.desc&limit=1 "HTTP/2 200 OK"
2026-06-19 18:59:42 [INFO] httpx: HTTP Request: POST https://gfcmaxbtscmizsakarvc.supabase.co/rest/v1/stock_prices?on_conflict=symbol%2Cexchange%2Cdate&columns=%22close%22%2C%22date%22%2C%22volume%22%2C%22low%22%2C%22adjusted_close%22%2C%22symbol%22%2C%22open%22%2C%22high%22%2C%22exchange%22 "HTTP/2 200 OK"
2026-06-19 18:59:42 [WARNING] tvDatafeed.main: you are using nologin method, data you access may be limited
2026-06-19 18:59:43 [INFO] httpx: HTTP Request: GET https://gfcmaxbtscmizsakarvc.supabase.co/rest/v1/stock_prices?select=date&symbol=eq.SCEM&exchange=eq.EGX&order=date.desc&limit=1 "HTTP/2 206 Partial Content"
2026-06-19 18:59:43 [ERROR] tvDatafeed.main: no data, please check the exchange and symbol
2026-06-19 18:59:43 [WARNING] tvDatafeed.main: you are using nologin method, data you access may be limited
2026-06-19 18:59:43 [WARNING] tvDatafeed.main: you are using nologin method, data you access may be limited
2026-06-19 18:59:43 [INFO] httpx: HTTP Request: GET https://gfcmaxbtscmizsakarvc.supabase.co/rest/v1/stock_prices?select=date&symbol=eq.SCFM&exchange=eq.EGX&order=date.desc&limit=1 "HTTP/2 206 Partial Content"
2026-06-19 18:59:43 [WARNING] tvDatafeed.main: you are using nologin method, data you access may be limited
2026-06-19 18:59:44 [INFO] httpx: HTTP Request: POST https://gfcmaxbtscmizsakarvc.supabase.co/rest/v1/stock_prices?on_conflict=symbol%2Cexchange%2Cdate&columns=%22close%22%2C%22date%22%2C%22volume%22%2C%22low%22%2C%22adjusted_close%22%2C%22symbol%22%2C%22open%22%2C%22high%22%2C%22exchange%22 "HTTP/2 200 OK"
2026-06-19 18:59:44 [INFO] httpx: HTTP Request: GET https://gfcmaxbtscmizsakarvc.supabase.co/rest/v1/stock_prices?select=date&symbol=eq.SCTS&exchange=eq.EGX&order=date.desc&limit=1 "HTTP/2 206 Partial Content"
2026-06-19 18:59:44 [WARNING] tvDatafeed.main: you are using nologin method, data you access may be limited
2026-06-19 18:59:44 [INFO] httpx: HTTP Request: POST https://gfcmaxbtscmizsakarvc.supabase.co/rest/v1/stock_prices?on_conflict=symbol%2Cexchange%2Cdate&columns=%22close%22%2C%22date%22%2C%22volume%22%2C%22low%22%2C%22adjusted_close%22%2C%22symbol%22%2C%22open%22%2C%22high%22%2C%22exchange%22 "HTTP/2 200 OK"
2026-06-19 18:59:44 [INFO] httpx: HTTP Request: GET https://gfcmaxbtscmizsakarvc.supabase.co/rest/v1/stock_prices?select=date&symbol=eq.SDTI&exchange=eq.EGX&order=date.desc&limit=1 "HTTP/2 206 Partial Content"
2026-06-19 18:59:44 [ERROR] tvDatafeed.main: Connection timed out
2026-06-19 18:59:44 [ERROR] tvDatafeed.main: no data, please check the exchange and symbol
2026-06-19 18:59:45 [INFO] httpx: HTTP Request: POST https://gfcmaxbtscmizsakarvc.supabase.co/rest/v1/stock_prices?on_conflict=symbol%2Cexchange%2Cdate&columns=%22close%22%2C%22date%22%2C%22volume%22%2C%22low%22%2C%22adjusted_close%22%2C%22symbol%22%2C%22open%22%2C%22high%22%2C%22exchange%22 "HTTP/2 200 OK"
2026-06-19 18:59:45 [INFO] httpx: HTTP Request: GET https://gfcmaxbtscmizsakarvc.supabase.co/rest/v1/stock_prices?select=date&symbol=eq.SEIG&exchange=eq.EGX&order=date.desc&limit=1 "HTTP/2 206 Partial Content"
2026-06-19 18:59:45 [WARNING] tvDatafeed.main: you are using nologin method, data you access may be limited
2026-06-19 18:59:45 [WARNING] tvDatafeed.main: you are using nologin method, data you access may be limited
2026-06-19 18:59:45 [INFO] httpx: HTTP Request: GET https://gfcmaxbtscmizsakarvc.supabase.co/rest/v1/stock_prices?select=date&symbol=eq.SEIGA&exchange=eq.EGX&order=date.desc&limit=1 "HTTP/2 200 OK"
2026-06-19 18:59:45 [INFO] httpx: HTTP Request: POST https://gfcmaxbtscmizsakarvc.supabase.co/rest/v1/stock_prices?on_conflict=symbol%2Cexchange%2Cdate&columns=%22close%22%2C%22date%22%2C%22volume%22%2C%22low%22%2C%22adjusted_close%22%2C%22symbol%22%2C%22open%22%2C%22high%22%2C%22exchange%22 "HTTP/2 200 OK"
2026-06-19 18:59:45 [INFO] httpx: HTTP Request: GET https://gfcmaxbtscmizsakarvc.supabase.co/rest/v1/stock_prices?select=date&symbol=eq.SIMO&exchange=eq.EGX&order=date.desc&limit=1 "HTTP/2 200 OK"
2026-06-19 18:59:45 [WARNING] tvDatafeed.main: you are using nologin method, data you access may be limited
2026-06-19 18:59:45 [INFO] httpx: HTTP Request: GET https://gfcmaxbtscmizsakarvc.supabase.co/rest/v1/stock_prices?select=date&symbol=eq.SIPC&exchange=eq.EGX&order=date.desc&limit=1 "HTTP/2 206 Partial Content"
2026-06-19 18:59:46 [WARNING] tvDatafeed.main: you are using nologin method, data you access may be limited
2026-06-19 18:59:46 [INFO] httpx: HTTP Request: POST https://gfcmaxbtscmizsakarvc.supabase.co/rest/v1/stock_prices?on_conflict=symbol%2Cexchange%2Cdate&columns=%22close%22%2C%22date%22%2C%22volume%22%2C%22low%22%2C%22adjusted_close%22%2C%22symbol%22%2C%22open%22%2C%22high%22%2C%22exchange%22 "HTTP/2 200 OK"
2026-06-19 18:59:46 [WARNING] tvDatafeed.main: you are using nologin method, data you access may be limited
2026-06-19 18:59:46 [INFO] httpx: HTTP Request: GET https://gfcmaxbtscmizsakarvc.supabase.co/rest/v1/stock_prices?select=date&symbol=eq.SKPC&exchange=eq.EGX&order=date.desc&limit=1 "HTTP/2 206 Partial Content"
2026-06-19 18:59:47 [WARNING] tvDatafeed.main: you are using nologin method, data you access may be limited
2026-06-19 18:59:47 [WARNING] tvDatafeed.main: you are using nologin method, data you access may be limited
2026-06-19 18:59:47 [INFO] httpx: HTTP Request: POST https://gfcmaxbtscmizsakarvc.supabase.co/rest/v1/stock_prices?on_conflict=symbol%2Cexchange%2Cdate&columns=%22close%22%2C%22date%22%2C%22volume%22%2C%22low%22%2C%22adjusted_close%22%2C%22symbol%22%2C%22open%22%2C%22high%22%2C%22exchange%22 "HTTP/2 200 OK"
2026-06-19 18:59:47 [WARNING] tvDatafeed.main: you are using nologin method, data you access may be limited
2026-06-19 18:59:47 [INFO] httpx: HTTP Request: GET https://gfcmaxbtscmizsakarvc.supabase.co/rest/v1/stock_prices?select=date&symbol=eq.SMCS&exchange=eq.EGX&order=date.desc&limit=1 "HTTP/2 200 OK"
2026-06-19 18:59:48 [INFO] httpx: HTTP Request: POST https://gfcmaxbtscmizsakarvc.supabase.co/rest/v1/stock_prices?on_conflict=symbol%2Cexchange%2Cdate&columns=%22close%22%2C%22date%22%2C%22volume%22%2C%22low%22%2C%22adjusted_close%22%2C%22symbol%22%2C%22open%22%2C%22high%22%2C%22exchange%22 "HTTP/2 200 OK"
2026-06-19 18:59:48 [INFO] httpx: HTTP Request: POST https://gfcmaxbtscmizsakarvc.supabase.co/rest/v1/stock_prices?on_conflict=symbol%2Cexchange%2Cdate&columns=%22close%22%2C%22date%22%2C%22volume%22%2C%22low%22%2C%22adjusted_close%22%2C%22symbol%22%2C%22open%22%2C%22high%22%2C%22exchange%22 "HTTP/2 200 OK"
2026-06-19 18:59:48 [WARNING] tvDatafeed.main: you are using nologin method, data you access may be limited
2026-06-19 18:59:48 [INFO] httpx: HTTP Request: GET https://gfcmaxbtscmizsakarvc.supabase.co/rest/v1/stock_prices?select=date&symbol=eq.SMCSA&exchange=eq.EGX&order=date.desc&limit=1 "HTTP/2 200 OK"
2026-06-19 18:59:48 [INFO] httpx: HTTP Request: POST https://gfcmaxbtscmizsakarvc.supabase.co/rest/v1/stock_prices?on_conflict=symbol%2Cexchange%2Cdate&columns=%22close%22%2C%22date%22%2C%22volume%22%2C%22low%22%2C%22adjusted_close%22%2C%22symbol%22%2C%22open%22%2C%22high%22%2C%22exchange%22 "HTTP/2 200 OK"
2026-06-19 18:59:48 [INFO] httpx: HTTP Request: GET https://gfcmaxbtscmizsakarvc.supabase.co/rest/v1/stock_prices?select=date&symbol=eq.SMFR&exchange=eq.EGX&order=date.desc&limit=1 "HTTP/2 206 Partial Content"
2026-06-19 18:59:49 [INFO] httpx: HTTP Request: POST https://gfcmaxbtscmizsakarvc.supabase.co/rest/v1/stock_prices?on_conflict=symbol%2Cexchange%2Cdate&columns=%22close%22%2C%22date%22%2C%22volume%22%2C%22low%22%2C%22adjusted_close%22%2C%22symbol%22%2C%22open%22%2C%22high%22%2C%22exchange%22 "HTTP/2 200 OK"
2026-06-19 18:59:49 [INFO] httpx: HTTP Request: GET https://gfcmaxbtscmizsakarvc.supabase.co/rest/v1/stock_prices?select=date&symbol=eq.SMPP&exchange=eq.EGX&order=date.desc&limit=1 "HTTP/2 206 Partial Content"
2026-06-19 18:59:49 [WARNING] tvDatafeed.main: you are using nologin method, data you access may be limited
2026-06-19 18:59:49 [INFO] httpx: HTTP Request: GET https://gfcmaxbtscmizsakarvc.supabase.co/rest/v1/stock_prices?select=date&symbol=eq.SNFC&exchange=eq.EGX&order=date.desc&limit=1 "HTTP/2 206 Partial Content"
2026-06-19 18:59:50 [WARNING] tvDatafeed.main: you are using nologin method, data you access may be limited
2026-06-19 18:59:50 [WARNING] tvDatafeed.main: you are using nologin method, data you access may be limited
2026-06-19 18:59:50 [WARNING] tvDatafeed.main: you are using nologin method, data you access may be limited
2026-06-19 18:59:50 [INFO] httpx: HTTP Request: POST https://gfcmaxbtscmizsakarvc.supabase.co/rest/v1/stock_prices?on_conflict=symbol%2Cexchange%2Cdate&columns=%22close%22%2C%22date%22%2C%22volume%22%2C%22low%22%2C%22adjusted_close%22%2C%22symbol%22%2C%22open%22%2C%22high%22%2C%22exchange%22 "HTTP/2 200 OK"
2026-06-19 18:59:51 [INFO] httpx: HTTP Request: POST https://gfcmaxbtscmizsakarvc.supabase.co/rest/v1/stock_prices?on_conflict=symbol%2Cexchange%2Cdate&columns=%22close%22%2C%22date%22%2C%22volume%22%2C%22low%22%2C%22adjusted_close%22%2C%22symbol%22%2C%22open%22%2C%22high%22%2C%22exchange%22 "HTTP/2 200 OK"
2026-06-19 18:59:51 [WARNING] tvDatafeed.main: you are using nologin method, data you access may be limited
2026-06-19 18:59:51 [INFO] httpx: HTTP Request: GET https://gfcmaxbtscmizsakarvc.supabase.co/rest/v1/stock_prices?select=date&symbol=eq.SPIN&exchange=eq.EGX&order=date.desc&limit=1 "HTTP/2 206 Partial Content"
2026-06-19 18:59:51 [ERROR] tvDatafeed.main: Connection timed out
2026-06-19 18:59:51 [ERROR] tvDatafeed.main: no data, please check the exchange and symbol
2026-06-19 18:59:51 [ERROR] tvDatafeed.main: Connection to remote host was lost.
2026-06-19 18:59:51 [ERROR] tvDatafeed.main: no data, please check the exchange and symbol
2026-06-19 18:59:51 [INFO] httpx: HTTP Request: GET https://gfcmaxbtscmizsakarvc.supabase.co/rest/v1/stock_prices?select=date&symbol=eq.SPMD&exchange=eq.EGX&order=date.desc&limit=1 "HTTP/2 206 Partial Content"
2026-06-19 18:59:51 [INFO] httpx: HTTP Request: GET https://gfcmaxbtscmizsakarvc.supabase.co/rest/v1/stock_prices?select=date&symbol=eq.SRWA&exchange=eq.EGX&order=date.desc&limit=1 "HTTP/2 200 OK"
2026-06-19 18:59:51 [INFO] httpx: HTTP Request: GET https://gfcmaxbtscmizsakarvc.supabase.co/rest/v1/stock_prices?select=date&symbol=eq.SUCE&exchange=eq.EGX&order=date.desc&limit=1 "HTTP/2 206 Partial Content"
2026-06-19 18:59:52 [INFO] httpx: HTTP Request: GET https://gfcmaxbtscmizsakarvc.supabase.co/rest/v1/stock_prices?select=date&symbol=eq.SUGR&exchange=eq.EGX&order=date.desc&limit=1 "HTTP/2 206 Partial Content"
2026-06-19 18:59:52 [INFO] httpx: HTTP Request: POST https://gfcmaxbtscmizsakarvc.supabase.co/rest/v1/stock_prices?on_conflict=symbol%2Cexchange%2Cdate&columns=%22close%22%2C%22date%22%2C%22volume%22%2C%22low%22%2C%22adjusted_close%22%2C%22symbol%22%2C%22open%22%2C%22high%22%2C%22exchange%22 "HTTP/2 200 OK"
2026-06-19 18:59:52 [WARNING] tvDatafeed.main: you are using nologin method, data you access may be limited
2026-06-19 18:59:53 [INFO] httpx: HTTP Request: GET https://gfcmaxbtscmizsakarvc.supabase.co/rest/v1/stock_prices?select=date&symbol=eq.SVCE&exchange=eq.EGX&order=date.desc&limit=1 "HTTP/2 206 Partial Content"
2026-06-19 18:59:53 [WARNING] tvDatafeed.main: you are using nologin method, data you access may be limited
2026-06-19 18:59:53 [WARNING] tvDatafeed.main: you are using nologin method, data you access may be limited
2026-06-19 18:59:53 [INFO] httpx: HTTP Request: POST https://gfcmaxbtscmizsakarvc.supabase.co/rest/v1/stock_prices?on_conflict=symbol%2Cexchange%2Cdate&columns=%22close%22%2C%22date%22%2C%22volume%22%2C%22low%22%2C%22adjusted_close%22%2C%22symbol%22%2C%22open%22%2C%22high%22%2C%22exchange%22 "HTTP/2 200 OK"
2026-06-19 18:59:53 [WARNING] tvDatafeed.main: you are using nologin method, data you access may be limited
2026-06-19 18:59:53 [WARNING] tvDatafeed.main: you are using nologin method, data you access may be limited
2026-06-19 18:59:53 [INFO] httpx: HTTP Request: POST https://gfcmaxbtscmizsakarvc.supabase.co/rest/v1/stock_prices?on_conflict=symbol%2Cexchange%2Cdate&columns=%22close%22%2C%22date%22%2C%22volume%22%2C%22low%22%2C%22adjusted_close%22%2C%22symbol%22%2C%22open%22%2C%22high%22%2C%22exchange%22 "HTTP/2 200 OK"
2026-06-19 18:59:53 [INFO] httpx: HTTP Request: POST https://gfcmaxbtscmizsakarvc.supabase.co/rest/v1/stock_prices?on_conflict=symbol%2Cexchange%2Cdate&columns=%22close%22%2C%22date%22%2C%22volume%22%2C%22low%22%2C%22adjusted_close%22%2C%22symbol%22%2C%22open%22%2C%22high%22%2C%22exchange%22 "HTTP/2 200 OK"
2026-06-19 18:59:54 [INFO] httpx: HTTP Request: GET https://gfcmaxbtscmizsakarvc.supabase.co/rest/v1/stock_prices?select=date&symbol=eq.SWDY&exchange=eq.EGX&order=date.desc&limit=1 "HTTP/2 206 Partial Content"
2026-06-19 18:59:54 [INFO] httpx: HTTP Request: POST https://gfcmaxbtscmizsakarvc.supabase.co/rest/v1/stock_prices?on_conflict=symbol%2Cexchange%2Cdate&columns=%22close%22%2C%22date%22%2C%22volume%22%2C%22low%22%2C%22adjusted_close%22%2C%22symbol%22%2C%22open%22%2C%22high%22%2C%22exchange%22 "HTTP/2 200 OK"
2026-06-19 18:59:54 [INFO] httpx: HTTP Request: GET https://gfcmaxbtscmizsakarvc.supabase.co/rest/v1/stock_prices?select=date&symbol=eq.TALM&exchange=eq.EGX&order=date.desc&limit=1 "HTTP/2 206 Partial Content"
2026-06-19 18:59:54 [ERROR] tvDatafeed.main: Connection timed out
2026-06-19 18:59:54 [ERROR] tvDatafeed.main: no data, please check the exchange and symbol
2026-06-19 18:59:54 [WARNING] tvDatafeed.main: you are using nologin method, data you access may be limited
2026-06-19 18:59:54 [INFO] httpx: HTTP Request: GET https://gfcmaxbtscmizsakarvc.supabase.co/rest/v1/stock_prices?select=date&symbol=eq.TANM&exchange=eq.EGX&order=date.desc&limit=1 "HTTP/2 206 Partial Content"
2026-06-19 18:59:55 [INFO] httpx: HTTP Request: POST https://gfcmaxbtscmizsakarvc.supabase.co/rest/v1/stock_prices?on_conflict=symbol%2Cexchange%2Cdate&columns=%22close%22%2C%22date%22%2C%22volume%22%2C%22low%22%2C%22adjusted_close%22%2C%22symbol%22%2C%22open%22%2C%22high%22%2C%22exchange%22 "HTTP/2 200 OK"
2026-06-19 18:59:55 [INFO] httpx: HTTP Request: GET https://gfcmaxbtscmizsakarvc.supabase.co/rest/v1/stock_prices?select=date&symbol=eq.TAQA&exchange=eq.EGX&order=date.desc&limit=1 "HTTP/2 206 Partial Content"
2026-06-19 18:59:55 [INFO] httpx: HTTP Request: GET https://gfcmaxbtscmizsakarvc.supabase.co/rest/v1/stock_prices?select=date&symbol=eq.TMGH&exchange=eq.EGX&order=date.desc&limit=1 "HTTP/2 206 Partial Content"
2026-06-19 18:59:55 [WARNING] tvDatafeed.main: you are using nologin method, data you access may be limited
2026-06-19 18:59:55 [WARNING] tvDatafeed.main: you are using nologin method, data you access may be limited
2026-06-19 18:59:56 [INFO] httpx: HTTP Request: POST https://gfcmaxbtscmizsakarvc.supabase.co/rest/v1/stock_prices?on_conflict=symbol%2Cexchange%2Cdate&columns=%22close%22%2C%22date%22%2C%22volume%22%2C%22low%22%2C%22adjusted_close%22%2C%22symbol%22%2C%22open%22%2C%22high%22%2C%22exchange%22 "HTTP/2 200 OK"
2026-06-19 18:59:56 [WARNING] tvDatafeed.main: you are using nologin method, data you access may be limited
2026-06-19 18:59:56 [INFO] httpx: HTTP Request: POST https://gfcmaxbtscmizsakarvc.supabase.co/rest/v1/stock_prices?on_conflict=symbol%2Cexchange%2Cdate&columns=%22close%22%2C%22date%22%2C%22volume%22%2C%22low%22%2C%22adjusted_close%22%2C%22symbol%22%2C%22open%22%2C%22high%22%2C%22exchange%22 "HTTP/2 200 OK"
2026-06-19 18:59:56 [INFO] httpx: HTTP Request: GET https://gfcmaxbtscmizsakarvc.supabase.co/rest/v1/stock_prices?select=date&symbol=eq.TORA&exchange=eq.EGX&order=date.desc&limit=1 "HTTP/2 206 Partial Content"
2026-06-19 18:59:56 [WARNING] tvDatafeed.main: you are using nologin method, data you access may be limited
2026-06-19 18:59:56 [ERROR] tvDatafeed.main: Connection timed out
2026-06-19 18:59:56 [ERROR] tvDatafeed.main: no data, please check the exchange and symbol
2026-06-19 18:59:57 [INFO] httpx: HTTP Request: POST https://gfcmaxbtscmizsakarvc.supabase.co/rest/v1/stock_prices?on_conflict=symbol%2Cexchange%2Cdate&columns=%22close%22%2C%22date%22%2C%22volume%22%2C%22low%22%2C%22adjusted_close%22%2C%22symbol%22%2C%22open%22%2C%22high%22%2C%22exchange%22 "HTTP/2 200 OK"
2026-06-19 18:59:57 [WARNING] tvDatafeed.main: you are using nologin method, data you access may be limited
2026-06-19 18:59:57 [INFO] httpx: HTTP Request: GET https://gfcmaxbtscmizsakarvc.supabase.co/rest/v1/stock_prices?select=date&symbol=eq.TOUR&exchange=eq.EGX&order=date.desc&limit=1 "HTTP/2 200 OK"
2026-06-19 18:59:57 [INFO] httpx: HTTP Request: POST https://gfcmaxbtscmizsakarvc.supabase.co/rest/v1/stock_prices?on_conflict=symbol%2Cexchange%2Cdate&columns=%22close%22%2C%22date%22%2C%22volume%22%2C%22low%22%2C%22adjusted_close%22%2C%22symbol%22%2C%22open%22%2C%22high%22%2C%22exchange%22 "HTTP/2 200 OK"
2026-06-19 18:59:57 [INFO] httpx: HTTP Request: GET https://gfcmaxbtscmizsakarvc.supabase.co/rest/v1/stock_prices?select=date&symbol=eq.TRTO&exchange=eq.EGX&order=date.desc&limit=1 "HTTP/2 206 Partial Content"
2026-06-19 18:59:57 [INFO] httpx: HTTP Request: POST https://gfcmaxbtscmizsakarvc.supabase.co/rest/v1/stock_prices?on_conflict=symbol%2Cexchange%2Cdate&columns=%22close%22%2C%22date%22%2C%22volume%22%2C%22low%22%2C%22adjusted_close%22%2C%22symbol%22%2C%22open%22%2C%22high%22%2C%22exchange%22 "HTTP/2 200 OK"
2026-06-19 18:59:57 [INFO] httpx: HTTP Request: GET https://gfcmaxbtscmizsakarvc.supabase.co/rest/v1/stock_prices?select=date&symbol=eq.TWSA&exchange=eq.EGX&order=date.desc&limit=1 "HTTP/2 206 Partial Content"
2026-06-19 18:59:57 [INFO] httpx: HTTP Request: GET https://gfcmaxbtscmizsakarvc.supabase.co/rest/v1/stock_prices?select=date&symbol=eq.TYCN&exchange=eq.EGX&order=date.desc&limit=1 "HTTP/2 206 Partial Content"
2026-06-19 18:59:58 [WARNING] tvDatafeed.main: you are using nologin method, data you access may be limited
2026-06-19 18:59:58 [INFO] httpx: HTTP Request: GET https://gfcmaxbtscmizsakarvc.supabase.co/rest/v1/stock_prices?select=date&symbol=eq.UASG&exchange=eq.EGX&order=date.desc&limit=1 "HTTP/2 200 OK"
2026-06-19 18:59:58 [INFO] httpx: HTTP Request: POST https://gfcmaxbtscmizsakarvc.supabase.co/rest/v1/stock_prices?on_conflict=symbol%2Cexchange%2Cdate&columns=%22close%22%2C%22date%22%2C%22volume%22%2C%22low%22%2C%22adjusted_close%22%2C%22symbol%22%2C%22open%22%2C%22high%22%2C%22exchange%22 "HTTP/2 200 OK"
2026-06-19 18:59:58 [WARNING] tvDatafeed.main: you are using nologin method, data you access may be limited
2026-06-19 18:59:58 [INFO] httpx: HTTP Request: POST https://gfcmaxbtscmizsakarvc.supabase.co/rest/v1/stock_prices?on_conflict=symbol%2Cexchange%2Cdate&columns=%22close%22%2C%22date%22%2C%22volume%22%2C%22low%22%2C%22adjusted_close%22%2C%22symbol%22%2C%22open%22%2C%22high%22%2C%22exchange%22 "HTTP/2 200 OK"
2026-06-19 18:59:58 [INFO] httpx: HTTP Request: GET https://gfcmaxbtscmizsakarvc.supabase.co/rest/v1/stock_prices?select=date&symbol=eq.UBEE&exchange=eq.EGX&order=date.desc&limit=1 "HTTP/2 206 Partial Content"
2026-06-19 18:59:59 [INFO] httpx: HTTP Request: POST https://gfcmaxbtscmizsakarvc.supabase.co/rest/v1/stock_prices?on_conflict=symbol%2Cexchange%2Cdate&columns=%22close%22%2C%22date%22%2C%22volume%22%2C%22low%22%2C%22adjusted_close%22%2C%22symbol%22%2C%22open%22%2C%22high%22%2C%22exchange%22 "HTTP/2 200 OK"
2026-06-19 18:59:59 [WARNING] tvDatafeed.main: you are using nologin method, data you access may be limited
2026-06-19 18:59:59 [WARNING] tvDatafeed.main: you are using nologin method, data you access may be limited
2026-06-19 18:59:59 [INFO] httpx: HTTP Request: GET https://gfcmaxbtscmizsakarvc.supabase.co/rest/v1/stock_prices?select=date&symbol=eq.UEFM&exchange=eq.EGX&order=date.desc&limit=1 "HTTP/2 206 Partial Content"
2026-06-19 18:59:59 [ERROR] tvDatafeed.main: Connection timed out
2026-06-19 18:59:59 [ERROR] tvDatafeed.main: no data, please check the exchange and symbol
2026-06-19 18:59:59 [WARNING] tvDatafeed.main: you are using nologin method, data you access may be limited
2026-06-19 18:59:59 [ERROR] tvDatafeed.main: Connection to remote host was lost.
2026-06-19 18:59:59 [ERROR] tvDatafeed.main: no data, please check the exchange and symbol
2026-06-19 18:59:59 [INFO] httpx: HTTP Request: GET https://gfcmaxbtscmizsakarvc.supabase.co/rest/v1/stock_prices?select=date&symbol=eq.UEGC&exchange=eq.EGX&order=date.desc&limit=1 "HTTP/2 206 Partial Content"
2026-06-19 18:59:59 [WARNING] tvDatafeed.main: you are using nologin method, data you access may be limited
2026-06-19 18:59:59 [INFO] httpx: HTTP Request: GET https://gfcmaxbtscmizsakarvc.supabase.co/rest/v1/stock_prices?select=date&symbol=eq.UNBE&exchange=eq.EGX&order=date.desc&limit=1 "HTTP/2 200 OK"
2026-06-19 19:00:00 [INFO] httpx: HTTP Request: GET https://gfcmaxbtscmizsakarvc.supabase.co/rest/v1/stock_prices?select=date&symbol=eq.UNIP&exchange=eq.EGX&order=date.desc&limit=1 "HTTP/2 206 Partial Content"
2026-06-19 19:00:00 [WARNING] tvDatafeed.main: you are using nologin method, data you access may be limited
2026-06-19 19:00:00 [WARNING] tvDatafeed.main: you are using nologin method, data you access may be limited
2026-06-19 19:00:01 [WARNING] tvDatafeed.main: you are using nologin method, data you access may be limited
2026-06-19 19:00:01 [WARNING] tvDatafeed.main: you are using nologin method, data you access may be limited
2026-06-19 19:00:01 [INFO] httpx: HTTP Request: POST https://gfcmaxbtscmizsakarvc.supabase.co/rest/v1/stock_prices?on_conflict=symbol%2Cexchange%2Cdate&columns=%22close%22%2C%22date%22%2C%22volume%22%2C%22low%22%2C%22adjusted_close%22%2C%22symbol%22%2C%22open%22%2C%22high%22%2C%22exchange%22 "HTTP/2 200 OK"
2026-06-19 19:00:01 [INFO] httpx: HTTP Request: POST https://gfcmaxbtscmizsakarvc.supabase.co/rest/v1/stock_prices?on_conflict=symbol%2Cexchange%2Cdate&columns=%22close%22%2C%22date%22%2C%22volume%22%2C%22low%22%2C%22adjusted_close%22%2C%22symbol%22%2C%22open%22%2C%22high%22%2C%22exchange%22 "HTTP/2 200 OK"
2026-06-19 19:00:01 [WARNING] tvDatafeed.main: you are using nologin method, data you access may be limited
2026-06-19 19:00:01 [INFO] httpx: HTTP Request: POST https://gfcmaxbtscmizsakarvc.supabase.co/rest/v1/stock_prices?on_conflict=symbol%2Cexchange%2Cdate&columns=%22close%22%2C%22date%22%2C%22volume%22%2C%22low%22%2C%22adjusted_close%22%2C%22symbol%22%2C%22open%22%2C%22high%22%2C%22exchange%22 "HTTP/2 200 OK"
2026-06-19 19:00:02 [INFO] httpx: HTTP Request: POST https://gfcmaxbtscmizsakarvc.supabase.co/rest/v1/stock_prices?on_conflict=symbol%2Cexchange%2Cdate&columns=%22close%22%2C%22date%22%2C%22volume%22%2C%22low%22%2C%22adjusted_close%22%2C%22symbol%22%2C%22open%22%2C%22high%22%2C%22exchange%22 "HTTP/2 200 OK"
2026-06-19 19:00:02 [INFO] httpx: HTTP Request: GET https://gfcmaxbtscmizsakarvc.supabase.co/rest/v1/stock_prices?select=date&symbol=eq.UTOP&exchange=eq.EGX&order=date.desc&limit=1 "HTTP/2 206 Partial Content"
2026-06-19 19:00:02 [INFO] httpx: HTTP Request: GET https://gfcmaxbtscmizsakarvc.supabase.co/rest/v1/stock_prices?select=date&symbol=eq.UNIT&exchange=eq.EGX&order=date.desc&limit=1 "HTTP/2 206 Partial Content"
2026-06-19 19:00:02 [INFO] httpx: HTTP Request: GET https://gfcmaxbtscmizsakarvc.supabase.co/rest/v1/stock_prices?select=date&symbol=eq.VALU&exchange=eq.EGX&order=date.desc&limit=1 "HTTP/2 206 Partial Content"
2026-06-19 19:00:02 [INFO] httpx: HTTP Request: POST https://gfcmaxbtscmizsakarvc.supabase.co/rest/v1/stock_prices?on_conflict=symbol%2Cexchange%2Cdate&columns=%22close%22%2C%22date%22%2C%22volume%22%2C%22low%22%2C%22adjusted_close%22%2C%22symbol%22%2C%22open%22%2C%22high%22%2C%22exchange%22 "HTTP/2 200 OK"
2026-06-19 19:00:03 [INFO] httpx: HTTP Request: POST https://gfcmaxbtscmizsakarvc.supabase.co/rest/v1/stock_prices?on_conflict=symbol%2Cexchange%2Cdate&columns=%22close%22%2C%22date%22%2C%22volume%22%2C%22low%22%2C%22adjusted_close%22%2C%22symbol%22%2C%22open%22%2C%22high%22%2C%22exchange%22 "HTTP/2 200 OK"
2026-06-19 19:00:03 [INFO] httpx: HTTP Request: GET https://gfcmaxbtscmizsakarvc.supabase.co/rest/v1/stock_prices?select=date&symbol=eq.VLMRA&exchange=eq.EGX&order=date.desc&limit=1 "HTTP/2 206 Partial Content"
2026-06-19 19:00:03 [WARNING] tvDatafeed.main: you are using nologin method, data you access may be limited
2026-06-19 19:00:04 [INFO] httpx: HTTP Request: GET https://gfcmaxbtscmizsakarvc.supabase.co/rest/v1/stock_prices?select=date&symbol=eq.WACE&exchange=eq.EGX&order=date.desc&limit=1 "HTTP/2 200 OK"
2026-06-19 19:00:04 [INFO] httpx: HTTP Request: POST https://gfcmaxbtscmizsakarvc.supabase.co/rest/v1/stock_prices?on_conflict=symbol%2Cexchange%2Cdate&columns=%22close%22%2C%22date%22%2C%22volume%22%2C%22low%22%2C%22adjusted_close%22%2C%22symbol%22%2C%22open%22%2C%22high%22%2C%22exchange%22 "HTTP/2 200 OK"
2026-06-19 19:00:04 [WARNING] tvDatafeed.main: you are using nologin method, data you access may be limited
2026-06-19 19:00:04 [WARNING] tvDatafeed.main: you are using nologin method, data you access may be limited
2026-06-19 19:00:04 [INFO] httpx: HTTP Request: GET https://gfcmaxbtscmizsakarvc.supabase.co/rest/v1/stock_prices?select=date&symbol=eq.WATP&exchange=eq.EGX&order=date.desc&limit=1 "HTTP/2 206 Partial Content"
2026-06-19 19:00:04 [INFO] httpx: HTTP Request: POST https://gfcmaxbtscmizsakarvc.supabase.co/rest/v1/stock_prices?on_conflict=symbol%2Cexchange%2Cdate&columns=%22close%22%2C%22date%22%2C%22volume%22%2C%22low%22%2C%22adjusted_close%22%2C%22symbol%22%2C%22open%22%2C%22high%22%2C%22exchange%22 "HTTP/2 200 OK"
2026-06-19 19:00:04 [ERROR] tvDatafeed.main: Connection timed out
2026-06-19 19:00:04 [ERROR] tvDatafeed.main: no data, please check the exchange and symbol
2026-06-19 19:00:05 [WARNING] tvDatafeed.main: you are using nologin method, data you access may be limited
2026-06-19 19:00:05 [INFO] httpx: HTTP Request: GET https://gfcmaxbtscmizsakarvc.supabase.co/rest/v1/stock_prices?select=date&symbol=eq.WCDF&exchange=eq.EGX&order=date.desc&limit=1 "HTTP/2 206 Partial Content"
2026-06-19 19:00:05 [INFO] httpx: HTTP Request: POST https://gfcmaxbtscmizsakarvc.supabase.co/rest/v1/stock_prices?on_conflict=symbol%2Cexchange%2Cdate&columns=%22close%22%2C%22date%22%2C%22volume%22%2C%22low%22%2C%22adjusted_close%22%2C%22symbol%22%2C%22open%22%2C%22high%22%2C%22exchange%22 "HTTP/2 200 OK"
2026-06-19 19:00:05 [WARNING] tvDatafeed.main: you are using nologin method, data you access may be limited
2026-06-19 19:00:05 [INFO] httpx: HTTP Request: POST https://gfcmaxbtscmizsakarvc.supabase.co/rest/v1/stock_prices?on_conflict=symbol%2Cexchange%2Cdate&columns=%22close%22%2C%22date%22%2C%22volume%22%2C%22low%22%2C%22adjusted_close%22%2C%22symbol%22%2C%22open%22%2C%22high%22%2C%22exchange%22 "HTTP/2 200 OK"
2026-06-19 19:00:05 [INFO] httpx: HTTP Request: GET https://gfcmaxbtscmizsakarvc.supabase.co/rest/v1/stock_prices?select=date&symbol=eq.WKOL&exchange=eq.EGX&order=date.desc&limit=1 "HTTP/2 206 Partial Content"
2026-06-19 19:00:05 [INFO] httpx: HTTP Request: GET https://gfcmaxbtscmizsakarvc.supabase.co/rest/v1/stock_prices?select=date&symbol=eq.ZEOT&exchange=eq.EGX&order=date.desc&limit=1 "HTTP/2 206 Partial Content"
2026-06-19 19:00:06 [WARNING] tvDatafeed.main: you are using nologin method, data you access may be limited
2026-06-19 19:00:06 [INFO] httpx: HTTP Request: GET https://gfcmaxbtscmizsakarvc.supabase.co/rest/v1/stock_prices?select=date&symbol=eq.ZMID&exchange=eq.EGX&order=date.desc&limit=1 "HTTP/2 206 Partial Content"
2026-06-19 19:00:06 [INFO] httpx: HTTP Request: POST https://gfcmaxbtscmizsakarvc.supabase.co/rest/v1/stock_prices?on_conflict=symbol%2Cexchange%2Cdate&columns=%22close%22%2C%22date%22%2C%22volume%22%2C%22low%22%2C%22adjusted_close%22%2C%22symbol%22%2C%22open%22%2C%22high%22%2C%22exchange%22 "HTTP/2 200 OK"
2026-06-19 19:00:06 [WARNING] tvDatafeed.main: you are using nologin method, data you access may be limited
2026-06-19 19:00:06 [INFO] httpx: HTTP Request: POST https://gfcmaxbtscmizsakarvc.supabase.co/rest/v1/stock_prices?on_conflict=symbol%2Cexchange%2Cdate&columns=%22close%22%2C%22date%22%2C%22volume%22%2C%22low%22%2C%22adjusted_close%22%2C%22symbol%22%2C%22open%22%2C%22high%22%2C%22exchange%22 "HTTP/2 200 OK"
2026-06-19 19:00:06 [INFO] httpx: HTTP Request: POST https://gfcmaxbtscmizsakarvc.supabase.co/rest/v1/stock_prices?on_conflict=symbol%2Cexchange%2Cdate&columns=%22close%22%2C%22date%22%2C%22volume%22%2C%22low%22%2C%22adjusted_close%22%2C%22symbol%22%2C%22open%22%2C%22high%22%2C%22exchange%22 "HTTP/2 200 OK"
2026-06-19 19:00:07 [ERROR] tvDatafeed.main: Connection timed out
2026-06-19 19:00:07 [ERROR] tvDatafeed.main: no data, please check the exchange and symbol
2026-06-19 19:00:07 [WARNING] tvDatafeed.main: you are using nologin method, data you access may be limited
2026-06-19 19:00:07 [WARNING] tvDatafeed.main: you are using nologin method, data you access may be limited
2026-06-19 19:00:07 [WARNING] tvDatafeed.main: you are using nologin method, data you access may be limited
2026-06-19 19:00:07 [INFO] httpx: HTTP Request: POST https://gfcmaxbtscmizsakarvc.supabase.co/rest/v1/stock_prices?on_conflict=symbol%2Cexchange%2Cdate&columns=%22close%22%2C%22date%22%2C%22volume%22%2C%22low%22%2C%22adjusted_close%22%2C%22symbol%22%2C%22open%22%2C%22high%22%2C%22exchange%22 "HTTP/2 200 OK"
2026-06-19 19:00:08 [INFO] httpx: HTTP Request: POST https://gfcmaxbtscmizsakarvc.supabase.co/rest/v1/stock_prices?on_conflict=symbol%2Cexchange%2Cdate&columns=%22close%22%2C%22date%22%2C%22volume%22%2C%22low%22%2C%22adjusted_close%22%2C%22symbol%22%2C%22open%22%2C%22high%22%2C%22exchange%22 "HTTP/2 200 OK"
2026-06-19 19:00:08 [INFO] httpx: HTTP Request: POST https://gfcmaxbtscmizsakarvc.supabase.co/rest/v1/stock_prices?on_conflict=symbol%2Cexchange%2Cdate&columns=%22close%22%2C%22date%22%2C%22volume%22%2C%22low%22%2C%22adjusted_close%22%2C%22symbol%22%2C%22open%22%2C%22high%22%2C%22exchange%22 "HTTP/2 200 OK"
2026-06-19 19:00:08 [INFO] httpx: HTTP Request: POST https://gfcmaxbtscmizsakarvc.supabase.co/rest/v1/stock_prices?on_conflict=symbol%2Cexchange%2Cdate&columns=%22close%22%2C%22date%22%2C%22volume%22%2C%22low%22%2C%22adjusted_close%22%2C%22symbol%22%2C%22open%22%2C%22high%22%2C%22exchange%22 "HTTP/2 200 OK"
2026-06-19 19:00:09 [INFO] httpx: HTTP Request: POST https://gfcmaxbtscmizsakarvc.supabase.co/rest/v1/stock_prices?on_conflict=symbol%2Cexchange%2Cdate&columns=%22close%22%2C%22date%22%2C%22volume%22%2C%22low%22%2C%22adjusted_close%22%2C%22symbol%22%2C%22open%22%2C%22high%22%2C%22exchange%22 "HTTP/2 200 OK"
2026-06-19 19:00:09 [ERROR] tvDatafeed.main: Connection timed out
2026-06-19 19:00:09 [ERROR] tvDatafeed.main: no data, please check the exchange and symbol
2026-06-19 19:00:09 [INFO] httpx: HTTP Request: POST https://gfcmaxbtscmizsakarvc.supabase.co/rest/v1/stock_prices?on_conflict=symbol%2Cexchange%2Cdate&columns=%22close%22%2C%22date%22%2C%22volume%22%2C%22low%22%2C%22adjusted_close%22%2C%22symbol%22%2C%22open%22%2C%22high%22%2C%22exchange%22 "HTTP/2 200 OK"
2026-06-19 19:00:10 [INFO] httpx: HTTP Request: POST https://gfcmaxbtscmizsakarvc.supabase.co/rest/v1/stock_prices?on_conflict=symbol%2Cexchange%2Cdate&columns=%22close%22%2C%22date%22%2C%22volume%22%2C%22low%22%2C%22adjusted_close%22%2C%22symbol%22%2C%22open%22%2C%22high%22%2C%22exchange%22 "HTTP/2 200 OK"
2026-06-19 19:00:12 [ERROR] tvDatafeed.main: Connection timed out
2026-06-19 19:00:12 [ERROR] tvDatafeed.main: no data, please check the exchange and symbol
2026-06-19 19:00:12 [INFO] httpx: HTTP Request: GET https://gfcmaxbtscmizsakarvc.supabase.co/rest/v1/stock_prices?select=date%2Copen%2Chigh%2Clow%2Cclose%2Cvolume&symbol=eq.ABUK.EGX&order=date.desc&limit=300 "HTTP/2 200 OK"
2026-06-19 19:00:12 [INFO] httpx: HTTP Request: GET https://gfcmaxbtscmizsakarvc.supabase.co/rest/v1/stock_prices?select=date%2Copen%2Chigh%2Clow%2Cclose%2Cvolume&symbol=eq.ACAMD.EGX&order=date.desc&limit=300 "HTTP/2 200 OK"
2026-06-19 19:00:12 [INFO] httpx: HTTP Request: GET https://gfcmaxbtscmizsakarvc.supabase.co/rest/v1/stock_prices?select=date%2Copen%2Chigh%2Clow%2Cclose%2Cvolume&symbol=eq.ACTF.EGX&order=date.desc&limit=300 "HTTP/2 200 OK"
2026-06-19 19:00:12 [INFO] httpx: HTTP Request: GET https://gfcmaxbtscmizsakarvc.supabase.co/rest/v1/stock_prices?select=date%2Copen%2Chigh%2Clow%2Cclose%2Cvolume&symbol=eq.ACGC.EGX&order=date.desc&limit=300 "HTTP/2 200 OK"
2026-06-19 19:00:12 [INFO] httpx: HTTP Request: GET https://gfcmaxbtscmizsakarvc.supabase.co/rest/v1/stock_prices?select=date%2Copen%2Chigh%2Clow%2Cclose%2Cvolume&symbol=eq.AJWA.EGX&order=date.desc&limit=300 "HTTP/2 200 OK"
2026-06-19 19:00:12 [INFO] httpx: HTTP Request: GET https://gfcmaxbtscmizsakarvc.supabase.co/rest/v1/stock_prices?select=date%2Copen%2Chigh%2Clow%2Cclose%2Cvolume&symbol=eq.AALR.EGX&order=date.desc&limit=300 "HTTP/2 200 OK"
2026-06-19 19:00:12 [INFO] httpx: HTTP Request: GET https://gfcmaxbtscmizsakarvc.supabase.co/rest/v1/stock_prices?select=date%2Copen%2Chigh%2Clow%2Cclose%2Cvolume&symbol=eq.ADCI.EGX&order=date.desc&limit=300 "HTTP/2 200 OK"
2026-06-19 19:00:13 [INFO] httpx: HTTP Request: GET https://gfcmaxbtscmizsakarvc.supabase.co/rest/v1/stock_prices?select=date%2Copen%2Chigh%2Clow%2Cclose%2Cvolume&symbol=eq.ALEX.EGX&order=date.desc&limit=300 "HTTP/2 200 OK"
2026-06-19 19:00:13 [INFO] httpx: HTTP Request: GET https://gfcmaxbtscmizsakarvc.supabase.co/rest/v1/stock_prices?select=date%2Copen%2Chigh%2Clow%2Cclose%2Cvolume&symbol=eq.APPC.EGX&order=date.desc&limit=300 "HTTP/2 200 OK"
2026-06-19 19:00:13 [INFO] httpx: HTTP Request: GET https://gfcmaxbtscmizsakarvc.supabase.co/rest/v1/stock_prices?select=date%2Copen%2Chigh%2Clow%2Cclose%2Cvolume&symbol=eq.AREH.EGX&order=date.desc&limit=300 "HTTP/2 200 OK"
2026-06-19 19:00:13 [INFO] httpx: HTTP Request: GET https://gfcmaxbtscmizsakarvc.supabase.co/rest/v1/stock_prices?select=date%2Copen%2Chigh%2Clow%2Cclose%2Cvolume&symbol=eq.AMES.EGX&order=date.desc&limit=300 "HTTP/2 200 OK"
2026-06-19 19:00:13 [INFO] httpx: HTTP Request: GET https://gfcmaxbtscmizsakarvc.supabase.co/rest/v1/stock_prices?select=date%2Copen%2Chigh%2Clow%2Cclose%2Cvolume&symbol=eq.ALRA.EGX&order=date.desc&limit=300 "HTTP/2 200 OK"
2026-06-19 19:00:13 [INFO] httpx: HTTP Request: GET https://gfcmaxbtscmizsakarvc.supabase.co/rest/v1/stock_prices?select=date%2Copen%2Chigh%2Clow%2Cclose%2Cvolume&symbol=eq.APSW.EGX&order=date.desc&limit=300 "HTTP/2 200 OK"
2026-06-19 19:00:13 [INFO] httpx: HTTP Request: GET https://gfcmaxbtscmizsakarvc.supabase.co/rest/v1/stock_prices?select=date%2Copen%2Chigh%2Clow%2Cclose%2Cvolume&symbol=eq.ARAB.EGX&order=date.desc&limit=300 "HTTP/2 200 OK"
2026-06-19 19:00:13 [INFO] httpx: HTTP Request: GET https://gfcmaxbtscmizsakarvc.supabase.co/rest/v1/stock_prices?select=date%2Copen%2Chigh%2Clow%2Cclose%2Cvolume&symbol=eq.ALUM.EGX&order=date.desc&limit=300 "HTTP/2 200 OK"
2026-06-19 19:00:13 [INFO] httpx: HTTP Request: GET https://gfcmaxbtscmizsakarvc.supabase.co/rest/v1/stock_prices?select=date%2Copen%2Chigh%2Clow%2Cclose%2Cvolume&symbol=eq.AREHA.EGX&order=date.desc&limit=300 "HTTP/2 200 OK"
2026-06-19 19:00:14 [INFO] httpx: HTTP Request: GET https://gfcmaxbtscmizsakarvc.supabase.co/rest/v1/stock_prices?select=date%2Copen%2Chigh%2Clow%2Cclose%2Cvolume&symbol=eq.AMOC.EGX&order=date.desc&limit=300 "HTTP/2 200 OK"
2026-06-19 19:00:14 [INFO] httpx: HTTP Request: GET https://gfcmaxbtscmizsakarvc.supabase.co/rest/v1/stock_prices?select=date%2Copen%2Chigh%2Clow%2Cclose%2Cvolume&symbol=eq.ASCM.EGX&order=date.desc&limit=300 "HTTP/2 200 OK"
2026-06-19 19:00:14 [INFO] httpx: HTTP Request: GET https://gfcmaxbtscmizsakarvc.supabase.co/rest/v1/stock_prices?select=date%2Copen%2Chigh%2Clow%2Cclose%2Cvolume&symbol=eq.AMIA.EGX&order=date.desc&limit=300 "HTTP/2 200 OK"
2026-06-19 19:00:14 [INFO] httpx: HTTP Request: GET https://gfcmaxbtscmizsakarvc.supabase.co/rest/v1/stock_prices?select=date%2Copen%2Chigh%2Clow%2Cclose%2Cvolume&symbol=eq.ARVA.EGX&order=date.desc&limit=300 "HTTP/2 200 OK"
2026-06-19 19:00:14 [INFO] httpx: HTTP Request: GET https://gfcmaxbtscmizsakarvc.supabase.co/rest/v1/stock_prices?select=date%2Copen%2Chigh%2Clow%2Cclose%2Cvolume&symbol=eq.ARCC.EGX&order=date.desc&limit=300 "HTTP/2 200 OK"
2026-06-19 19:00:14 [INFO] httpx: HTTP Request: GET https://gfcmaxbtscmizsakarvc.supabase.co/rest/v1/stock_prices?select=date%2Copen%2Chigh%2Clow%2Cclose%2Cvolume&symbol=eq.AMER.EGX&order=date.desc&limit=300 "HTTP/2 200 OK"
2026-06-19 19:00:14 [INFO] httpx: HTTP Request: GET https://gfcmaxbtscmizsakarvc.supabase.co/rest/v1/stock_prices?select=date%2Copen%2Chigh%2Clow%2Cclose%2Cvolume&symbol=eq.ATLC.EGX&order=date.desc&limit=300 "HTTP/2 200 OK"
2026-06-19 19:00:14 [INFO] httpx: HTTP Request: GET https://gfcmaxbtscmizsakarvc.supabase.co/rest/v1/stock_prices?select=date%2Copen%2Chigh%2Clow%2Cclose%2Cvolume&symbol=eq.BTFH.EGX&order=date.desc&limit=300 "HTTP/2 200 OK"
2026-06-19 19:00:14 [INFO] httpx: HTTP Request: GET https://gfcmaxbtscmizsakarvc.supabase.co/rest/v1/stock_prices?select=date%2Copen%2Chigh%2Clow%2Cclose%2Cvolume&symbol=eq.BIOC.EGX&order=date.desc&limit=300 "HTTP/2 200 OK"
2026-06-19 19:00:14 [INFO] httpx: HTTP Request: GET https://gfcmaxbtscmizsakarvc.supabase.co/rest/v1/stock_prices?select=date%2Copen%2Chigh%2Clow%2Cclose%2Cvolume&symbol=eq.ASPI.EGX&order=date.desc&limit=300 "HTTP/2 200 OK"
2026-06-19 19:00:14 [INFO] httpx: HTTP Request: GET https://gfcmaxbtscmizsakarvc.supabase.co/rest/v1/stock_prices?select=date%2Copen%2Chigh%2Clow%2Cclose%2Cvolume&symbol=eq.AUTO.EGX&order=date.desc&limit=300 "HTTP/2 200 OK"
2026-06-19 19:00:14 [INFO] httpx: HTTP Request: GET https://gfcmaxbtscmizsakarvc.supabase.co/rest/v1/stock_prices?select=date%2Copen%2Chigh%2Clow%2Cclose%2Cvolume&symbol=eq.ATQA.EGX&order=date.desc&limit=300 "HTTP/2 200 OK"
2026-06-19 19:00:14 [INFO] httpx: HTTP Request: GET https://gfcmaxbtscmizsakarvc.supabase.co/rest/v1/stock_prices?select=date%2Copen%2Chigh%2Clow%2Cclose%2Cvolume&symbol=eq.AXPH.EGX&order=date.desc&limit=300 "HTTP/2 200 OK"
2026-06-19 19:00:14 [INFO] httpx: HTTP Request: GET https://gfcmaxbtscmizsakarvc.supabase.co/rest/v1/stock_prices?select=date%2Copen%2Chigh%2Clow%2Cclose%2Cvolume&symbol=eq.BINV.EGX&order=date.desc&limit=300 "HTTP/2 200 OK"
2026-06-19 19:00:14 [INFO] httpx: HTTP Request: GET https://gfcmaxbtscmizsakarvc.supabase.co/rest/v1/stock_prices?select=date%2Copen%2Chigh%2Clow%2Cclose%2Cvolume&symbol=eq.CAED.EGX&order=date.desc&limit=300 "HTTP/2 200 OK"
2026-06-19 19:00:14 [INFO] httpx: HTTP Request: GET https://gfcmaxbtscmizsakarvc.supabase.co/rest/v1/stock_prices?select=date%2Copen%2Chigh%2Clow%2Cclose%2Cvolume&symbol=eq.CANA.EGX&order=date.desc&limit=300 "HTTP/2 200 OK"
2026-06-19 19:00:14 [INFO] httpx: HTTP Request: GET https://gfcmaxbtscmizsakarvc.supabase.co/rest/v1/stock_prices?select=date%2Copen%2Chigh%2Clow%2Cclose%2Cvolume&symbol=eq.CCAP.EGX&order=date.desc&limit=300 "HTTP/2 200 OK"
2026-06-19 19:00:14 [INFO] httpx: HTTP Request: GET https://gfcmaxbtscmizsakarvc.supabase.co/rest/v1/stock_prices?select=date%2Copen%2Chigh%2Clow%2Cclose%2Cvolume&symbol=eq.CCRS.EGX&order=date.desc&limit=300 "HTTP/2 200 OK"
2026-06-19 19:00:14 [INFO] httpx: HTTP Request: GET https://gfcmaxbtscmizsakarvc.supabase.co/rest/v1/stock_prices?select=date%2Copen%2Chigh%2Clow%2Cclose%2Cvolume&symbol=eq.BONY.EGX&order=date.desc&limit=300 "HTTP/2 200 OK"
2026-06-19 19:00:14 [INFO] httpx: HTTP Request: GET https://gfcmaxbtscmizsakarvc.supabase.co/rest/v1/stock_prices?select=date%2Copen%2Chigh%2Clow%2Cclose%2Cvolume&symbol=eq.CERA.EGX&order=date.desc&limit=300 "HTTP/2 200 OK"
2026-06-19 19:00:14 [INFO] httpx: HTTP Request: GET https://gfcmaxbtscmizsakarvc.supabase.co/rest/v1/stock_prices?select=date%2Copen%2Chigh%2Clow%2Cclose%2Cvolume&symbol=eq.CEFM.EGX&order=date.desc&limit=300 "HTTP/2 200 OK"
2026-06-19 19:00:14 [INFO] httpx: HTTP Request: GET https://gfcmaxbtscmizsakarvc.supabase.co/rest/v1/stock_prices?select=date%2Copen%2Chigh%2Clow%2Cclose%2Cvolume&symbol=eq.CIEB.EGX&order=date.desc&limit=300 "HTTP/2 200 OK"
2026-06-19 19:00:14 [INFO] httpx: HTTP Request: GET https://gfcmaxbtscmizsakarvc.supabase.co/rest/v1/stock_prices?select=date%2Copen%2Chigh%2Clow%2Cclose%2Cvolume&symbol=eq.CFGH.EGX&order=date.desc&limit=300 "HTTP/2 200 OK"
2026-06-19 19:00:14 [INFO] httpx: HTTP Request: GET https://gfcmaxbtscmizsakarvc.supabase.co/rest/v1/stock_prices?select=date%2Copen%2Chigh%2Clow%2Cclose%2Cvolume&symbol=eq.CIRA.EGX&order=date.desc&limit=300 "HTTP/2 200 OK"
2026-06-19 19:00:14 [INFO] httpx: HTTP Request: GET https://gfcmaxbtscmizsakarvc.supabase.co/rest/v1/stock_prices?select=date%2Copen%2Chigh%2Clow%2Cclose%2Cvolume&symbol=eq.CICH.EGX&order=date.desc&limit=300 "HTTP/2 200 OK"
2026-06-19 19:00:14 [INFO] httpx: HTTP Request: GET https://gfcmaxbtscmizsakarvc.supabase.co/rest/v1/stock_prices?select=date%2Copen%2Chigh%2Clow%2Cclose%2Cvolume&symbol=eq.CIRF.EGX&order=date.desc&limit=300 "HTTP/2 200 OK"
2026-06-19 19:00:14 [INFO] httpx: HTTP Request: GET https://gfcmaxbtscmizsakarvc.supabase.co/rest/v1/stock_prices?select=date%2Copen%2Chigh%2Clow%2Cclose%2Cvolume&symbol=eq.CLHO.EGX&order=date.desc&limit=300 "HTTP/2 200 OK"
2026-06-19 19:00:14 [INFO] httpx: HTTP Request: GET https://gfcmaxbtscmizsakarvc.supabase.co/rest/v1/stock_prices?select=date%2Copen%2Chigh%2Clow%2Cclose%2Cvolume&symbol=eq.CNFN.EGX&order=date.desc&limit=300 "HTTP/2 200 OK"
2026-06-19 19:00:14 [INFO] httpx: HTTP Request: GET https://gfcmaxbtscmizsakarvc.supabase.co/rest/v1/stock_prices?select=date%2Copen%2Chigh%2Clow%2Cclose%2Cvolume&symbol=eq.COMI.EGX&order=date.desc&limit=300 "HTTP/2 200 OK"
2026-06-19 19:00:14 [INFO] httpx: HTTP Request: GET https://gfcmaxbtscmizsakarvc.supabase.co/rest/v1/stock_prices?select=date%2Copen%2Chigh%2Clow%2Cclose%2Cvolume&symbol=eq.DAPH.EGX&order=date.desc&limit=300 "HTTP/2 200 OK"
2026-06-19 19:00:14 [INFO] httpx: HTTP Request: GET https://gfcmaxbtscmizsakarvc.supabase.co/rest/v1/stock_prices?select=date%2Copen%2Chigh%2Clow%2Cclose%2Cvolume&symbol=eq.DSCW.EGX&order=date.desc&limit=300 "HTTP/2 200 OK"
2026-06-19 19:00:14 [INFO] httpx: HTTP Request: GET https://gfcmaxbtscmizsakarvc.supabase.co/rest/v1/stock_prices?select=date%2Copen%2Chigh%2Clow%2Cclose%2Cvolume&symbol=eq.CPCI.EGX&order=date.desc&limit=300 "HTTP/2 200 OK"
2026-06-19 19:00:14 [INFO] httpx: HTTP Request: GET https://gfcmaxbtscmizsakarvc.supabase.co/rest/v1/stock_prices?select=date%2Copen%2Chigh%2Clow%2Cclose%2Cvolume&symbol=eq.CPME.EGX&order=date.desc&limit=300 "HTTP/2 200 OK"
2026-06-19 19:00:14 [INFO] httpx: HTTP Request: GET https://gfcmaxbtscmizsakarvc.supabase.co/rest/v1/stock_prices?select=date%2Copen%2Chigh%2Clow%2Cclose%2Cvolume&symbol=eq.CRST.EGX&order=date.desc&limit=300 "HTTP/2 200 OK"
2026-06-19 19:00:14 [INFO] httpx: HTTP Request: GET https://gfcmaxbtscmizsakarvc.supabase.co/rest/v1/stock_prices?select=date%2Copen%2Chigh%2Clow%2Cclose%2Cvolume&symbol=eq.CSAG.EGX&order=date.desc&limit=300 "HTTP/2 200 OK"
2026-06-19 19:00:14 [INFO] httpx: HTTP Request: GET https://gfcmaxbtscmizsakarvc.supabase.co/rest/v1/stock_prices?select=date%2Copen%2Chigh%2Clow%2Cclose%2Cvolume&symbol=eq.COSG.EGX&order=date.desc&limit=300 "HTTP/2 200 OK"
2026-06-19 19:00:14 [INFO] httpx: HTTP Request: GET https://gfcmaxbtscmizsakarvc.supabase.co/rest/v1/stock_prices?select=date%2Copen%2Chigh%2Clow%2Cclose%2Cvolume&symbol=eq.EALR.EGX&order=date.desc&limit=300 "HTTP/2 200 OK"
2026-06-19 19:00:14 [INFO] httpx: HTTP Request: GET https://gfcmaxbtscmizsakarvc.supabase.co/rest/v1/stock_prices?select=date%2Copen%2Chigh%2Clow%2Cclose%2Cvolume&symbol=eq.COPR.EGX&order=date.desc&limit=300 "HTTP/2 200 OK"
2026-06-19 19:00:14 [INFO] httpx: HTTP Request: GET https://gfcmaxbtscmizsakarvc.supabase.co/rest/v1/stock_prices?select=date%2Copen%2Chigh%2Clow%2Cclose%2Cvolume&symbol=eq.DGTZ.EGX&order=date.desc&limit=300 "HTTP/2 200 OK"
2026-06-19 19:00:14 [INFO] httpx: HTTP Request: GET https://gfcmaxbtscmizsakarvc.supabase.co/rest/v1/stock_prices?select=date%2Copen%2Chigh%2Clow%2Cclose%2Cvolume&symbol=eq.DOMT.EGX&order=date.desc&limit=300 "HTTP/2 200 OK"
2026-06-19 19:00:14 [INFO] httpx: HTTP Request: GET https://gfcmaxbtscmizsakarvc.supabase.co/rest/v1/stock_prices?select=date%2Copen%2Chigh%2Clow%2Cclose%2Cvolume&symbol=eq.DEIN.EGX&order=date.desc&limit=300 "HTTP/2 200 OK"
2026-06-19 19:00:14 [INFO] httpx: HTTP Request: GET https://gfcmaxbtscmizsakarvc.supabase.co/rest/v1/stock_prices?select=date%2Copen%2Chigh%2Clow%2Cclose%2Cvolume&symbol=eq.DCRC.EGX&order=date.desc&limit=300 "HTTP/2 200 OK"
2026-06-19 19:00:14 [INFO] httpx: HTTP Request: GET https://gfcmaxbtscmizsakarvc.supabase.co/rest/v1/stock_prices?select=date%2Copen%2Chigh%2Clow%2Cclose%2Cvolume&symbol=eq.DTPP.EGX&order=date.desc&limit=300 "HTTP/2 200 OK"
2026-06-19 19:00:14 [INFO] httpx: HTTP Request: GET https://gfcmaxbtscmizsakarvc.supabase.co/rest/v1/stock_prices?select=date%2Copen%2Chigh%2Clow%2Cclose%2Cvolume&symbol=eq.EASB.EGX&order=date.desc&limit=300 "HTTP/2 200 OK"
2026-06-19 19:00:14 [INFO] httpx: HTTP Request: GET https://gfcmaxbtscmizsakarvc.supabase.co/rest/v1/stock_prices?select=date%2Copen%2Chigh%2Clow%2Cclose%2Cvolume&symbol=eq.ECAP.EGX&order=date.desc&limit=300 "HTTP/2 200 OK"
2026-06-19 19:00:14 [INFO] httpx: HTTP Request: GET https://gfcmaxbtscmizsakarvc.supabase.co/rest/v1/stock_prices?select=date%2Copen%2Chigh%2Clow%2Cclose%2Cvolume&symbol=eq.EDFM.EGX&order=date.desc&limit=300 "HTTP/2 200 OK"
2026-06-19 19:00:14 [INFO] httpx: HTTP Request: GET https://gfcmaxbtscmizsakarvc.supabase.co/rest/v1/stock_prices?select=date%2Copen%2Chigh%2Clow%2Cclose%2Cvolume&symbol=eq.EGBE.EGX&order=date.desc&limit=300 "HTTP/2 200 OK"
2026-06-19 19:00:14 [INFO] httpx: HTTP Request: GET https://gfcmaxbtscmizsakarvc.supabase.co/rest/v1/stock_prices?select=date%2Copen%2Chigh%2Clow%2Cclose%2Cvolume&symbol=eq.EAST.EGX&order=date.desc&limit=300 "HTTP/2 200 OK"
2026-06-19 19:00:14 [INFO] httpx: HTTP Request: GET https://gfcmaxbtscmizsakarvc.supabase.co/rest/v1/stock_prices?select=date%2Copen%2Chigh%2Clow%2Cclose%2Cvolume&symbol=eq.EBSC.EGX&order=date.desc&limit=300 "HTTP/2 200 OK"
2026-06-19 19:00:14 [INFO] httpx: HTTP Request: GET https://gfcmaxbtscmizsakarvc.supabase.co/rest/v1/stock_prices?select=date%2Copen%2Chigh%2Clow%2Cclose%2Cvolume&symbol=eq.EDBM.EGX&order=date.desc&limit=300 "HTTP/2 200 OK"
2026-06-19 19:00:14 [INFO] httpx: HTTP Request: GET https://gfcmaxbtscmizsakarvc.supabase.co/rest/v1/stock_prices?select=date%2Copen%2Chigh%2Clow%2Cclose%2Cvolume&symbol=eq.EEII.EGX&order=date.desc&limit=300 "HTTP/2 200 OK"
2026-06-19 19:00:14 [INFO] httpx: HTTP Request: GET https://gfcmaxbtscmizsakarvc.supabase.co/rest/v1/stock_prices?select=date%2Copen%2Chigh%2Clow%2Cclose%2Cvolume&symbol=eq.EFIH.EGX&order=date.desc&limit=300 "HTTP/2 200 OK"
2026-06-19 19:00:14 [INFO] httpx: HTTP Request: GET https://gfcmaxbtscmizsakarvc.supabase.co/rest/v1/stock_prices?select=date%2Copen%2Chigh%2Clow%2Cclose%2Cvolume&symbol=eq.EFIC.EGX&order=date.desc&limit=300 "HTTP/2 200 OK"
2026-06-19 19:00:14 [INFO] httpx: HTTP Request: GET https://gfcmaxbtscmizsakarvc.supabase.co/rest/v1/stock_prices?select=date%2Copen%2Chigh%2Clow%2Cclose%2Cvolume&symbol=eq.EGCH.EGX&order=date.desc&limit=300 "HTTP/2 200 OK"
2026-06-19 19:00:14 [INFO] httpx: HTTP Request: GET https://gfcmaxbtscmizsakarvc.supabase.co/rest/v1/stock_prices?select=date%2Copen%2Chigh%2Clow%2Cclose%2Cvolume&symbol=eq.EFID.EGX&order=date.desc&limit=300 "HTTP/2 200 OK"
2026-06-19 19:00:14 [INFO] httpx: HTTP Request: GET https://gfcmaxbtscmizsakarvc.supabase.co/rest/v1/stock_prices?select=date%2Copen%2Chigh%2Clow%2Cclose%2Cvolume&symbol=eq.EGAS.EGX&order=date.desc&limit=300 "HTTP/2 200 OK"
2026-06-19 19:00:14 [INFO] httpx: HTTP Request: GET https://gfcmaxbtscmizsakarvc.supabase.co/rest/v1/stock_prices?select=date%2Copen%2Chigh%2Clow%2Cclose%2Cvolume&symbol=eq.EGAL.EGX&order=date.desc&limit=300 "HTTP/2 200 OK"
2026-06-19 19:00:14 [INFO] httpx: HTTP Request: GET https://gfcmaxbtscmizsakarvc.supabase.co/rest/v1/stock_prices?select=date%2Copen%2Chigh%2Clow%2Cclose%2Cvolume&symbol=eq.EGREF.EGX&order=date.desc&limit=300 "HTTP/2 200 OK"
2026-06-19 19:00:14 [INFO] httpx: HTTP Request: GET https://gfcmaxbtscmizsakarvc.supabase.co/rest/v1/stock_prices?select=date%2Copen%2Chigh%2Clow%2Cclose%2Cvolume&symbol=eq.EFMP.EGX&order=date.desc&limit=300 "HTTP/2 200 OK"
2026-06-19 19:00:15 [INFO] httpx: HTTP Request: GET https://gfcmaxbtscmizsakarvc.supabase.co/rest/v1/stock_prices?select=date%2Copen%2Chigh%2Clow%2Cclose%2Cvolume&symbol=eq.EITP.EGX&order=date.desc&limit=300 "HTTP/2 200 OK"
2026-06-19 19:00:15 [INFO] httpx: HTTP Request: GET https://gfcmaxbtscmizsakarvc.supabase.co/rest/v1/stock_prices?select=date%2Copen%2Chigh%2Clow%2Cclose%2Cvolume&symbol=eq.EGSA.EGX&order=date.desc&limit=300 "HTTP/2 200 OK"
2026-06-19 19:00:15 [INFO] httpx: HTTP Request: GET https://gfcmaxbtscmizsakarvc.supabase.co/rest/v1/stock_prices?select=date%2Copen%2Chigh%2Clow%2Cclose%2Cvolume&symbol=eq.ELEC.EGX&order=date.desc&limit=300 "HTTP/2 200 OK"
2026-06-19 19:00:15 [INFO] httpx: HTTP Request: GET https://gfcmaxbtscmizsakarvc.supabase.co/rest/v1/stock_prices?select=date%2Copen%2Chigh%2Clow%2Cclose%2Cvolume&symbol=eq.EHDR.EGX&order=date.desc&limit=300 "HTTP/2 200 OK"
2026-06-19 19:00:15 [INFO] httpx: HTTP Request: GET https://gfcmaxbtscmizsakarvc.supabase.co/rest/v1/stock_prices?select=date%2Copen%2Chigh%2Clow%2Cclose%2Cvolume&symbol=eq.ELKA.EGX&order=date.desc&limit=300 "HTTP/2 200 OK"
2026-06-19 19:00:15 [INFO] httpx: HTTP Request: GET https://gfcmaxbtscmizsakarvc.supabase.co/rest/v1/stock_prices?select=date%2Copen%2Chigh%2Clow%2Cclose%2Cvolume&symbol=eq.EPCO.EGX&order=date.desc&limit=300 "HTTP/2 200 OK"
2026-06-19 19:00:15 [INFO] httpx: HTTP Request: GET https://gfcmaxbtscmizsakarvc.supabase.co/rest/v1/stock_prices?select=date%2Copen%2Chigh%2Clow%2Cclose%2Cvolume&symbol=eq.EMRI.EGX&order=date.desc&limit=300 "HTTP/2 200 OK"
2026-06-19 19:00:15 [INFO] httpx: HTTP Request: GET https://gfcmaxbtscmizsakarvc.supabase.co/rest/v1/stock_prices?select=date%2Copen%2Chigh%2Clow%2Cclose%2Cvolume&symbol=eq.EPPK.EGX&order=date.desc&limit=300 "HTTP/2 200 OK"
2026-06-19 19:00:15 [INFO] httpx: HTTP Request: GET https://gfcmaxbtscmizsakarvc.supabase.co/rest/v1/stock_prices?select=date%2Copen%2Chigh%2Clow%2Cclose%2Cvolume&symbol=eq.ELNA.EGX&order=date.desc&limit=300 "HTTP/2 200 OK"
2026-06-19 19:00:15 [INFO] httpx: HTTP Request: GET https://gfcmaxbtscmizsakarvc.supabase.co/rest/v1/stock_prices?select=date%2Copen%2Chigh%2Clow%2Cclose%2Cvolume&symbol=eq.EMFD.EGX&order=date.desc&limit=300 "HTTP/2 200 OK"
2026-06-19 19:00:15 [INFO] httpx: HTTP Request: GET https://gfcmaxbtscmizsakarvc.supabase.co/rest/v1/stock_prices?select=date%2Copen%2Chigh%2Clow%2Cclose%2Cvolume&symbol=eq.ENGC.EGX&order=date.desc&limit=300 "HTTP/2 200 OK"
2026-06-19 19:00:15 [INFO] httpx: HTTP Request: GET https://gfcmaxbtscmizsakarvc.supabase.co/rest/v1/stock_prices?select=date%2Copen%2Chigh%2Clow%2Cclose%2Cvolume&symbol=eq.EOSB.EGX&order=date.desc&limit=300 "HTTP/2 200 OK"
2026-06-19 19:00:15 [INFO] httpx: HTTP Request: GET https://gfcmaxbtscmizsakarvc.supabase.co/rest/v1/stock_prices?select=date%2Copen%2Chigh%2Clow%2Cclose%2Cvolume&symbol=eq.ESGI.EGX&order=date.desc&limit=300 "HTTP/2 200 OK"
2026-06-19 19:00:15 [INFO] httpx: HTTP Request: GET https://gfcmaxbtscmizsakarvc.supabase.co/rest/v1/stock_prices?select=date%2Copen%2Chigh%2Clow%2Cclose%2Cvolume&symbol=eq.EGTS.EGX&order=date.desc&limit=300 "HTTP/2 200 OK"
2026-06-19 19:00:15 [INFO] httpx: HTTP Request: GET https://gfcmaxbtscmizsakarvc.supabase.co/rest/v1/stock_prices?select=date%2Copen%2Chigh%2Clow%2Cclose%2Cvolume&symbol=eq.ELSH.EGX&order=date.desc&limit=300 "HTTP/2 200 OK"
2026-06-19 19:00:15 [INFO] httpx: HTTP Request: GET https://gfcmaxbtscmizsakarvc.supabase.co/rest/v1/stock_prices?select=date%2Copen%2Chigh%2Clow%2Cclose%2Cvolume&symbol=eq.ETRS.EGX&order=date.desc&limit=300 "HTTP/2 200 OK"
2026-06-19 19:00:15 [INFO] httpx: HTTP Request: GET https://gfcmaxbtscmizsakarvc.supabase.co/rest/v1/stock_prices?select=date%2Copen%2Chigh%2Clow%2Cclose%2Cvolume&symbol=eq.FAIT.EGX&order=date.desc&limit=300 "HTTP/2 200 OK"
2026-06-19 19:00:15 [INFO] httpx: HTTP Request: GET https://gfcmaxbtscmizsakarvc.supabase.co/rest/v1/stock_prices?select=date%2Copen%2Chigh%2Clow%2Cclose%2Cvolume&symbol=eq.ETEL.EGX&order=date.desc&limit=300 "HTTP/2 200 OK"
2026-06-19 19:00:15 [INFO] httpx: HTTP Request: GET https://gfcmaxbtscmizsakarvc.supabase.co/rest/v1/stock_prices?select=date%2Copen%2Chigh%2Clow%2Cclose%2Cvolume&symbol=eq.FAITA.EGX&order=date.desc&limit=300 "HTTP/2 200 OK"
2026-06-19 19:00:15 [INFO] httpx: HTTP Request: GET https://gfcmaxbtscmizsakarvc.supabase.co/rest/v1/stock_prices?select=date%2Copen%2Chigh%2Clow%2Cclose%2Cvolume&symbol=eq.GGCC.EGX&order=date.desc&limit=300 "HTTP/2 200 OK"
2026-06-19 19:00:15 [INFO] httpx: HTTP Request: GET https://gfcmaxbtscmizsakarvc.supabase.co/rest/v1/stock_prices?select=date%2Copen%2Chigh%2Clow%2Cclose%2Cvolume&symbol=eq.GIHD.EGX&order=date.desc&limit=300 "HTTP/2 200 OK"
2026-06-19 19:00:15 [INFO] httpx: HTTP Request: GET https://gfcmaxbtscmizsakarvc.supabase.co/rest/v1/stock_prices?select=date%2Copen%2Chigh%2Clow%2Cclose%2Cvolume&symbol=eq.FERC.EGX&order=date.desc&limit=300 "HTTP/2 200 OK"
2026-06-19 19:00:15 [INFO] httpx: HTTP Request: GET https://gfcmaxbtscmizsakarvc.supabase.co/rest/v1/stock_prices?select=date%2Copen%2Chigh%2Clow%2Cclose%2Cvolume&symbol=eq.EXPA.EGX&order=date.desc&limit=300 "HTTP/2 200 OK"
2026-06-19 19:00:15 [INFO] httpx: HTTP Request: GET https://gfcmaxbtscmizsakarvc.supabase.co/rest/v1/stock_prices?select=date%2Copen%2Chigh%2Clow%2Cclose%2Cvolume&symbol=eq.FWRY.EGX&order=date.desc&limit=300 "HTTP/2 200 OK"
2026-06-19 19:00:15 [INFO] httpx: HTTP Request: GET https://gfcmaxbtscmizsakarvc.supabase.co/rest/v1/stock_prices?select=date%2Copen%2Chigh%2Clow%2Cclose%2Cvolume&symbol=eq.GMCI.EGX&order=date.desc&limit=300 "HTTP/2 200 OK"
2026-06-19 19:00:15 [INFO] httpx: HTTP Request: GET https://gfcmaxbtscmizsakarvc.supabase.co/rest/v1/stock_prices?select=date%2Copen%2Chigh%2Clow%2Cclose%2Cvolume&symbol=eq.GPIM.EGX&order=date.desc&limit=300 "HTTP/2 200 OK"
2026-06-19 19:00:15 [INFO] httpx: HTTP Request: GET https://gfcmaxbtscmizsakarvc.supabase.co/rest/v1/stock_prices?select=date%2Copen%2Chigh%2Clow%2Cclose%2Cvolume&symbol=eq.GOUR.EGX&order=date.desc&limit=300 "HTTP/2 200 OK"
2026-06-19 19:00:15 [INFO] httpx: HTTP Request: GET https://gfcmaxbtscmizsakarvc.supabase.co/rest/v1/stock_prices?select=date%2Copen%2Chigh%2Clow%2Cclose%2Cvolume&symbol=eq.GBCO.EGX&order=date.desc&limit=300 "HTTP/2 200 OK"
2026-06-19 19:00:15 [INFO] httpx: HTTP Request: GET https://gfcmaxbtscmizsakarvc.supabase.co/rest/v1/stock_prices?select=date%2Copen%2Chigh%2Clow%2Cclose%2Cvolume&symbol=eq.GDWA.EGX&order=date.desc&limit=300 "HTTP/2 200 OK"
2026-06-19 19:00:15 [INFO] httpx: HTTP Request: GET https://gfcmaxbtscmizsakarvc.supabase.co/rest/v1/stock_prices?select=date%2Copen%2Chigh%2Clow%2Cclose%2Cvolume&symbol=eq.GGRN.EGX&order=date.desc&limit=300 "HTTP/2 200 OK"
2026-06-19 19:00:15 [INFO] httpx: HTTP Request: GET https://gfcmaxbtscmizsakarvc.supabase.co/rest/v1/stock_prices?select=date%2Copen%2Chigh%2Clow%2Cclose%2Cvolume&symbol=eq.GRCA.EGX&order=date.desc&limit=300 "HTTP/2 200 OK"
2026-06-19 19:00:15 [INFO] httpx: HTTP Request: GET https://gfcmaxbtscmizsakarvc.supabase.co/rest/v1/stock_prices?select=date%2Copen%2Chigh%2Clow%2Cclose%2Cvolume&symbol=eq.GPPL.EGX&order=date.desc&limit=300 "HTTP/2 200 OK"
2026-06-19 19:00:15 [INFO] httpx: HTTP Request: GET https://gfcmaxbtscmizsakarvc.supabase.co/rest/v1/stock_prices?select=date%2Copen%2Chigh%2Clow%2Cclose%2Cvolume&symbol=eq.GSSC.EGX&order=date.desc&limit=300 "HTTP/2 200 OK"
2026-06-19 19:00:15 [INFO] httpx: HTTP Request: GET https://gfcmaxbtscmizsakarvc.supabase.co/rest/v1/stock_prices?select=date%2Copen%2Chigh%2Clow%2Cclose%2Cvolume&symbol=eq.GTEX.EGX&order=date.desc&limit=300 "HTTP/2 200 OK"
2026-06-19 19:00:16 [INFO] httpx: HTTP Request: GET https://gfcmaxbtscmizsakarvc.supabase.co/rest/v1/stock_prices?select=date%2Copen%2Chigh%2Clow%2Cclose%2Cvolume&symbol=eq.GTWL.EGX&order=date.desc&limit=300 "HTTP/2 200 OK"
2026-06-19 19:00:16 [INFO] httpx: HTTP Request: GET https://gfcmaxbtscmizsakarvc.supabase.co/rest/v1/stock_prices?select=date%2Copen%2Chigh%2Clow%2Cclose%2Cvolume&symbol=eq.HDBK.EGX&order=date.desc&limit=300 "HTTP/2 200 OK"
2026-06-19 19:00:16 [INFO] httpx: HTTP Request: GET https://gfcmaxbtscmizsakarvc.supabase.co/rest/v1/stock_prices?select=date%2Copen%2Chigh%2Clow%2Cclose%2Cvolume&symbol=eq.HELI.EGX&order=date.desc&limit=300 "HTTP/2 200 OK"
2026-06-19 19:00:16 [INFO] httpx: HTTP Request: GET https://gfcmaxbtscmizsakarvc.supabase.co/rest/v1/stock_prices?select=date%2Copen%2Chigh%2Clow%2Cclose%2Cvolume&symbol=eq.HRHO.EGX&order=date.desc&limit=300 "HTTP/2 200 OK"
2026-06-19 19:00:16 [INFO] httpx: HTTP Request: GET https://gfcmaxbtscmizsakarvc.supabase.co/rest/v1/stock_prices?select=date%2Copen%2Chigh%2Clow%2Cclose%2Cvolume&symbol=eq.GTHE.EGX&order=date.desc&limit=300 "HTTP/2 200 OK"
2026-06-19 19:00:16 [INFO] httpx: HTTP Request: GET https://gfcmaxbtscmizsakarvc.supabase.co/rest/v1/stock_prices?select=date%2Copen%2Chigh%2Clow%2Cclose%2Cvolume&symbol=eq.ICAL.EGX&order=date.desc&limit=300 "HTTP/2 200 OK"
2026-06-19 19:00:16 [INFO] httpx: HTTP Request: GET https://gfcmaxbtscmizsakarvc.supabase.co/rest/v1/stock_prices?select=date%2Copen%2Chigh%2Clow%2Cclose%2Cvolume&symbol=eq.ICID.EGX&order=date.desc&limit=300 "HTTP/2 200 OK"
2026-06-19 19:00:16 [INFO] httpx: HTTP Request: GET https://gfcmaxbtscmizsakarvc.supabase.co/rest/v1/stock_prices?select=date%2Copen%2Chigh%2Clow%2Cclose%2Cvolume&symbol=eq.ICFC.EGX&order=date.desc&limit=300 "HTTP/2 200 OK"
2026-06-19 19:00:16 [INFO] httpx: HTTP Request: GET https://gfcmaxbtscmizsakarvc.supabase.co/rest/v1/stock_prices?select=date%2Copen%2Chigh%2Clow%2Cclose%2Cvolume&symbol=eq.IDRE.EGX&order=date.desc&limit=300 "HTTP/2 200 OK"
2026-06-19 19:00:16 [INFO] httpx: HTTP Request: GET https://gfcmaxbtscmizsakarvc.supabase.co/rest/v1/stock_prices?select=date%2Copen%2Chigh%2Clow%2Cclose%2Cvolume&symbol=eq.IFAP.EGX&order=date.desc&limit=300 "HTTP/2 200 OK"
2026-06-19 19:00:16 [INFO] httpx: HTTP Request: GET https://gfcmaxbtscmizsakarvc.supabase.co/rest/v1/stock_prices?select=date%2Copen%2Chigh%2Clow%2Cclose%2Cvolume&symbol=eq.INFI.EGX&order=date.desc&limit=300 "HTTP/2 200 OK"
2026-06-19 19:00:16 [INFO] httpx: HTTP Request: GET https://gfcmaxbtscmizsakarvc.supabase.co/rest/v1/stock_prices?select=date%2Copen%2Chigh%2Clow%2Cclose%2Cvolume&symbol=eq.IPPM.EGX&order=date.desc&limit=300 "HTTP/2 200 OK"
2026-06-19 19:00:16 [INFO] httpx: HTTP Request: GET https://gfcmaxbtscmizsakarvc.supabase.co/rest/v1/stock_prices?select=date%2Copen%2Chigh%2Clow%2Cclose%2Cvolume&symbol=eq.IDHC.EGX&order=date.desc&limit=300 "HTTP/2 200 OK"
2026-06-19 19:00:16 [INFO] httpx: HTTP Request: GET https://gfcmaxbtscmizsakarvc.supabase.co/rest/v1/stock_prices?select=date%2Copen%2Chigh%2Clow%2Cclose%2Cvolume&symbol=eq.IEEC.EGX&order=date.desc&limit=300 "HTTP/2 200 OK"
2026-06-19 19:00:16 [INFO] httpx: HTTP Request: GET https://gfcmaxbtscmizsakarvc.supabase.co/rest/v1/stock_prices?select=date%2Copen%2Chigh%2Clow%2Cclose%2Cvolume&symbol=eq.IRON.EGX&order=date.desc&limit=300 "HTTP/2 200 OK"
2026-06-19 19:00:16 [INFO] httpx: HTTP Request: GET https://gfcmaxbtscmizsakarvc.supabase.co/rest/v1/stock_prices?select=date%2Copen%2Chigh%2Clow%2Cclose%2Cvolume&symbol=eq.KASABF.EGX&order=date.desc&limit=300 "HTTP/2 200 OK"
2026-06-19 19:00:16 [INFO] httpx: HTTP Request: GET https://gfcmaxbtscmizsakarvc.supabase.co/rest/v1/stock_prices?select=date%2Copen%2Chigh%2Clow%2Cclose%2Cvolume&symbol=eq.ISMQ.EGX&order=date.desc&limit=300 "HTTP/2 200 OK"
2026-06-19 19:00:16 [INFO] httpx: HTTP Request: GET https://gfcmaxbtscmizsakarvc.supabase.co/rest/v1/stock_prices?select=date%2Copen%2Chigh%2Clow%2Cclose%2Cvolume&symbol=eq.IRAX.EGX&order=date.desc&limit=300 "HTTP/2 200 OK"
2026-06-19 19:00:16 [INFO] httpx: HTTP Request: GET https://gfcmaxbtscmizsakarvc.supabase.co/rest/v1/stock_prices?select=date%2Copen%2Chigh%2Clow%2Cclose%2Cvolume&symbol=eq.JUFO.EGX&order=date.desc&limit=300 "HTTP/2 200 OK"
2026-06-19 19:00:16 [INFO] httpx: HTTP Request: GET https://gfcmaxbtscmizsakarvc.supabase.co/rest/v1/stock_prices?select=date%2Copen%2Chigh%2Clow%2Cclose%2Cvolume&symbol=eq.KRDI.EGX&order=date.desc&limit=300 "HTTP/2 200 OK"
2026-06-19 19:00:16 [INFO] httpx: HTTP Request: GET https://gfcmaxbtscmizsakarvc.supabase.co/rest/v1/stock_prices?select=date%2Copen%2Chigh%2Clow%2Cclose%2Cvolume&symbol=eq.KZPC.EGX&order=date.desc&limit=300 "HTTP/2 200 OK"
2026-06-19 19:00:16 [INFO] httpx: HTTP Request: GET https://gfcmaxbtscmizsakarvc.supabase.co/rest/v1/stock_prices?select=date%2Copen%2Chigh%2Clow%2Cclose%2Cvolume&symbol=eq.KABO.EGX&order=date.desc&limit=300 "HTTP/2 200 OK"
2026-06-19 19:00:16 [INFO] httpx: HTTP Request: GET https://gfcmaxbtscmizsakarvc.supabase.co/rest/v1/stock_prices?select=date%2Copen%2Chigh%2Clow%2Cclose%2Cvolume&symbol=eq.MAAL.EGX&order=date.desc&limit=300 "HTTP/2 200 OK"
2026-06-19 19:00:16 [INFO] httpx: HTTP Request: GET https://gfcmaxbtscmizsakarvc.supabase.co/rest/v1/stock_prices?select=date%2Copen%2Chigh%2Clow%2Cclose%2Cvolume&symbol=eq.ISMA.EGX&order=date.desc&limit=300 "HTTP/2 200 OK"
2026-06-19 19:00:16 [INFO] httpx: HTTP Request: GET https://gfcmaxbtscmizsakarvc.supabase.co/rest/v1/stock_prices?select=date%2Copen%2Chigh%2Clow%2Cclose%2Cvolume&symbol=eq.ISPH.EGX&order=date.desc&limit=300 "HTTP/2 200 OK"
2026-06-19 19:00:16 [INFO] httpx: HTTP Request: GET https://gfcmaxbtscmizsakarvc.supabase.co/rest/v1/stock_prices?select=date%2Copen%2Chigh%2Clow%2Cclose%2Cvolume&symbol=eq.LCSW.EGX&order=date.desc&limit=300 "HTTP/2 200 OK"
2026-06-19 19:00:16 [INFO] httpx: HTTP Request: GET https://gfcmaxbtscmizsakarvc.supabase.co/rest/v1/stock_prices?select=date%2Copen%2Chigh%2Clow%2Cclose%2Cvolume&symbol=eq.MASR.EGX&order=date.desc&limit=300 "HTTP/2 200 OK"
2026-06-19 19:00:16 [INFO] httpx: HTTP Request: GET https://gfcmaxbtscmizsakarvc.supabase.co/rest/v1/stock_prices?select=date%2Copen%2Chigh%2Clow%2Cclose%2Cvolume&symbol=eq.LUTS.EGX&order=date.desc&limit=300 "HTTP/2 200 OK"
2026-06-19 19:00:16 [INFO] httpx: HTTP Request: GET https://gfcmaxbtscmizsakarvc.supabase.co/rest/v1/stock_prices?select=date%2Copen%2Chigh%2Clow%2Cclose%2Cvolume&symbol=eq.KWIN.EGX&order=date.desc&limit=300 "HTTP/2 200 OK"
2026-06-19 19:00:16 [INFO] httpx: HTTP Request: GET https://gfcmaxbtscmizsakarvc.supabase.co/rest/v1/stock_prices?select=date%2Copen%2Chigh%2Clow%2Cclose%2Cvolume&symbol=eq.MATD.EGX&order=date.desc&limit=300 "HTTP/2 200 OK"
2026-06-19 19:00:16 [INFO] httpx: HTTP Request: GET https://gfcmaxbtscmizsakarvc.supabase.co/rest/v1/stock_prices?select=date%2Copen%2Chigh%2Clow%2Cclose%2Cvolume&symbol=eq.MCRO.EGX&order=date.desc&limit=300 "HTTP/2 200 OK"
2026-06-19 19:00:16 [INFO] httpx: HTTP Request: GET https://gfcmaxbtscmizsakarvc.supabase.co/rest/v1/stock_prices?select=date%2Copen%2Chigh%2Clow%2Cclose%2Cvolume&symbol=eq.MCQE.EGX&order=date.desc&limit=300 "HTTP/2 200 OK"
2026-06-19 19:00:16 [INFO] httpx: HTTP Request: GET https://gfcmaxbtscmizsakarvc.supabase.co/rest/v1/stock_prices?select=date%2Copen%2Chigh%2Clow%2Cclose%2Cvolume&symbol=eq.MBSC.EGX&order=date.desc&limit=300 "HTTP/2 200 OK"
2026-06-19 19:00:16 [INFO] httpx: HTTP Request: GET https://gfcmaxbtscmizsakarvc.supabase.co/rest/v1/stock_prices?select=date%2Copen%2Chigh%2Clow%2Cclose%2Cvolume&symbol=eq.MBEG.EGX&order=date.desc&limit=300 "HTTP/2 200 OK"
2026-06-19 19:00:16 [INFO] httpx: HTTP Request: GET https://gfcmaxbtscmizsakarvc.supabase.co/rest/v1/stock_prices?select=date%2Copen%2Chigh%2Clow%2Cclose%2Cvolume&symbol=eq.MEDP.EGX&order=date.desc&limit=300 "HTTP/2 200 OK"
2026-06-19 19:00:16 [INFO] httpx: HTTP Request: GET https://gfcmaxbtscmizsakarvc.supabase.co/rest/v1/stock_prices?select=date%2Copen%2Chigh%2Clow%2Cclose%2Cvolume&symbol=eq.MEGM.EGX&order=date.desc&limit=300 "HTTP/2 200 OK"
2026-06-19 19:00:16 [INFO] httpx: HTTP Request: GET https://gfcmaxbtscmizsakarvc.supabase.co/rest/v1/stock_prices?select=date%2Copen%2Chigh%2Clow%2Cclose%2Cvolume&symbol=eq.MEPA.EGX&order=date.desc&limit=300 "HTTP/2 200 OK"
2026-06-19 19:00:16 [INFO] httpx: HTTP Request: GET https://gfcmaxbtscmizsakarvc.supabase.co/rest/v1/stock_prices?select=date%2Copen%2Chigh%2Clow%2Cclose%2Cvolume&symbol=eq.MENA.EGX&order=date.desc&limit=300 "HTTP/2 200 OK"
2026-06-19 19:00:16 [INFO] httpx: HTTP Request: GET https://gfcmaxbtscmizsakarvc.supabase.co/rest/v1/stock_prices?select=date%2Copen%2Chigh%2Clow%2Cclose%2Cvolume&symbol=eq.MICH.EGX&order=date.desc&limit=300 "HTTP/2 200 OK"
2026-06-19 19:00:16 [INFO] httpx: HTTP Request: GET https://gfcmaxbtscmizsakarvc.supabase.co/rest/v1/stock_prices?select=date%2Copen%2Chigh%2Clow%2Cclose%2Cvolume&symbol=eq.MHOT.EGX&order=date.desc&limit=300 "HTTP/2 200 OK"
2026-06-19 19:00:16 [INFO] httpx: HTTP Request: GET https://gfcmaxbtscmizsakarvc.supabase.co/rest/v1/stock_prices?select=date%2Copen%2Chigh%2Clow%2Cclose%2Cvolume&symbol=eq.MFIN.EGX&order=date.desc&limit=300 "HTTP/2 200 OK"
2026-06-19 19:00:16 [INFO] httpx: HTTP Request: GET https://gfcmaxbtscmizsakarvc.supabase.co/rest/v1/stock_prices?select=date%2Copen%2Chigh%2Clow%2Cclose%2Cvolume&symbol=eq.MFPC.EGX&order=date.desc&limit=300 "HTTP/2 200 OK"
2026-06-19 19:00:16 [INFO] httpx: HTTP Request: GET https://gfcmaxbtscmizsakarvc.supabase.co/rest/v1/stock_prices?select=date%2Copen%2Chigh%2Clow%2Cclose%2Cvolume&symbol=eq.MFSC.EGX&order=date.desc&limit=300 "HTTP/2 200 OK"
2026-06-19 19:00:16 [INFO] httpx: HTTP Request: GET https://gfcmaxbtscmizsakarvc.supabase.co/rest/v1/stock_prices?select=date%2Copen%2Chigh%2Clow%2Cclose%2Cvolume&symbol=eq.MILS.EGX&order=date.desc&limit=300 "HTTP/2 200 OK"
2026-06-19 19:00:16 [INFO] httpx: HTTP Request: GET https://gfcmaxbtscmizsakarvc.supabase.co/rest/v1/stock_prices?select=date%2Copen%2Chigh%2Clow%2Cclose%2Cvolume&symbol=eq.MPRC.EGX&order=date.desc&limit=300 "HTTP/2 200 OK"
2026-06-19 19:00:16 [INFO] httpx: HTTP Request: GET https://gfcmaxbtscmizsakarvc.supabase.co/rest/v1/stock_prices?select=date%2Copen%2Chigh%2Clow%2Cclose%2Cvolume&symbol=eq.NAHO.EGX&order=date.desc&limit=300 "HTTP/2 200 OK"
2026-06-19 19:00:16 [INFO] httpx: HTTP Request: GET https://gfcmaxbtscmizsakarvc.supabase.co/rest/v1/stock_prices?select=date%2Copen%2Chigh%2Clow%2Cclose%2Cvolume&symbol=eq.MPCI.EGX&order=date.desc&limit=300 "HTTP/2 200 OK"
2026-06-19 19:00:16 [INFO] httpx: HTTP Request: GET https://gfcmaxbtscmizsakarvc.supabase.co/rest/v1/stock_prices?select=date%2Copen%2Chigh%2Clow%2Cclose%2Cvolume&symbol=eq.MRCO.EGX&order=date.desc&limit=300 "HTTP/2 200 OK"
2026-06-19 19:00:16 [INFO] httpx: HTTP Request: GET https://gfcmaxbtscmizsakarvc.supabase.co/rest/v1/stock_prices?select=date%2Copen%2Chigh%2Clow%2Cclose%2Cvolume&symbol=eq.MOIL.EGX&order=date.desc&limit=300 "HTTP/2 200 OK"
2026-06-19 19:00:16 [INFO] httpx: HTTP Request: GET https://gfcmaxbtscmizsakarvc.supabase.co/rest/v1/stock_prices?select=date%2Copen%2Chigh%2Clow%2Cclose%2Cvolume&symbol=eq.MOED.EGX&order=date.desc&limit=300 "HTTP/2 200 OK"
2026-06-19 19:00:16 [INFO] httpx: HTTP Request: GET https://gfcmaxbtscmizsakarvc.supabase.co/rest/v1/stock_prices?select=date%2Copen%2Chigh%2Clow%2Cclose%2Cvolume&symbol=eq.MPCO.EGX&order=date.desc&limit=300 "HTTP/2 200 OK"
2026-06-19 19:00:16 [INFO] httpx: HTTP Request: GET https://gfcmaxbtscmizsakarvc.supabase.co/rest/v1/stock_prices?select=date%2Copen%2Chigh%2Clow%2Cclose%2Cvolume&symbol=eq.MOIN.EGX&order=date.desc&limit=300 "HTTP/2 200 OK"
2026-06-19 19:00:16 [INFO] httpx: HTTP Request: GET https://gfcmaxbtscmizsakarvc.supabase.co/rest/v1/stock_prices?select=date%2Copen%2Chigh%2Clow%2Cclose%2Cvolume&symbol=eq.MOSC.EGX&order=date.desc&limit=300 "HTTP/2 200 OK"
2026-06-19 19:00:16 [INFO] httpx: HTTP Request: GET https://gfcmaxbtscmizsakarvc.supabase.co/rest/v1/stock_prices?select=date%2Copen%2Chigh%2Clow%2Cclose%2Cvolume&symbol=eq.MIPH.EGX&order=date.desc&limit=300 "HTTP/2 200 OK"
2026-06-19 19:00:16 [INFO] httpx: HTTP Request: GET https://gfcmaxbtscmizsakarvc.supabase.co/rest/v1/stock_prices?select=date%2Copen%2Chigh%2Clow%2Cclose%2Cvolume&symbol=eq.NARE.EGX&order=date.desc&limit=300 "HTTP/2 200 OK"
2026-06-19 19:00:16 [INFO] httpx: HTTP Request: GET https://gfcmaxbtscmizsakarvc.supabase.co/rest/v1/stock_prices?select=date%2Copen%2Chigh%2Clow%2Cclose%2Cvolume&symbol=eq.NAPR.EGX&order=date.desc&limit=300 "HTTP/2 200 OK"
2026-06-19 19:00:16 [INFO] httpx: HTTP Request: GET https://gfcmaxbtscmizsakarvc.supabase.co/rest/v1/stock_prices?select=date%2Copen%2Chigh%2Clow%2Cclose%2Cvolume&symbol=eq.MTIE.EGX&order=date.desc&limit=300 "HTTP/2 200 OK"
2026-06-19 19:00:16 [INFO] httpx: HTTP Request: GET https://gfcmaxbtscmizsakarvc.supabase.co/rest/v1/stock_prices?select=date%2Copen%2Chigh%2Clow%2Cclose%2Cvolume&symbol=eq.NASR.EGX&order=date.desc&limit=300 "HTTP/2 200 OK"
2026-06-19 19:00:16 [INFO] httpx: HTTP Request: GET https://gfcmaxbtscmizsakarvc.supabase.co/rest/v1/stock_prices?select=date%2Copen%2Chigh%2Clow%2Cclose%2Cvolume&symbol=eq.NCCW.EGX&order=date.desc&limit=300 "HTTP/2 200 OK"
2026-06-19 19:00:17 [INFO] httpx: HTTP Request: GET https://gfcmaxbtscmizsakarvc.supabase.co/rest/v1/stock_prices?select=date%2Copen%2Chigh%2Clow%2Cclose%2Cvolume&symbol=eq.NOAF.EGX&order=date.desc&limit=300 "HTTP/2 200 OK"
2026-06-19 19:00:17 [INFO] httpx: HTTP Request: GET https://gfcmaxbtscmizsakarvc.supabase.co/rest/v1/stock_prices?select=date%2Copen%2Chigh%2Clow%2Cclose%2Cvolume&symbol=eq.ODHN.EGX&order=date.desc&limit=300 "HTTP/2 200 OK"
2026-06-19 19:00:17 [INFO] httpx: HTTP Request: GET https://gfcmaxbtscmizsakarvc.supabase.co/rest/v1/stock_prices?select=date%2Copen%2Chigh%2Clow%2Cclose%2Cvolume&symbol=eq.NCEM.EGX&order=date.desc&limit=300 "HTTP/2 200 OK"
2026-06-19 19:00:17 [INFO] httpx: HTTP Request: GET https://gfcmaxbtscmizsakarvc.supabase.co/rest/v1/stock_prices?select=date%2Copen%2Chigh%2Clow%2Cclose%2Cvolume&symbol=eq.NCIN.EGX&order=date.desc&limit=300 "HTTP/2 200 OK"
2026-06-19 19:00:17 [INFO] httpx: HTTP Request: GET https://gfcmaxbtscmizsakarvc.supabase.co/rest/v1/stock_prices?select=date%2Copen%2Chigh%2Clow%2Cclose%2Cvolume&symbol=eq.NCGC.EGX&order=date.desc&limit=300 "HTTP/2 200 OK"
2026-06-19 19:00:17 [INFO] httpx: HTTP Request: GET https://gfcmaxbtscmizsakarvc.supabase.co/rest/v1/stock_prices?select=date%2Copen%2Chigh%2Clow%2Cclose%2Cvolume&symbol=eq.NBKE.EGX&order=date.desc&limit=300 "HTTP/2 200 OK"
2026-06-19 19:00:17 [INFO] httpx: HTTP Request: GET https://gfcmaxbtscmizsakarvc.supabase.co/rest/v1/stock_prices?select=date%2Copen%2Chigh%2Clow%2Cclose%2Cvolume&symbol=eq.NCMP.EGX&order=date.desc&limit=300 "HTTP/2 200 OK"
2026-06-19 19:00:17 [INFO] httpx: HTTP Request: GET https://gfcmaxbtscmizsakarvc.supabase.co/rest/v1/stock_prices?select=date%2Copen%2Chigh%2Clow%2Cclose%2Cvolume&symbol=eq.NHPS.EGX&order=date.desc&limit=300 "HTTP/2 200 OK"
2026-06-19 19:00:17 [INFO] httpx: HTTP Request: GET https://gfcmaxbtscmizsakarvc.supabase.co/rest/v1/stock_prices?select=date%2Copen%2Chigh%2Clow%2Cclose%2Cvolume&symbol=eq.NINH.EGX&order=date.desc&limit=300 "HTTP/2 200 OK"
2026-06-19 19:00:17 [INFO] httpx: HTTP Request: GET https://gfcmaxbtscmizsakarvc.supabase.co/rest/v1/stock_prices?select=date%2Copen%2Chigh%2Clow%2Cclose%2Cvolume&symbol=eq.OBRI.EGX&order=date.desc&limit=300 "HTTP/2 200 OK"
2026-06-19 19:00:17 [INFO] httpx: HTTP Request: GET https://gfcmaxbtscmizsakarvc.supabase.co/rest/v1/stock_prices?select=date%2Copen%2Chigh%2Clow%2Cclose%2Cvolume&symbol=eq.NEDA.EGX&order=date.desc&limit=300 "HTTP/2 200 OK"
2026-06-19 19:00:17 [INFO] httpx: HTTP Request: GET https://gfcmaxbtscmizsakarvc.supabase.co/rest/v1/stock_prices?select=date%2Copen%2Chigh%2Clow%2Cclose%2Cvolume&symbol=eq.OCPH.EGX&order=date.desc&limit=300 "HTTP/2 200 OK"
2026-06-19 19:00:17 [INFO] httpx: HTTP Request: GET https://gfcmaxbtscmizsakarvc.supabase.co/rest/v1/stock_prices?select=date%2Copen%2Chigh%2Clow%2Cclose%2Cvolume&symbol=eq.NIPH.EGX&order=date.desc&limit=300 "HTTP/2 200 OK"
2026-06-19 19:00:17 [INFO] httpx: HTTP Request: GET https://gfcmaxbtscmizsakarvc.supabase.co/rest/v1/stock_prices?select=date%2Copen%2Chigh%2Clow%2Cclose%2Cvolume&symbol=eq.OCDI.EGX&order=date.desc&limit=300 "HTTP/2 200 OK"
2026-06-19 19:00:17 [INFO] httpx: HTTP Request: GET https://gfcmaxbtscmizsakarvc.supabase.co/rest/v1/stock_prices?select=date%2Copen%2Chigh%2Clow%2Cclose%2Cvolume&symbol=eq.ODID.EGX&order=date.desc&limit=300 "HTTP/2 200 OK"
2026-06-19 19:00:17 [INFO] httpx: HTTP Request: GET https://gfcmaxbtscmizsakarvc.supabase.co/rest/v1/stock_prices?select=date%2Copen%2Chigh%2Clow%2Cclose%2Cvolume&symbol=eq.ORHD.EGX&order=date.desc&limit=300 "HTTP/2 200 OK"
2026-06-19 19:00:17 [INFO] httpx: HTTP Request: GET https://gfcmaxbtscmizsakarvc.supabase.co/rest/v1/stock_prices?select=date%2Copen%2Chigh%2Clow%2Cclose%2Cvolume&symbol=eq.OIH.EGX&order=date.desc&limit=300 "HTTP/2 200 OK"
2026-06-19 19:00:17 [INFO] httpx: HTTP Request: GET https://gfcmaxbtscmizsakarvc.supabase.co/rest/v1/stock_prices?select=date%2Copen%2Chigh%2Clow%2Cclose%2Cvolume&symbol=eq.OLFI.EGX&order=date.desc&limit=300 "HTTP/2 200 OK"
2026-06-19 19:00:17 [INFO] httpx: HTTP Request: GET https://gfcmaxbtscmizsakarvc.supabase.co/rest/v1/stock_prices?select=date%2Copen%2Chigh%2Clow%2Cclose%2Cvolume&symbol=eq.ORAS.EGX&order=date.desc&limit=300 "HTTP/2 200 OK"
2026-06-19 19:00:17 [INFO] httpx: HTTP Request: GET https://gfcmaxbtscmizsakarvc.supabase.co/rest/v1/stock_prices?select=date%2Copen%2Chigh%2Clow%2Cclose%2Cvolume&symbol=eq.OREG.EGX&order=date.desc&limit=300 "HTTP/2 200 OK"
2026-06-19 19:00:17 [INFO] httpx: HTTP Request: GET https://gfcmaxbtscmizsakarvc.supabase.co/rest/v1/stock_prices?select=date%2Copen%2Chigh%2Clow%2Cclose%2Cvolume&symbol=eq.ORWE.EGX&order=date.desc&limit=300 "HTTP/2 200 OK"
2026-06-19 19:00:17 [INFO] httpx: HTTP Request: GET https://gfcmaxbtscmizsakarvc.supabase.co/rest/v1/stock_prices?select=date%2Copen%2Chigh%2Clow%2Cclose%2Cvolume&symbol=eq.PHDC.EGX&order=date.desc&limit=300 "HTTP/2 200 OK"
2026-06-19 19:00:17 [INFO] httpx: HTTP Request: GET https://gfcmaxbtscmizsakarvc.supabase.co/rest/v1/stock_prices?select=date%2Copen%2Chigh%2Clow%2Cclose%2Cvolume&symbol=eq.ODIN.EGX&order=date.desc&limit=300 "HTTP/2 200 OK"
2026-06-19 19:00:17 [INFO] httpx: HTTP Request: GET https://gfcmaxbtscmizsakarvc.supabase.co/rest/v1/stock_prices?select=date%2Copen%2Chigh%2Clow%2Cclose%2Cvolume&symbol=eq.OFH.EGX&order=date.desc&limit=300 "HTTP/2 200 OK"
2026-06-19 19:00:17 [INFO] httpx: HTTP Request: GET https://gfcmaxbtscmizsakarvc.supabase.co/rest/v1/stock_prices?select=date%2Copen%2Chigh%2Clow%2Cclose%2Cvolume&symbol=eq.ORMT.EGX&order=date.desc&limit=300 "HTTP/2 200 OK"
2026-06-19 19:00:17 [INFO] httpx: HTTP Request: GET https://gfcmaxbtscmizsakarvc.supabase.co/rest/v1/stock_prices?select=date%2Copen%2Chigh%2Clow%2Cclose%2Cvolume&symbol=eq.PACH.EGX&order=date.desc&limit=300 "HTTP/2 200 OK"
2026-06-19 19:00:17 [INFO] httpx: HTTP Request: GET https://gfcmaxbtscmizsakarvc.supabase.co/rest/v1/stock_prices?select=date%2Copen%2Chigh%2Clow%2Cclose%2Cvolume&symbol=eq.PHTV.EGX&order=date.desc&limit=300 "HTTP/2 200 OK"
2026-06-19 19:00:17 [INFO] httpx: HTTP Request: GET https://gfcmaxbtscmizsakarvc.supabase.co/rest/v1/stock_prices?select=date%2Copen%2Chigh%2Clow%2Cclose%2Cvolume&symbol=eq.PHGC.EGX&order=date.desc&limit=300 "HTTP/2 200 OK"
2026-06-19 19:00:17 [INFO] httpx: HTTP Request: GET https://gfcmaxbtscmizsakarvc.supabase.co/rest/v1/stock_prices?select=date%2Copen%2Chigh%2Clow%2Cclose%2Cvolume&symbol=eq.PHAR.EGX&order=date.desc&limit=300 "HTTP/2 200 OK"
2026-06-19 19:00:17 [INFO] httpx: HTTP Request: GET https://gfcmaxbtscmizsakarvc.supabase.co/rest/v1/stock_prices?select=date%2Copen%2Chigh%2Clow%2Cclose%2Cvolume&symbol=eq.PIOH.EGX&order=date.desc&limit=300 "HTTP/2 200 OK"
2026-06-19 19:00:17 [INFO] httpx: HTTP Request: GET https://gfcmaxbtscmizsakarvc.supabase.co/rest/v1/stock_prices?select=date%2Copen%2Chigh%2Clow%2Cclose%2Cvolume&symbol=eq.QNBA.EGX&order=date.desc&limit=300 "HTTP/2 200 OK"
2026-06-19 19:00:17 [INFO] httpx: HTTP Request: GET https://gfcmaxbtscmizsakarvc.supabase.co/rest/v1/stock_prices?select=date%2Copen%2Chigh%2Clow%2Cclose%2Cvolume&symbol=eq.RAYA.EGX&order=date.desc&limit=300 "HTTP/2 200 OK"
2026-06-19 19:00:17 [INFO] httpx: HTTP Request: GET https://gfcmaxbtscmizsakarvc.supabase.co/rest/v1/stock_prices?select=date%2Copen%2Chigh%2Clow%2Cclose%2Cvolume&symbol=eq.RAKT.EGX&order=date.desc&limit=300 "HTTP/2 200 OK"
2026-06-19 19:00:17 [INFO] httpx: HTTP Request: GET https://gfcmaxbtscmizsakarvc.supabase.co/rest/v1/stock_prices?select=date%2Copen%2Chigh%2Clow%2Cclose%2Cvolume&symbol=eq.PRDC.EGX&order=date.desc&limit=300 "HTTP/2 200 OK"
2026-06-19 19:00:17 [INFO] httpx: HTTP Request: GET https://gfcmaxbtscmizsakarvc.supabase.co/rest/v1/stock_prices?select=date%2Copen%2Chigh%2Clow%2Cclose%2Cvolume&symbol=eq.RMDA.EGX&order=date.desc&limit=300 "HTTP/2 200 OK"
2026-06-19 19:00:17 [INFO] httpx: HTTP Request: GET https://gfcmaxbtscmizsakarvc.supabase.co/rest/v1/stock_prices?select=date%2Copen%2Chigh%2Clow%2Cclose%2Cvolume&symbol=eq.RTVC.EGX&order=date.desc&limit=300 "HTTP/2 200 OK"
2026-06-19 19:00:17 [INFO] httpx: HTTP Request: GET https://gfcmaxbtscmizsakarvc.supabase.co/rest/v1/stock_prices?select=date%2Copen%2Chigh%2Clow%2Cclose%2Cvolume&symbol=eq.POUL.EGX&order=date.desc&limit=300 "HTTP/2 200 OK"
2026-06-19 19:00:17 [INFO] httpx: HTTP Request: GET https://gfcmaxbtscmizsakarvc.supabase.co/rest/v1/stock_prices?select=date%2Copen%2Chigh%2Clow%2Cclose%2Cvolume&symbol=eq.PRCL.EGX&order=date.desc&limit=300 "HTTP/2 200 OK"
2026-06-19 19:00:17 [INFO] httpx: HTTP Request: GET https://gfcmaxbtscmizsakarvc.supabase.co/rest/v1/stock_prices?select=date%2Copen%2Chigh%2Clow%2Cclose%2Cvolume&symbol=eq.PRMH.EGX&order=date.desc&limit=300 "HTTP/2 200 OK"
2026-06-19 19:00:17 [INFO] httpx: HTTP Request: GET https://gfcmaxbtscmizsakarvc.supabase.co/rest/v1/stock_prices?select=date%2Copen%2Chigh%2Clow%2Cclose%2Cvolume&symbol=eq.QNBE.EGX&order=date.desc&limit=300 "HTTP/2 200 OK"
2026-06-19 19:00:17 [INFO] httpx: HTTP Request: GET https://gfcmaxbtscmizsakarvc.supabase.co/rest/v1/stock_prices?select=date%2Copen%2Chigh%2Clow%2Cclose%2Cvolume&symbol=eq.RMTV.EGX&order=date.desc&limit=300 "HTTP/2 200 OK"
2026-06-19 19:00:17 [INFO] httpx: HTTP Request: GET https://gfcmaxbtscmizsakarvc.supabase.co/rest/v1/stock_prices?select=date%2Copen%2Chigh%2Clow%2Cclose%2Cvolume&symbol=eq.RACC.EGX&order=date.desc&limit=300 "HTTP/2 200 OK"
2026-06-19 19:00:17 [INFO] httpx: HTTP Request: GET https://gfcmaxbtscmizsakarvc.supabase.co/rest/v1/stock_prices?select=date%2Copen%2Chigh%2Clow%2Cclose%2Cvolume&symbol=eq.RREI.EGX&order=date.desc&limit=300 "HTTP/2 200 OK"
2026-06-19 19:00:17 [INFO] httpx: HTTP Request: GET https://gfcmaxbtscmizsakarvc.supabase.co/rest/v1/stock_prices?select=date%2Copen%2Chigh%2Clow%2Cclose%2Cvolume&symbol=eq.ROTO.EGX&order=date.desc&limit=300 "HTTP/2 200 OK"
2026-06-19 19:00:17 [INFO] httpx: HTTP Request: GET https://gfcmaxbtscmizsakarvc.supabase.co/rest/v1/stock_prices?select=date%2Copen%2Chigh%2Clow%2Cclose%2Cvolume&symbol=eq.SDTI.EGX&order=date.desc&limit=300 "HTTP/2 200 OK"
2026-06-19 19:00:17 [INFO] httpx: HTTP Request: GET https://gfcmaxbtscmizsakarvc.supabase.co/rest/v1/stock_prices?select=date%2Copen%2Chigh%2Clow%2Cclose%2Cvolume&symbol=eq.SKPC.EGX&order=date.desc&limit=300 "HTTP/2 200 OK"
2026-06-19 19:00:17 [INFO] httpx: HTTP Request: GET https://gfcmaxbtscmizsakarvc.supabase.co/rest/v1/stock_prices?select=date%2Copen%2Chigh%2Clow%2Cclose%2Cvolume&symbol=eq.RUBX.EGX&order=date.desc&limit=300 "HTTP/2 200 OK"
2026-06-19 19:00:17 [INFO] httpx: HTTP Request: GET https://gfcmaxbtscmizsakarvc.supabase.co/rest/v1/stock_prices?select=date%2Copen%2Chigh%2Clow%2Cclose%2Cvolume&symbol=eq.SCFM.EGX&order=date.desc&limit=300 "HTTP/2 200 OK"
2026-06-19 19:00:17 [INFO] httpx: HTTP Request: GET https://gfcmaxbtscmizsakarvc.supabase.co/rest/v1/stock_prices?select=date%2Copen%2Chigh%2Clow%2Cclose%2Cvolume&symbol=eq.SBAG.EGX&order=date.desc&limit=300 "HTTP/2 200 OK"
2026-06-19 19:00:17 [INFO] httpx: HTTP Request: GET https://gfcmaxbtscmizsakarvc.supabase.co/rest/v1/stock_prices?select=date%2Copen%2Chigh%2Clow%2Cclose%2Cvolume&symbol=eq.SCTS.EGX&order=date.desc&limit=300 "HTTP/2 200 OK"
2026-06-19 19:00:17 [INFO] httpx: HTTP Request: GET https://gfcmaxbtscmizsakarvc.supabase.co/rest/v1/stock_prices?select=date%2Copen%2Chigh%2Clow%2Cclose%2Cvolume&symbol=eq.SCEM.EGX&order=date.desc&limit=300 "HTTP/2 200 OK"
2026-06-19 19:00:17 [INFO] httpx: HTTP Request: GET https://gfcmaxbtscmizsakarvc.supabase.co/rest/v1/stock_prices?select=date%2Copen%2Chigh%2Clow%2Cclose%2Cvolume&symbol=eq.SAUD.EGX&order=date.desc&limit=300 "HTTP/2 200 OK"
2026-06-19 19:00:17 [INFO] httpx: HTTP Request: GET https://gfcmaxbtscmizsakarvc.supabase.co/rest/v1/stock_prices?select=date%2Copen%2Chigh%2Clow%2Cclose%2Cvolume&symbol=eq.SIMO.EGX&order=date.desc&limit=300 "HTTP/2 200 OK"
2026-06-19 19:00:17 [INFO] httpx: HTTP Request: GET https://gfcmaxbtscmizsakarvc.supabase.co/rest/v1/stock_prices?select=date%2Copen%2Chigh%2Clow%2Cclose%2Cvolume&symbol=eq.SEIGA.EGX&order=date.desc&limit=300 "HTTP/2 200 OK"
2026-06-19 19:00:17 [INFO] httpx: HTTP Request: GET https://gfcmaxbtscmizsakarvc.supabase.co/rest/v1/stock_prices?select=date%2Copen%2Chigh%2Clow%2Cclose%2Cvolume&symbol=eq.SEIG.EGX&order=date.desc&limit=300 "HTTP/2 200 OK"
2026-06-19 19:00:17 [INFO] httpx: HTTP Request: GET https://gfcmaxbtscmizsakarvc.supabase.co/rest/v1/stock_prices?select=date%2Copen%2Chigh%2Clow%2Cclose%2Cvolume&symbol=eq.SMCS.EGX&order=date.desc&limit=300 "HTTP/2 200 OK"
2026-06-19 19:00:17 [INFO] httpx: HTTP Request: GET https://gfcmaxbtscmizsakarvc.supabase.co/rest/v1/stock_prices?select=date%2Copen%2Chigh%2Clow%2Cclose%2Cvolume&symbol=eq.SMCSA.EGX&order=date.desc&limit=300 "HTTP/2 200 OK"
2026-06-19 19:00:17 [INFO] httpx: HTTP Request: GET https://gfcmaxbtscmizsakarvc.supabase.co/rest/v1/stock_prices?select=date%2Copen%2Chigh%2Clow%2Cclose%2Cvolume&symbol=eq.SMFR.EGX&order=date.desc&limit=300 "HTTP/2 200 OK"
2026-06-19 19:00:17 [INFO] httpx: HTTP Request: GET https://gfcmaxbtscmizsakarvc.supabase.co/rest/v1/stock_prices?select=date%2Copen%2Chigh%2Clow%2Cclose%2Cvolume&symbol=eq.SIPC.EGX&order=date.desc&limit=300 "HTTP/2 200 OK"
2026-06-19 19:00:17 [INFO] httpx: HTTP Request: GET https://gfcmaxbtscmizsakarvc.supabase.co/rest/v1/stock_prices?select=date%2Copen%2Chigh%2Clow%2Cclose%2Cvolume&symbol=eq.SPIN.EGX&order=date.desc&limit=300 "HTTP/2 200 OK"
2026-06-19 19:00:18 [INFO] httpx: HTTP Request: GET https://gfcmaxbtscmizsakarvc.supabase.co/rest/v1/stock_prices?select=date%2Copen%2Chigh%2Clow%2Cclose%2Cvolume&symbol=eq.SUCE.EGX&order=date.desc&limit=300 "HTTP/2 200 OK"
2026-06-19 19:00:18 [INFO] httpx: HTTP Request: GET https://gfcmaxbtscmizsakarvc.supabase.co/rest/v1/stock_prices?select=date%2Copen%2Chigh%2Clow%2Cclose%2Cvolume&symbol=eq.TANM.EGX&order=date.desc&limit=300 "HTTP/2 200 OK"
2026-06-19 19:00:18 [INFO] httpx: HTTP Request: GET https://gfcmaxbtscmizsakarvc.supabase.co/rest/v1/stock_prices?select=date%2Copen%2Chigh%2Clow%2Cclose%2Cvolume&symbol=eq.SRWA.EGX&order=date.desc&limit=300 "HTTP/2 200 OK"
2026-06-19 19:00:18 [INFO] httpx: HTTP Request: GET https://gfcmaxbtscmizsakarvc.supabase.co/rest/v1/stock_prices?select=date%2Copen%2Chigh%2Clow%2Cclose%2Cvolume&symbol=eq.SUGR.EGX&order=date.desc&limit=300 "HTTP/2 200 OK"
2026-06-19 19:00:18 [INFO] httpx: HTTP Request: GET https://gfcmaxbtscmizsakarvc.supabase.co/rest/v1/stock_prices?select=date%2Copen%2Chigh%2Clow%2Cclose%2Cvolume&symbol=eq.TAQA.EGX&order=date.desc&limit=300 "HTTP/2 200 OK"
2026-06-19 19:00:18 [INFO] httpx: HTTP Request: GET https://gfcmaxbtscmizsakarvc.supabase.co/rest/v1/stock_prices?select=date%2Copen%2Chigh%2Clow%2Cclose%2Cvolume&symbol=eq.SMPP.EGX&order=date.desc&limit=300 "HTTP/2 200 OK"
2026-06-19 19:00:18 [INFO] httpx: HTTP Request: GET https://gfcmaxbtscmizsakarvc.supabase.co/rest/v1/stock_prices?select=date%2Copen%2Chigh%2Clow%2Cclose%2Cvolume&symbol=eq.SPMD.EGX&order=date.desc&limit=300 "HTTP/2 200 OK"
2026-06-19 19:00:18 [INFO] httpx: HTTP Request: GET https://gfcmaxbtscmizsakarvc.supabase.co/rest/v1/stock_prices?select=date%2Copen%2Chigh%2Clow%2Cclose%2Cvolume&symbol=eq.SNFC.EGX&order=date.desc&limit=300 "HTTP/2 200 OK"
2026-06-19 19:00:18 [INFO] httpx: HTTP Request: GET https://gfcmaxbtscmizsakarvc.supabase.co/rest/v1/stock_prices?select=date%2Copen%2Chigh%2Clow%2Cclose%2Cvolume&symbol=eq.SWDY.EGX&order=date.desc&limit=300 "HTTP/2 200 OK"
2026-06-19 19:00:18 [INFO] httpx: HTTP Request: GET https://gfcmaxbtscmizsakarvc.supabase.co/rest/v1/stock_prices?select=date%2Copen%2Chigh%2Clow%2Cclose%2Cvolume&symbol=eq.TALM.EGX&order=date.desc&limit=300 "HTTP/2 200 OK"
2026-06-19 19:00:18 [INFO] httpx: HTTP Request: GET https://gfcmaxbtscmizsakarvc.supabase.co/rest/v1/stock_prices?select=date%2Copen%2Chigh%2Clow%2Cclose%2Cvolume&symbol=eq.SVCE.EGX&order=date.desc&limit=300 "HTTP/2 200 OK"
2026-06-19 19:00:18 [INFO] httpx: HTTP Request: GET https://gfcmaxbtscmizsakarvc.supabase.co/rest/v1/stock_prices?select=date%2Copen%2Chigh%2Clow%2Cclose%2Cvolume&symbol=eq.TOUR.EGX&order=date.desc&limit=300 "HTTP/2 200 OK"
2026-06-19 19:00:18 [INFO] httpx: HTTP Request: GET https://gfcmaxbtscmizsakarvc.supabase.co/rest/v1/stock_prices?select=date%2Copen%2Chigh%2Clow%2Cclose%2Cvolume&symbol=eq.TORA.EGX&order=date.desc&limit=300 "HTTP/2 200 OK"
2026-06-19 19:00:18 [INFO] httpx: HTTP Request: GET https://gfcmaxbtscmizsakarvc.supabase.co/rest/v1/stock_prices?select=date%2Copen%2Chigh%2Clow%2Cclose%2Cvolume&symbol=eq.TMGH.EGX&order=date.desc&limit=300 "HTTP/2 200 OK"
2026-06-19 19:00:18 [INFO] httpx: HTTP Request: GET https://gfcmaxbtscmizsakarvc.supabase.co/rest/v1/stock_prices?select=date%2Copen%2Chigh%2Clow%2Cclose%2Cvolume&symbol=eq.TRTO.EGX&order=date.desc&limit=300 "HTTP/2 200 OK"
2026-06-19 19:00:18 [INFO] httpx: HTTP Request: GET https://gfcmaxbtscmizsakarvc.supabase.co/rest/v1/stock_prices?select=date%2Copen%2Chigh%2Clow%2Cclose%2Cvolume&symbol=eq.TWSA.EGX&order=date.desc&limit=300 "HTTP/2 200 OK"
2026-06-19 19:00:18 [INFO] httpx: HTTP Request: GET https://gfcmaxbtscmizsakarvc.supabase.co/rest/v1/stock_prices?select=date%2Copen%2Chigh%2Clow%2Cclose%2Cvolume&symbol=eq.TYCN.EGX&order=date.desc&limit=300 "HTTP/2 200 OK"
2026-06-19 19:00:18 [INFO] httpx: HTTP Request: GET https://gfcmaxbtscmizsakarvc.supabase.co/rest/v1/stock_prices?select=date%2Copen%2Chigh%2Clow%2Cclose%2Cvolume&symbol=eq.UASG.EGX&order=date.desc&limit=300 "HTTP/2 200 OK"
2026-06-19 19:00:18 [INFO] httpx: HTTP Request: GET https://gfcmaxbtscmizsakarvc.supabase.co/rest/v1/stock_prices?select=date%2Copen%2Chigh%2Clow%2Cclose%2Cvolume&symbol=eq.UEFM.EGX&order=date.desc&limit=300 "HTTP/2 200 OK"
2026-06-19 19:00:18 [INFO] httpx: HTTP Request: GET https://gfcmaxbtscmizsakarvc.supabase.co/rest/v1/stock_prices?select=date%2Copen%2Chigh%2Clow%2Cclose%2Cvolume&symbol=eq.UEGC.EGX&order=date.desc&limit=300 "HTTP/2 200 OK"
2026-06-19 19:00:18 [INFO] httpx: HTTP Request: GET https://gfcmaxbtscmizsakarvc.supabase.co/rest/v1/stock_prices?select=date%2Copen%2Chigh%2Clow%2Cclose%2Cvolume&symbol=eq.UNBE.EGX&order=date.desc&limit=300 "HTTP/2 200 OK"
2026-06-19 19:00:18 [INFO] httpx: HTTP Request: GET https://gfcmaxbtscmizsakarvc.supabase.co/rest/v1/stock_prices?select=date%2Copen%2Chigh%2Clow%2Cclose%2Cvolume&symbol=eq.UNIT.EGX&order=date.desc&limit=300 "HTTP/2 200 OK"
2026-06-19 19:00:18 [INFO] httpx: HTTP Request: GET https://gfcmaxbtscmizsakarvc.supabase.co/rest/v1/stock_prices?select=date%2Copen%2Chigh%2Clow%2Cclose%2Cvolume&symbol=eq.UTOP.EGX&order=date.desc&limit=300 "HTTP/2 200 OK"
2026-06-19 19:00:18 [INFO] httpx: HTTP Request: GET https://gfcmaxbtscmizsakarvc.supabase.co/rest/v1/stock_prices?select=date%2Copen%2Chigh%2Clow%2Cclose%2Cvolume&symbol=eq.VALU.EGX&order=date.desc&limit=300 "HTTP/2 200 OK"
2026-06-19 19:00:18 [INFO] httpx: HTTP Request: GET https://gfcmaxbtscmizsakarvc.supabase.co/rest/v1/stock_prices?select=date%2Copen%2Chigh%2Clow%2Cclose%2Cvolume&symbol=eq.WACE.EGX&order=date.desc&limit=300 "HTTP/2 200 OK"
2026-06-19 19:00:18 [INFO] httpx: HTTP Request: GET https://gfcmaxbtscmizsakarvc.supabase.co/rest/v1/stock_prices?select=date%2Copen%2Chigh%2Clow%2Cclose%2Cvolume&symbol=eq.UNIP.EGX&order=date.desc&limit=300 "HTTP/2 200 OK"
2026-06-19 19:00:18 [INFO] httpx: HTTP Request: GET https://gfcmaxbtscmizsakarvc.supabase.co/rest/v1/stock_prices?select=date%2Copen%2Chigh%2Clow%2Cclose%2Cvolume&symbol=eq.VLMRA.EGX&order=date.desc&limit=300 "HTTP/2 200 OK"
2026-06-19 19:00:18 [INFO] httpx: HTTP Request: GET https://gfcmaxbtscmizsakarvc.supabase.co/rest/v1/stock_prices?select=date%2Copen%2Chigh%2Clow%2Cclose%2Cvolume&symbol=eq.WATP.EGX&order=date.desc&limit=300 "HTTP/2 200 OK"
2026-06-19 19:00:18 [INFO] httpx: HTTP Request: GET https://gfcmaxbtscmizsakarvc.supabase.co/rest/v1/stock_prices?select=date%2Copen%2Chigh%2Clow%2Cclose%2Cvolume&symbol=eq.WCDF.EGX&order=date.desc&limit=300 "HTTP/2 200 OK"
2026-06-19 19:00:18 [INFO] httpx: HTTP Request: GET https://gfcmaxbtscmizsakarvc.supabase.co/rest/v1/stock_prices?select=date%2Copen%2Chigh%2Clow%2Cclose%2Cvolume&symbol=eq.ZMID.EGX&order=date.desc&limit=300 "HTTP/2 200 OK"
2026-06-19 19:00:18 [INFO] httpx: HTTP Request: GET https://gfcmaxbtscmizsakarvc.supabase.co/rest/v1/stock_prices?select=date%2Copen%2Chigh%2Clow%2Cclose%2Cvolume&symbol=eq.ZEOT.EGX&order=date.desc&limit=300 "HTTP/2 200 OK"
2026-06-19 19:00:18 [INFO] httpx: HTTP Request: GET https://gfcmaxbtscmizsakarvc.supabase.co/rest/v1/stock_prices?select=date%2Copen%2Chigh%2Clow%2Cclose%2Cvolume&symbol=eq.UBEE.EGX&order=date.desc&limit=300 "HTTP/2 200 OK"
2026-06-19 19:00:18 [INFO] httpx: HTTP Request: GET https://gfcmaxbtscmizsakarvc.supabase.co/rest/v1/stock_prices?select=date%2Copen%2Chigh%2Clow%2Cclose%2Cvolume&symbol=eq.WKOL.EGX&order=date.desc&limit=300 "HTTP/2 200 OK"
2026-06-19 19:00:19 [INFO] httpx: HTTP Request: GET https://gfcmaxbtscmizsakarvc.supabase.co/rest/v1/positions?select=%2A&status=eq.open "HTTP/2 200 OK"
2026-06-19 19:00:19 [INFO] httpx: HTTP Request: GET https://gfcmaxbtscmizsakarvc.supabase.co/rest/v1/stock_prices?select=date%2Copen%2Chigh%2Clow%2Cclose%2Cvolume&symbol=eq.000325.EGX&exchange=eq.EGX&order=date.desc&limit=1 "HTTP/2 200 OK"
2026-06-19 19:00:28 [INFO] httpx: HTTP Request: GET https://gfcmaxbtscmizsakarvc.supabase.co/rest/v1/stock_prices?select=date%2Copen%2Chigh%2Clow%2Cclose%2Cvolume&symbol=eq.000325.EGX&order=date.desc&limit=1 "HTTP/2 500 Internal Server Error"
2026-06-19 19:00:28 [INFO] httpx: HTTP Request: GET https://gfcmaxbtscmizsakarvc.supabase.co/rest/v1/scan_results?select=%2A&status=eq.open "HTTP/2 200 OK"
2026-06-19 19:00:29 [INFO] httpx: HTTP Request: GET https://gfcmaxbtscmizsakarvc.supabase.co/rest/v1/stock_prices?select=date%2Chigh%2Clow%2Cclose&symbol=eq.PACH.EGX&date=gte.2026-06-13&order=date "HTTP/2 200 OK"
2026-06-19 19:00:29 [INFO] httpx: HTTP Request: GET https://gfcmaxbtscmizsakarvc.supabase.co/rest/v1/stock_prices?select=date%2Chigh%2Clow%2Cclose&symbol=eq.EHDR.EGX&date=gte.2026-06-13&order=date "HTTP/2 200 OK"
2026-06-19 19:00:30 [INFO] httpx: HTTP Request: GET https://gfcmaxbtscmizsakarvc.supabase.co/rest/v1/stock_prices?select=date%2Chigh%2Clow%2Cclose&symbol=eq.MPCO.EGX&date=gte.2026-06-13&order=date "HTTP/2 200 OK"
2026-06-19 19:00:31 [INFO] httpx: HTTP Request: GET https://gfcmaxbtscmizsakarvc.supabase.co/rest/v1/stock_prices?select=date%2Chigh%2Clow%2Cclose&symbol=eq.GPIM.EGX&date=gte.2026-06-13&order=date "HTTP/2 200 OK"
2026-06-19 19:00:31 [INFO] httpx: HTTP Request: GET https://gfcmaxbtscmizsakarvc.supabase.co/rest/v1/stock_prices?select=date%2Chigh%2Clow%2Cclose&symbol=eq.COSG.EGX&date=gte.2026-06-13&order=date "HTTP/2 200 OK"
2026-06-19 19:00:33 [INFO] httpx: HTTP Request: GET https://gfcmaxbtscmizsakarvc.supabase.co/rest/v1/stock_prices?select=date%2Chigh%2Clow%2Cclose&symbol=eq.ROTO.EGX&date=gte.2026-06-19&order=date "HTTP/2 200 OK"
2026-06-19 19:00:33 [INFO] httpx: HTTP Request: GET https://gfcmaxbtscmizsakarvc.supabase.co/rest/v1/stock_prices?select=date%2Chigh%2Clow%2Cclose&symbol=eq.TYCN.EGX&date=gte.2026-06-19&order=date "HTTP/2 200 OK"
2026-06-19 19:00:34 [INFO] httpx: HTTP Request: GET https://gfcmaxbtscmizsakarvc.supabase.co/rest/v1/stock_prices?select=date%2Chigh%2Clow%2Cclose&symbol=eq.ROTO.EGX&date=gte.2026-06-19&order=date "HTTP/2 200 OK"
2026-06-19 19:00:35 [INFO] httpx: HTTP Request: GET https://gfcmaxbtscmizsakarvc.supabase.co/rest/v1/stock_prices?select=date%2Chigh%2Clow%2Cclose&symbol=eq.TYCN.EGX&date=gte.2026-06-19&order=date "HTTP/2 200 OK"
2026-06-19 19:00:36 [INFO] httpx: HTTP Request: GET https://gfcmaxbtscmizsakarvc.supabase.co/rest/v1/stock_prices?select=date%2Chigh%2Clow%2Cclose&symbol=eq.ROTO.EGX&date=gte.2026-06-19&order=date "HTTP/2 200 OK"
2026-06-19 19:00:36 [INFO] httpx: HTTP Request: GET https://gfcmaxbtscmizsakarvc.supabase.co/rest/v1/stock_prices?select=date%2Chigh%2Clow%2Cclose&symbol=eq.TYCN.EGX&date=gte.2026-06-19&order=date "HTTP/2 200 OK"
2026-06-19 19:00:37 [INFO] httpx: HTTP Request: GET https://gfcmaxbtscmizsakarvc.supabase.co/rest/v1/stock_prices?select=symbol%2Cexchange%2Cdate%2Copen%2Chigh%2Clow%2Cclose%2Cvolume&exchange=eq.EGX&date=gte.2025-08-23&order=symbol%2Cdate&offset=0&limit=1000 "HTTP/2 206 Partial Content"
2026-06-19 19:00:38 [INFO] httpx: HTTP Request: GET https://gfcmaxbtscmizsakarvc.supabase.co/rest/v1/stock_prices?select=symbol%2Cexchange%2Cdate%2Copen%2Chigh%2Clow%2Cclose%2Cvolume&exchange=eq.EGX&date=gte.2025-08-23&order=symbol%2Cdate&offset=1000&limit=1000 "HTTP/2 200 OK"
2026-06-19 19:00:38 [INFO] httpx: HTTP Request: GET https://gfcmaxbtscmizsakarvc.supabase.co/rest/v1/stock_prices?select=symbol%2Cexchange%2Cdate%2Copen%2Chigh%2Clow%2Cclose%2Cvolume&exchange=eq.EGX&date=gte.2025-08-23&order=symbol%2Cdate&offset=2000&limit=1000 "HTTP/2 200 OK"
2026-06-19 19:00:38 [INFO] httpx: HTTP Request: GET https://gfcmaxbtscmizsakarvc.supabase.co/rest/v1/stock_prices?select=symbol%2Cexchange%2Cdate%2Copen%2Chigh%2Clow%2Cclose%2Cvolume&exchange=eq.EGX&date=gte.2025-08-23&order=symbol%2Cdate&offset=4000&limit=1000 "HTTP/2 200 OK"
2026-06-19 19:00:38 [INFO] httpx: HTTP Request: GET https://gfcmaxbtscmizsakarvc.supabase.co/rest/v1/stock_prices?select=symbol%2Cexchange%2Cdate%2Copen%2Chigh%2Clow%2Cclose%2Cvolume&exchange=eq.EGX&date=gte.2025-08-23&order=symbol%2Cdate&offset=3000&limit=1000 "HTTP/2 200 OK"
2026-06-19 19:00:39 [INFO] httpx: HTTP Request: GET https://gfcmaxbtscmizsakarvc.supabase.co/rest/v1/stock_prices?select=symbol%2Cexchange%2Cdate%2Copen%2Chigh%2Clow%2Cclose%2Cvolume&exchange=eq.EGX&date=gte.2025-08-23&order=symbol%2Cdate&offset=5000&limit=1000 "HTTP/2 200 OK"
2026-06-19 19:00:39 [INFO] httpx: HTTP Request: GET https://gfcmaxbtscmizsakarvc.supabase.co/rest/v1/stock_prices?select=symbol%2Cexchange%2Cdate%2Copen%2Chigh%2Clow%2Cclose%2Cvolume&exchange=eq.EGX&date=gte.2025-08-23&order=symbol%2Cdate&offset=6000&limit=1000 "HTTP/2 200 OK"
2026-06-19 19:00:39 [INFO] httpx: HTTP Request: GET https://gfcmaxbtscmizsakarvc.supabase.co/rest/v1/stock_prices?select=symbol%2Cexchange%2Cdate%2Copen%2Chigh%2Clow%2Cclose%2Cvolume&exchange=eq.EGX&date=gte.2025-08-23&order=symbol%2Cdate&offset=8000&limit=1000 "HTTP/2 200 OK"
2026-06-19 19:00:39 [INFO] httpx: HTTP Request: GET https://gfcmaxbtscmizsakarvc.supabase.co/rest/v1/stock_prices?select=symbol%2Cexchange%2Cdate%2Copen%2Chigh%2Clow%2Cclose%2Cvolume&exchange=eq.EGX&date=gte.2025-08-23&order=symbol%2Cdate&offset=7000&limit=1000 "HTTP/2 200 OK"
2026-06-19 19:00:39 [INFO] httpx: HTTP Request: GET https://gfcmaxbtscmizsakarvc.supabase.co/rest/v1/stock_prices?select=symbol%2Cexchange%2Cdate%2Copen%2Chigh%2Clow%2Cclose%2Cvolume&exchange=eq.EGX&date=gte.2025-08-23&order=symbol%2Cdate&offset=9000&limit=1000 "HTTP/2 200 OK"
2026-06-19 19:00:39 [INFO] httpx: HTTP Request: GET https://gfcmaxbtscmizsakarvc.supabase.co/rest/v1/stock_prices?select=symbol%2Cexchange%2Cdate%2Copen%2Chigh%2Clow%2Cclose%2Cvolume&exchange=eq.EGX&date=gte.2025-08-23&order=symbol%2Cdate&offset=10000&limit=1000 "HTTP/2 200 OK"
2026-06-19 19:00:39 [INFO] httpx: HTTP Request: GET https://gfcmaxbtscmizsakarvc.supabase.co/rest/v1/stock_prices?select=symbol%2Cexchange%2Cdate%2Copen%2Chigh%2Clow%2Cclose%2Cvolume&exchange=eq.EGX&date=gte.2025-08-23&order=symbol%2Cdate&offset=11000&limit=1000 "HTTP/2 200 OK"
2026-06-19 19:00:40 [INFO] httpx: HTTP Request: GET https://gfcmaxbtscmizsakarvc.supabase.co/rest/v1/stock_prices?select=symbol%2Cexchange%2Cdate%2Copen%2Chigh%2Clow%2Cclose%2Cvolume&exchange=eq.EGX&date=gte.2025-08-23&order=symbol%2Cdate&offset=12000&limit=1000 "HTTP/2 200 OK"
2026-06-19 19:00:40 [INFO] httpx: HTTP Request: GET https://gfcmaxbtscmizsakarvc.supabase.co/rest/v1/stock_prices?select=symbol%2Cexchange%2Cdate%2Copen%2Chigh%2Clow%2Cclose%2Cvolume&exchange=eq.EGX&date=gte.2025-08-23&order=symbol%2Cdate&offset=13000&limit=1000 "HTTP/2 200 OK"
2026-06-19 19:00:40 [INFO] httpx: HTTP Request: GET https://gfcmaxbtscmizsakarvc.supabase.co/rest/v1/stock_prices?select=symbol%2Cexchange%2Cdate%2Copen%2Chigh%2Clow%2Cclose%2Cvolume&exchange=eq.EGX&date=gte.2025-08-23&order=symbol%2Cdate&offset=14000&limit=1000 "HTTP/2 200 OK"
2026-06-19 19:00:40 [INFO] httpx: HTTP Request: GET https://gfcmaxbtscmizsakarvc.supabase.co/rest/v1/stock_prices?select=symbol%2Cexchange%2Cdate%2Copen%2Chigh%2Clow%2Cclose%2Cvolume&exchange=eq.EGX&date=gte.2025-08-23&order=symbol%2Cdate&offset=15000&limit=1000 "HTTP/2 200 OK"
2026-06-19 19:00:40 [INFO] httpx: HTTP Request: GET https://gfcmaxbtscmizsakarvc.supabase.co/rest/v1/stock_prices?select=symbol%2Cexchange%2Cdate%2Copen%2Chigh%2Clow%2Cclose%2Cvolume&exchange=eq.EGX&date=gte.2025-08-23&order=symbol%2Cdate&offset=16000&limit=1000 "HTTP/2 200 OK"
2026-06-19 19:00:40 [INFO] httpx: HTTP Request: GET https://gfcmaxbtscmizsakarvc.supabase.co/rest/v1/stock_prices?select=symbol%2Cexchange%2Cdate%2Copen%2Chigh%2Clow%2Cclose%2Cvolume&exchange=eq.EGX&date=gte.2025-08-23&order=symbol%2Cdate&offset=17000&limit=1000 "HTTP/2 200 OK"
2026-06-19 19:00:40 [INFO] httpx: HTTP Request: GET https://gfcmaxbtscmizsakarvc.supabase.co/rest/v1/stock_prices?select=symbol%2Cexchange%2Cdate%2Copen%2Chigh%2Clow%2Cclose%2Cvolume&exchange=eq.EGX&date=gte.2025-08-23&order=symbol%2Cdate&offset=19000&limit=1000 "HTTP/2 200 OK"
2026-06-19 19:00:40 [INFO] httpx: HTTP Request: GET https://gfcmaxbtscmizsakarvc.supabase.co/rest/v1/stock_prices?select=symbol%2Cexchange%2Cdate%2Copen%2Chigh%2Clow%2Cclose%2Cvolume&exchange=eq.EGX&date=gte.2025-08-23&order=symbol%2Cdate&offset=18000&limit=1000 "HTTP/2 200 OK"
2026-06-19 19:00:41 [INFO] httpx: HTTP Request: GET https://gfcmaxbtscmizsakarvc.supabase.co/rest/v1/stock_prices?select=symbol%2Cexchange%2Cdate%2Copen%2Chigh%2Clow%2Cclose%2Cvolume&exchange=eq.EGX&date=gte.2025-08-23&order=symbol%2Cdate&offset=20000&limit=1000 "HTTP/2 200 OK"
2026-06-19 19:00:41 [INFO] httpx: HTTP Request: GET https://gfcmaxbtscmizsakarvc.supabase.co/rest/v1/stock_prices?select=symbol%2Cexchange%2Cdate%2Copen%2Chigh%2Clow%2Cclose%2Cvolume&exchange=eq.EGX&date=gte.2025-08-23&order=symbol%2Cdate&offset=21000&limit=1000 "HTTP/2 200 OK"
2026-06-19 19:00:41 [INFO] httpx: HTTP Request: GET https://gfcmaxbtscmizsakarvc.supabase.co/rest/v1/stock_prices?select=symbol%2Cexchange%2Cdate%2Copen%2Chigh%2Clow%2Cclose%2Cvolume&exchange=eq.EGX&date=gte.2025-08-23&order=symbol%2Cdate&offset=22000&limit=1000 "HTTP/2 200 OK"
2026-06-19 19:00:41 [INFO] httpx: HTTP Request: GET https://gfcmaxbtscmizsakarvc.supabase.co/rest/v1/stock_prices?select=symbol%2Cexchange%2Cdate%2Copen%2Chigh%2Clow%2Cclose%2Cvolume&exchange=eq.EGX&date=gte.2025-08-23&order=symbol%2Cdate&offset=23000&limit=1000 "HTTP/2 200 OK"
2026-06-19 19:00:41 [INFO] httpx: HTTP Request: GET https://gfcmaxbtscmizsakarvc.supabase.co/rest/v1/stock_prices?select=symbol%2Cexchange%2Cdate%2Copen%2Chigh%2Clow%2Cclose%2Cvolume&exchange=eq.EGX&date=gte.2025-08-23&order=symbol%2Cdate&offset=24000&limit=1000 "HTTP/2 200 OK"
2026-06-19 19:00:42 [INFO] httpx: HTTP Request: GET https://gfcmaxbtscmizsakarvc.supabase.co/rest/v1/stock_prices?select=symbol%2Cexchange%2Cdate%2Copen%2Chigh%2Clow%2Cclose%2Cvolume&exchange=eq.EGX&date=gte.2025-08-23&order=symbol%2Cdate&offset=26000&limit=1000 "HTTP/2 200 OK"
2026-06-19 19:00:42 [INFO] httpx: HTTP Request: GET https://gfcmaxbtscmizsakarvc.supabase.co/rest/v1/stock_prices?select=symbol%2Cexchange%2Cdate%2Copen%2Chigh%2Clow%2Cclose%2Cvolume&exchange=eq.EGX&date=gte.2025-08-23&order=symbol%2Cdate&offset=25000&limit=1000 "HTTP/2 200 OK"
2026-06-19 19:00:42 [INFO] httpx: HTTP Request: GET https://gfcmaxbtscmizsakarvc.supabase.co/rest/v1/stock_prices?select=symbol%2Cexchange%2Cdate%2Copen%2Chigh%2Clow%2Cclose%2Cvolume&exchange=eq.EGX&date=gte.2025-08-23&order=symbol%2Cdate&offset=27000&limit=1000 "HTTP/2 200 OK"
2026-06-19 19:00:42 [INFO] httpx: HTTP Request: GET https://gfcmaxbtscmizsakarvc.supabase.co/rest/v1/stock_prices?select=symbol%2Cexchange%2Cdate%2Copen%2Chigh%2Clow%2Cclose%2Cvolume&exchange=eq.EGX&date=gte.2025-08-23&order=symbol%2Cdate&offset=29000&limit=1000 "HTTP/2 200 OK"
2026-06-19 19:00:42 [INFO] httpx: HTTP Request: GET https://gfcmaxbtscmizsakarvc.supabase.co/rest/v1/stock_prices?select=symbol%2Cexchange%2Cdate%2Copen%2Chigh%2Clow%2Cclose%2Cvolume&exchange=eq.EGX&date=gte.2025-08-23&order=symbol%2Cdate&offset=30000&limit=1000 "HTTP/2 200 OK"
2026-06-19 19:00:42 [INFO] httpx: HTTP Request: GET https://gfcmaxbtscmizsakarvc.supabase.co/rest/v1/stock_prices?select=symbol%2Cexchange%2Cdate%2Copen%2Chigh%2Clow%2Cclose%2Cvolume&exchange=eq.EGX&date=gte.2025-08-23&order=symbol%2Cdate&offset=28000&limit=1000 "HTTP/2 200 OK"
2026-06-19 19:00:43 [INFO] httpx: HTTP Request: GET https://gfcmaxbtscmizsakarvc.supabase.co/rest/v1/stock_prices?select=symbol%2Cexchange%2Cdate%2Copen%2Chigh%2Clow%2Cclose%2Cvolume&exchange=eq.EGX&date=gte.2025-08-23&order=symbol%2Cdate&offset=31000&limit=1000 "HTTP/2 200 OK"
2026-06-19 19:00:43 [INFO] httpx: HTTP Request: GET https://gfcmaxbtscmizsakarvc.supabase.co/rest/v1/stock_prices?select=symbol%2Cexchange%2Cdate%2Copen%2Chigh%2Clow%2Cclose%2Cvolume&exchange=eq.EGX&date=gte.2025-08-23&order=symbol%2Cdate&offset=32000&limit=1000 "HTTP/2 200 OK"
2026-06-19 19:00:43 [INFO] httpx: HTTP Request: GET https://gfcmaxbtscmizsakarvc.supabase.co/rest/v1/stock_prices?select=symbol%2Cexchange%2Cdate%2Copen%2Chigh%2Clow%2Cclose%2Cvolume&exchange=eq.EGX&date=gte.2025-08-23&order=symbol%2Cdate&offset=34000&limit=1000 "HTTP/2 200 OK"
2026-06-19 19:00:43 [INFO] httpx: HTTP Request: GET https://gfcmaxbtscmizsakarvc.supabase.co/rest/v1/stock_prices?select=symbol%2Cexchange%2Cdate%2Copen%2Chigh%2Clow%2Cclose%2Cvolume&exchange=eq.EGX&date=gte.2025-08-23&order=symbol%2Cdate&offset=33000&limit=1000 "HTTP/2 200 OK"
2026-06-19 19:00:44 [INFO] httpx: HTTP Request: GET https://gfcmaxbtscmizsakarvc.supabase.co/rest/v1/stock_prices?select=symbol%2Cexchange%2Cdate%2Copen%2Chigh%2Clow%2Cclose%2Cvolume&exchange=eq.EGX&date=gte.2025-08-23&order=symbol%2Cdate&offset=35000&limit=1000 "HTTP/2 200 OK"
2026-06-19 19:00:44 [INFO] httpx: HTTP Request: GET https://gfcmaxbtscmizsakarvc.supabase.co/rest/v1/stock_prices?select=symbol%2Cexchange%2Cdate%2Copen%2Chigh%2Clow%2Cclose%2Cvolume&exchange=eq.EGX&date=gte.2025-08-23&order=symbol%2Cdate&offset=38000&limit=1000 "HTTP/2 200 OK"
2026-06-19 19:00:44 [INFO] httpx: HTTP Request: GET https://gfcmaxbtscmizsakarvc.supabase.co/rest/v1/stock_prices?select=symbol%2Cexchange%2Cdate%2Copen%2Chigh%2Clow%2Cclose%2Cvolume&exchange=eq.EGX&date=gte.2025-08-23&order=symbol%2Cdate&offset=37000&limit=1000 "HTTP/2 200 OK"
2026-06-19 19:00:44 [INFO] httpx: HTTP Request: GET https://gfcmaxbtscmizsakarvc.supabase.co/rest/v1/stock_prices?select=symbol%2Cexchange%2Cdate%2Copen%2Chigh%2Clow%2Cclose%2Cvolume&exchange=eq.EGX&date=gte.2025-08-23&order=symbol%2Cdate&offset=36000&limit=1000 "HTTP/2 200 OK"
2026-06-19 19:00:44 [INFO] httpx: HTTP Request: GET https://gfcmaxbtscmizsakarvc.supabase.co/rest/v1/stock_prices?select=symbol%2Cexchange%2Cdate%2Copen%2Chigh%2Clow%2Cclose%2Cvolume&exchange=eq.EGX&date=gte.2025-08-23&order=symbol%2Cdate&offset=39000&limit=1000 "HTTP/2 200 OK"
2026-06-19 19:00:44 [INFO] httpx: HTTP Request: GET https://gfcmaxbtscmizsakarvc.supabase.co/rest/v1/stock_prices?select=symbol%2Cexchange%2Cdate%2Copen%2Chigh%2Clow%2Cclose%2Cvolume&exchange=eq.EGX&date=gte.2025-08-23&order=symbol%2Cdate&offset=42000&limit=1000 "HTTP/2 200 OK"
2026-06-19 19:00:44 [INFO] httpx: HTTP Request: GET https://gfcmaxbtscmizsakarvc.supabase.co/rest/v1/stock_prices?select=symbol%2Cexchange%2Cdate%2Copen%2Chigh%2Clow%2Cclose%2Cvolume&exchange=eq.EGX&date=gte.2025-08-23&order=symbol%2Cdate&offset=40000&limit=1000 "HTTP/2 200 OK"
2026-06-19 19:00:44 [INFO] httpx: HTTP Request: GET https://gfcmaxbtscmizsakarvc.supabase.co/rest/v1/stock_prices?select=symbol%2Cexchange%2Cdate%2Copen%2Chigh%2Clow%2Cclose%2Cvolume&exchange=eq.EGX&date=gte.2025-08-23&order=symbol%2Cdate&offset=41000&limit=1000 "HTTP/2 200 OK"
2026-06-19 19:00:45 [INFO] httpx: HTTP Request: GET https://gfcmaxbtscmizsakarvc.supabase.co/rest/v1/stock_prices?select=symbol%2Cexchange%2Cdate%2Copen%2Chigh%2Clow%2Cclose%2Cvolume&exchange=eq.EGX&date=gte.2025-08-23&order=symbol%2Cdate&offset=43000&limit=1000 "HTTP/2 200 OK"
2026-06-19 19:00:45 [INFO] httpx: HTTP Request: GET https://gfcmaxbtscmizsakarvc.supabase.co/rest/v1/stock_prices?select=symbol%2Cexchange%2Cdate%2Copen%2Chigh%2Clow%2Cclose%2Cvolume&exchange=eq.EGX&date=gte.2025-08-23&order=symbol%2Cdate&offset=44000&limit=1000 "HTTP/2 200 OK"
2026-06-19 19:00:45 [INFO] httpx: HTTP Request: GET https://gfcmaxbtscmizsakarvc.supabase.co/rest/v1/stock_fundamentals?select=symbol%2C%20exchange%2C%20data%2C%20fund_score&exchange=ilike.%25EGX%25&limit=5000 "HTTP/2 200 OK"
2026-06-19 19:00:46 [INFO] httpx: HTTP Request: GET https://gfcmaxbtscmizsakarvc.supabase.co/rest/v1/stock_prices?select=date%2C%20close&symbol=eq.EGX30&exchange=eq.INDX&order=date&offset=0&limit=1000 "HTTP/2 200 OK"
2026-06-19 19:00:46 [INFO] httpx: HTTP Request: GET https://gfcmaxbtscmizsakarvc.supabase.co/rest/v1/stock_prices?select=date%2C%20close&symbol=eq.EGX30&exchange=eq.INDX&order=date&offset=1000&limit=1000 "HTTP/2 200 OK"
2026-06-19 19:00:46 [INFO] httpx: HTTP Request: GET https://gfcmaxbtscmizsakarvc.supabase.co/rest/v1/stock_prices?select=date%2C%20close&symbol=eq.EGX30&exchange=eq.INDX&order=date&offset=2000&limit=1000 "HTTP/2 200 OK"
2026-06-19 19:00:47 [INFO] httpx: HTTP Request: GET https://gfcmaxbtscmizsakarvc.supabase.co/rest/v1/stock_prices?select=date%2C%20close&symbol=eq.EGX30&exchange=eq.INDX&order=date&offset=3000&limit=1000 "HTTP/2 200 OK"
2026-06-19 19:00:47 [INFO] httpx: HTTP Request: GET https://gfcmaxbtscmizsakarvc.supabase.co/rest/v1/stock_prices?select=date%2C%20close&symbol=eq.EGX30&exchange=eq.INDX&order=date&offset=4000&limit=1000 "HTTP/2 200 OK"
2026-06-19 19:00:47 [INFO] httpx: HTTP Request: GET https://gfcmaxbtscmizsakarvc.supabase.co/rest/v1/stock_prices?select=date%2C%20close&symbol=eq.EGX30&exchange=eq.INDX&order=date&offset=5000&limit=1000 "HTTP/2 200 OK"
2026-06-19 19:01:44 [INFO] httpx: HTTP Request: GET https://gfcmaxbtscmizsakarvc.supabase.co/rest/v1/stock_technical_indicators?select=rsi_14%2Cadx_14%2Cema_50%2Cema_200%2Cvolume%2Cchange_pct&symbol=eq.ROTO&exchange=eq.EGX&order=date.desc&limit=1 "HTTP/2 200 OK"
2026-06-19 19:01:44 [INFO] httpx: HTTP Request: GET https://gfcmaxbtscmizsakarvc.supabase.co/rest/v1/stock_fundamentals?select=data&symbol=eq.ROTO.EGX "HTTP/2 200 OK"
2026-06-19 19:01:45 [INFO] httpx: HTTP Request: POST https://gfcmaxbtscmizsakarvc.supabase.co/rest/v1/scan_results "HTTP/2 201 Created"
2026-06-19 19:01:45 [INFO] httpx: HTTP Request: GET https://gfcmaxbtscmizsakarvc.supabase.co/rest/v1/stock_technical_indicators?select=rsi_14%2Cadx_14%2Cema_50%2Cema_200%2Cvolume%2Cchange_pct&symbol=eq.TYCN&exchange=eq.EGX&order=date.desc&limit=1 "HTTP/2 200 OK"
2026-06-19 19:01:45 [INFO] httpx: HTTP Request: GET https://gfcmaxbtscmizsakarvc.supabase.co/rest/v1/stock_fundamentals?select=data&symbol=eq.TYCN.EGX "HTTP/2 200 OK"
2026-06-19 19:01:47 [INFO] httpx: HTTP Request: POST https://gfcmaxbtscmizsakarvc.supabase.co/rest/v1/scan_results "HTTP/2 201 Created"
2026-06-19 19:03:06 [INFO] daily_bot_job: ✅ Daily Bot Job completed successfully in 332.8s
