tree
version=v4
num_class=1
num_tree_per_iteration=1
label_index=0
max_feature_idx=35
objective=binary sigmoid:1
feature_names=Close Volume SMA_50 Z_Score SMA_200 EMA_50 BB_PctB BB_Width OBV OBV_Slope Dist_From_High Dist_From_Low Body_Size Upper_Shadow Lower_Shadow SMA_Cross EMA_Cross Price_vs_SMA200 Day_Of_Week Day_Of_Month Close_Lag1 Volume_Lag1 feat_mkt_trend feat_mkt_volatility feat_rel_strength Amihud_Illiquidity Amihud_SMA_10 Volume_Acceleration Overnight_Gap Intraday_Return feat_sector_rel_strength sector industry PCA_Momentum_0 PCA_Momentum_1 PCA_Momentum_2
feature_infos=[0.0024190000000000001:167.63] [1:23203032131] [0.0028964400000000001:161.11959960000002] [-6.9296464555451864:6.8705224139035002] [0.0030051014492753626:149.90454990000001] [0.0029057667740699416:159.48432631045563] [-0.5621322893124101:1.5621322893124006] [0:10.740758261558213] [-6667063785:431000147695] [-19869537047:23203032131] [-0.92749999999999999:0] [0:61.666457142857134] [-0.20000000000000004:3.7636363636363641] [0:0.69090909090909047] [0:0.20000000000000004] [-0.57560489406958382:1.2335116675010975] [-0.77606514751262246:2.0620324322585959] [-0.73899493572263342:7.5874593001250767] [0:6] [1:31] [0:167.63] [0:23203032131] none none none [0:0.020688243785138921] [0:0.0020697877298087018] [1.5502271664133958e-06:6.6236579295431923] [-0.7499999999925:34.595083737423785] [-0.1999999960000001:3.7636363294214883] [-34.518577575683594:34.595085144042969] -1:8:14:13:15:2:3:11:16:5:10:4:18:0:1:9:20:17:6:7 -1:51:0:52:30:6:23:15:8:5:59:46:31:56:20:25:9:44:38:7:50:24:18:19:1:37:12:22:53:16:55:34:60:42:39:3:29:21:40:47:11:33:35:13:41:2:26:57:14:17:43:36:32 [-48.332812186166805:18.977406455877045] [-53.353073519840919:18.197837285554506] [-60.132436015460954:25.823408963477085]
tree_sizes=3485 3594 3619 3613 3599 3607 3602 3611 3583 3607 3614 3591 3608 3614 3606 3576 3620 3570 3602 3604 3575 3618 3639 3569 3626 3578 3623 3587 3622 3606 3633 3576 3564 3604 3604 3572 3562 3610 3432 3569 3598 3571 3611 3575 3596 3581 3462 3593 2546 3635

Tree=0
num_leaves=31
num_cat=9
split_feature=13 29 12 10 14 15 32 32 6 7 8 7 32 17 14 32 8 32 17 2 8 8 7 32 19 7 32 29 32 32
split_gain=876.374 681.14 646.163 603.242 451.342 259.596 212.264 211.283 187.168 237.58 389.068 208.891 166.356 143.874 131.028 127.632 102.807 102.753 89.2208 74.5119 73.3392 71.3632 128.725 66.3397 61.7559 53.0896 52.9253 49.6115 45.5184 39.0078
threshold=0.00025170325536698037 -0.0009483507478256401 0.0010309283664582188 -0.058426084349424638 0.00054551049354427492 0.002240962160113053 0 1 0.32374242198421821 0.6253396559116482 751928.00000000012 0.14059263106715525 2 0.0016846362711833553 0.029126213592233021 3 2034540004.5000002 4 0.081289443545634929 10.845179310000001 19264627.000000004 577110.00000000012 0.51781873943276213 5 19.500000000000004 0.11288829280726444 6 0.066117960429703873 7 8
decision_type=2 2 2 2 2 2 9 9 2 2 2 2 9 2 2 9 2 9 2 2 2 2 2 9 2 2 9 2 9 9
left_child=1 13 4 8 -3 6 19 16 9 12 -11 15 -2 21 -6 -10 -7 -13 29 -5 25 22 -1 -20 -23 -15 -8 -9 -22 -4
right_child=3 2 18 5 14 7 26 27 11 10 -12 17 -14 20 -16 -17 -18 -19 23 -21 28 24 -24 -25 -26 -27 -28 -29 -30 -31
leaf_value=-1.3515903707488031 -1.3476347900088579 -1.4159100256567159 -1.3655900736377633 -1.3081371833389985 -1.3629006641894625 -1.3088353705849993 -1.380622909235947 -1.3376734442310603 -1.3193540660770353 -1.195388376154165 -1.3616788267286339 -1.3473544957486676 -1.3655758731165455 -1.3229693438312939 -1.3902527843577182 -1.3438819261109811 -1.3815587718022393 -1.3620219631830328 -1.3651775566801094 -1.3698440709626534 -1.3398671547006649 -1.3702698864049525 -1.2455708131270795 -1.3073705961345292 -1.3550919298031612 -1.3446433559633946 -1.3541771786068564 -1.2990043023691664 -1.3607670292663507 -1.3439997781250161
leaf_weight=696.83247800171375 1790.4564770758152 1267.0571351349354 455.20079925656319 347.35573534667492 865.69729062914848 1476.5473954379559 217.32167190313339 2034.046008720994 606.60809019207954 57.919814959168434 89.571770176291466 2156.9012781977654 4605.0331752747297 436.7643511146307 885.92843726277351 4080.6549068838358 50.251557767391205 2651.4222898632288 67.709079459309578 56.94088850915432 366.77110993862152 1845.4395126849413 29.857256725430489 180.6119300276041 1052.345933765173 800.10921847820282 1144.6913288831711 86.471836417913437 834.69795304536819 371.01312455534935
leaf_count=4271 10974 7766 2790 2129 5306 9050 1332 12467 3718 355 549 13220 28225 2677 5430 25011 308 16251 415 349 2248 11311 183 1107 6450 4904 7016 530 5116 2274
internal_value=-1.35347 -1.36557 -1.38133 -1.34774 -1.39318 -1.33331 -1.34904 -1.32569 -1.35261 -1.35912 -1.29638 -1.34813 -1.36056 -1.35493 -1.37673 -1.34061 -1.3115 -1.35545 -1.34803 -1.31771 -1.34554 -1.36124 -1.34723 -1.32175 -1.36476 -1.33699 -1.35856 -1.33618 -1.35433 -1.35593
internal_weight=31608.2 10156 4093.22 21452.2 3018.68 5413.63 1766.31 3647.32 16038.6 6542.98 147.492 9495.59 6395.49 6062.82 1751.63 4687.26 1526.8 4808.32 1074.53 404.297 2438.34 3624.48 726.69 248.321 2897.79 1236.87 1362.01 2120.52 1201.47 826.214
internal_count=193732 62248 25088 131484 18502 33181 10826 22355 98303 40103 904 58200 39199 37160 10736 28729 9358 29471 6586 2478 14945 22215 4454 1522 17761 7581 8348 12997 7364 5064
cat_boundaries=0 2 4 6 8 10 12 14 16 18
cat_threshold=72884896 60868716 566497411 36750994 623622658 9493306 67914368 33592400 1202086880 137633090 1581064 152043586 2693072900 263552 29383360 44306480 2696487340 18399328
is_linear=0
shrinkage=1


Tree=1
num_leaves=31
num_cat=7
split_feature=13 29 12 10 14 15 32 32 8 7 8 16 7 17 14 32 20 8 17 32 0 8 8 7 32 19 32 7 32 6
split_gain=794.364 630.909 606.165 535.164 440.082 227.24 193.33 186.714 174.779 282.22 216.615 180.478 180.46 129.974 123.411 92.9525 80.2567 79.617 79.2141 79.0988 69.5914 65.2253 64.8627 109.412 59.4844 56.7558 55.1956 47.2943 41.7445 35.9068
threshold=0.00025170325536698037 -0.0009483507478256401 0.0010309283664582188 -0.058426084349424638 0.00054551049354427492 0.002240962160113053 0 1 57603242.500000007 0.58091406004854285 405759.00000000006 -0.21245806390860442 0.14059263106715525 0.0016846362711833553 0.029126213592233021 2 8.9278855000000021 2034540004.5000002 0.081289443545634929 3 8.0000310000000017 19264627.000000004 577110.00000000012 0.58091406004854285 4 19.500000000000004 5 0.13324362021280109 6 1.0956108823174744
decision_type=2 2 2 2 2 2 9 9 2 2 2 2 2 2 2 9 2 2 2 9 2 2 2 2 9 2 9 2 9 2
left_child=1 13 4 8 -3 6 20 17 9 12 -11 15 -2 22 -6 -10 -9 -7 29 -13 -5 27 23 -1 -8 -24 -20 -15 -23 -4
right_child=3 2 18 5 14 7 24 16 11 10 -12 19 -14 21 -16 -17 -18 -19 26 -21 -22 28 25 -25 -26 -27 -28 -29 -30 -31
leaf_value=0.0023235749525875593 0.01159047320437924 -0.0616436285569412 -0.0040846144219233412 0.062872337905712242 -0.0090139693686041925 0.049767457878225341 -0.026152447290516009 0.024190055228222408 0.061512716953381445 0.11945528123817489 0.017736904457111114 -3.7845942498655341e-05 -0.0026216362516832572 0.026232811055187322 -0.035741240343093048 0.0051053217964229271 0.0043537541688054007 -0.021913970029754534 -0.0086101117353877595 -0.011323940767115057 1.7534132587664235e-05 -0.014845172701622429 -0.016127133313491769 0.11099752527338372 0.0016231728475710296 -0.0015457676230916579 0.043149108875683816 0.0066785183639277842 0.0052812934005194503 0.060178097591388161
leaf_weight=705.41184930503368 4164.8853267878294 1220.505246669054 802.6904704272747 177.23132163286209 860.88449084758759 846.61836433410645 215.65114672482014 2151.5391501486301 134.92271654307842 93.057183817028999 119.61837050318718 2537.7951671034098 4816.7905374765396 563.19232140481472 866.73685312271118 165.26242904365063 668.30695593357086 40.595036685466766 72.60468415915966 4014.1459344923496 58.596796840429306 359.50729250907898 1827.1688456237316 23.947131425142288 1319.6096346825361 1051.3377137482166 180.15837669372559 685.69641698896885 841.31100368499756 22.341946125030518
leaf_count=4316 25437 7766 4927 1058 5306 5056 1341 13002 828 540 733 15521 29589 3400 5430 1011 4044 253 447 24644 356 2213 11311 138 8071 6450 1075 4181 5151 137
internal_value=-6.90289e-06 -0.0115878 -0.0269292 0.00541833 -0.03866 0.0189116 0.00417869 0.0259505 0.00081181 0.00531663 0.0622443 -0.00523287 0.00396865 -0.00139178 -0.0224229 0.0326777 0.01942 0.0459695 0.00515844 -0.00696978 0.0453324 0.00749648 -0.00742682 0.00589168 -0.00242234 -0.0108015 0.029648 0.0154966 -0.000823918 -0.00234437
internal_weight=31608.1 10083.5 4025.92 21524.6 2948.13 5478.15 1771.09 3707.06 16046.5 9194.35 212.676 6852.13 8981.68 6057.57 1727.62 300.185 2819.85 887.213 1077.8 6551.94 235.828 2449.71 3607.87 729.359 1535.26 2878.51 252.763 1248.89 1200.82 825.032
internal_count=193732 62248 25088 131484 18502 33181 10826 22355 98303 56299 1273 42004 55026 37160 10736 1839 17046 5309 6586 40165 1414 14945 22215 4454 9412 17761 1522 7581 7364 5064
cat_boundaries=0 2 4 6 8 10 12 14
cat_threshold=71827488 25200748 558108675 35686032 2185265473 403177472 566762208 43257878 2692814852 263552 1663240 152043586 1712914702 403718860
is_linear=0
shrinkage=0.05


Tree=2
num_leaves=31
num_cat=9
split_feature=33 13 29 12 12 14 7 8 14 13 12 14 32 19 32 32 15 15 10 32 32 32 3 32 8 8 32 32 8 29
split_gain=738.615 331.335 347.512 256.92 253.381 233.684 203.796 434.429 193.373 185.678 334.314 154.608 135.225 132.743 124.115 120.21 111.642 104.057 96.7822 83.4117 80.6625 72.7533 67.5874 61.7349 60.992 45.9551 44.9942 37.9945 36.4194 36.1398
threshold=0.22822555353827434 1.0000000180025095e-35 -0.00077470180305148786 0.00042611120318390765 0.0010309283664582188 0.00099009900990108661 0.5447516678438552 463886.00000000006 0.00026302955069839809 0.00096246390760350862 -0.00094388771140660455 0.0078430591525819344 0 11.500000000000002 1 2 0.0034797697330558506 0.002240962160113053 -0.097505068458119834 3 4 5 2.4733772834991243 6 57603242.500000007 1702347.5000000002 7 8 50113035.000000007 0.062198039366313969
decision_type=2 2 2 2 2 2 2 2 2 2 2 2 9 2 9 9 2 2 2 9 9 9 2 9 2 2 9 9 2 2
left_child=1 2 21 8 5 -4 11 13 9 10 -2 14 22 -8 -3 -9 19 20 -18 -10 -14 28 27 -13 -19 -23 -6 -5 -1 -24
right_child=3 6 4 12 26 -7 7 15 16 -11 -12 23 17 -15 -16 -17 18 24 -20 -21 -22 25 29 -25 -26 -27 -28 -29 -30 -31
leaf_value=0.01991955405395765 0.013779082598798252 0.014084562160225956 -0.060858147701452807 -0.012156110772123667 -0.020523337494018985 -0.025088579362010366 -0.0030345976801846824 0.044361411673707038 0.011588545607009577 0.013641269442144497 -0.060804777808974503 -0.017903269344491664 0.039595576057813178 0.15140769636176993 -0.0019498233906536898 -0.033121062235118369 -0.0024232847954766476 0.037723153423593669 0.016905317623236694 -0.0064615617361801925 0.0073825285286137094 0.00018303136256784294 0.020518089160873366 -0.0056252628742122345 0.018605777438388288 -0.013153325899699961 0.0074951007045865369 0.0078414733432862743 -0.0049194274197508448 0.058201900046126548
leaf_weight=350.41742241382599 235.00755463540554 1720.0565766990185 762.22508080303669 251.88168485462666 210.78851430118084 1138.7973915040493 16.770879611372948 70.848812788724899 875.90997655689716 299.83369253575802 416.57199418544769 1415.9370868504047 226.45402465760708 81.642278552055359 3987.9444100111723 121.77891576290131 887.27048960328102 1176.4324335455894 2398.0096673369408 2297.8708339184523 1188.1883310824633 888.67711611092091 297.78699576854706 3759.5044757425785 646.47988702356815 2364.9723284393549 399.35881169140339 2780.3056309521198 254.93366834521294 80.910098731517792
leaf_count=2143 1434 10474 5029 1535 1301 7183 93 433 5366 1813 2739 8711 1365 447 24468 746 5433 7004 14484 14123 7246 5418 1798 23071 3873 14611 2434 16901 1573 483
internal_value=-1.25534e-05 -0.00685505 -0.0159556 0.00852645 -0.0304326 -0.0394306 -0.00166713 0.0396243 0.00212425 -0.0189206 -0.0339043 -0.00277133 0.0156625 0.125089 0.00290326 -0.00403935 0.00522413 0.0229758 0.0116852 -0.00146388 0.0128712 -0.006535 0.00862812 -0.00902984 0.0309433 -0.00948159 -0.002398 0.00616606 0.00930531 0.0285694
internal_weight=31603.6 17544.7 6370.17 14058.9 2511.17 1901.02 11174.5 291.041 7410.47 951.413 651.58 10883.4 6648.44 98.4132 5708 192.628 6459.06 3237.55 3285.28 3173.78 1414.64 3859 3410.88 5175.44 1822.91 3253.65 610.147 3032.19 605.351 378.697
internal_count=193732 108135 39692 85597 15947 12212 68443 1719 45392 5986 4173 66724 40205 540 34942 1179 39406 19488 19917 19489 8611 23745 20717 31782 10877 20029 3735 18436 3716 2281
cat_boundaries=0 2 4 6 8 10 12 14 16 18
cat_threshold=3794895116 429410825 95384064 43047730 294944 143409184 9052864 429932620 67641856 1092 19314688 8428322 33816973 150995526 2696487180 403718208 2162692 276824073
is_linear=0
shrinkage=0.05


Tree=3
num_leaves=31
num_cat=9
split_feature=33 13 29 12 14 12 7 8 14 13 12 32 32 19 15 32 16 14 15 32 32 10 32 10 12 32 31 19 10 32
split_gain=666.314 303.871 324.784 239.457 229.191 228.439 180.125 372.515 176.231 172.063 318.079 143.956 119.259 112.749 99.814 93.5492 93.4213 90.8882 88.1394 75.1795 71.5654 70.2903 65.9712 55.0757 54.6668 41.9282 41.8706 36.1845 36.1271 34.7787
threshold=0.22822555353827434 1.0000000180025095e-35 -0.00077470180305148786 0.0010309283664582188 0.00099009900990108661 0.00042611120318390765 0.5447516678438552 5933844.5000000009 0.00026302955069839809 0.00096246390760350862 -0.00094388771140660455 0 1 12.500000000000002 0.0034797697330558506 2 -0.20322881661404396 0.0053006602028329297 0.002240962160113053 3 4 -0.058426084349424638 5 -0.089687870178873294 0.058820097571336945 6 7 22.500000000000004 -0.12964320564873436 8
decision_type=2 2 2 2 2 2 2 2 2 2 2 9 9 2 2 9 2 2 2 9 9 2 9 2 2 9 9 2 2 9
left_child=1 2 22 4 -4 8 11 13 9 10 -2 17 21 -8 19 -16 -13 -3 20 -10 -14 29 28 -20 -23 -5 -9 -24 -1 -7
right_child=5 6 3 25 -6 12 7 26 14 -11 -12 16 18 -15 15 -17 -18 -19 23 -21 -22 24 27 -25 -26 -27 -28 -29 -30 -31
leaf_value=-0.00044154800310081853 0.012982377696263448 0.014375061590075386 -0.0601589399871717 -0.020472923060508227 -0.024210521723510851 -0.014148192110569247 0.010332503897404715 0.035048545611787718 0.010939889413990366 0.012854530855309191 -0.0600968695783127 0.014984439151752705 0.035979185962978964 0.1155774764385754 -0.01128792113870729 0.014149035212761922 -0.0080862302468644436 -0.0017663322220875573 0.011925706826226335 -0.0061639174205676654 0.0066578569122838147 0.013091161680396658 -0.01323865265126151 0.033954965668617963 0.043918981381801891 0.0069130280535247435 -0.029856773074850764 -0.00083305607471720149 0.02215308787886109 0.0047607978057801134
leaf_weight=644.81605719029903 236.90764601528645 1623.6675130724907 733.26367728412151 199.91628900170326 1121.5411641448736 274.87404376268387 32.557453185319901 22.87653836607933 881.88752095401287 302.21217441558838 400.80452427268028 468.64895308017731 251.52106641232967 116.5337493121624 407.58971597254276 2899.9686126559973 6889.2153494805098 1884.0534938573837 356.74791042506695 2289.1015466153622 1099.7237219810486 1518.4965618699789 2145.8192887455225 1386.1553507298231 158.85001926124096 409.4206278771162 124.77420531213284 809.55685487389565 243.80524277687073 1661.9289582371712
leaf_count=3965 1434 9832 5029 1249 7183 1689 186 138 5366 1813 2739 2876 1487 622 2481 17436 42476 11540 2134 14123 6683 9091 13320 8079 929 2486 773 4981 1479 10113
internal_value=-1.73008e-05 -0.00654641 -0.0153182 -0.0294884 -0.0384221 0.0080572 -0.00158923 0.0368449 0.002011 -0.0182213 -0.0329482 -0.00263887 0.0147435 0.0925948 0.00494636 0.0110231 -0.0066078 0.00568904 0.0219445 -0.0013921 0.0124313 0.00849432 -0.00623461 0.0294459 0.0160107 -0.00229452 -0.0194489 -0.00980724 0.00569352 0.00202874
internal_weight=31597.2 17470.5 6308.14 2464.14 1854.8 14126.8 11162.3 296.742 7418.47 939.924 637.712 10865.6 6708.3 149.091 6478.55 3307.56 7357.86 3507.72 3094.15 3170.99 1351.24 3614.15 3844 1742.9 1677.35 609.337 147.651 2955.38 888.621 1936.8
internal_count=193732 108135 39692 15947 12212 85597 68443 1719 45392 5986 4173 66724 40205 808 39406 19917 45352 21372 18383 19489 8170 21822 23745 10213 10020 3735 911 18301 5444 11802
cat_boundaries=0 2 4 6 8 10 12 14 15 17
cat_threshold=632287232 43309873 3794895148 429410825 102440972 293603400 9052864 429932620 67774976 1092 19314722 8444706 2696487180 269533248 1091584 539033612 25166345
is_linear=0
shrinkage=0.05


Tree=4
num_leaves=31
num_cat=7
split_feature=33 13 7 8 29 12 14 13 29 19 12 32 10 7 15 32 32 32 15 8 8 19 32 8 6 32 17 1 32 8
split_gain=608.555 253.962 250.761 495.998 230.425 307.359 235.895 209.784 262.129 209.472 185.745 165.608 150.67 164.039 145.358 152.892 128.018 126.359 108.554 108.446 102.546 81.2943 69.8074 68.7206 58.2158 52.8707 44.5809 42.4086 36.5715 35.9496
threshold=1.0000000180025095e-35 0.00064721738712957791 0.49485001697394437 358322.00000000006 -0.0009483507478256401 0.0012098331965462276 0.00054551049354427492 1.0000000180025095e-35 -0.00077470180305148786 11.500000000000002 0.0010309283664582188 0 -0.045478351319896297 0.166670147845036 0.002240962160113053 1 2 3 -0.13324693381504069 265980445.50000003 7775672.5000000009 19.500000000000004 4 17790468.500000004 1.0956108823174744 5 0.011867705288569709 5286.5000000000009 6 -16393.499999999996
decision_type=2 2 2 2 2 2 2 2 2 2 2 9 2 2 2 9 9 9 2 2 2 2 9 2 2 9 2 2 9 2
left_child=2 4 7 9 26 6 -6 8 25 29 -10 -5 13 19 15 -14 23 -16 -11 -3 -13 -18 -15 -9 -7 -1 28 -28 -2 -4
right_child=1 12 3 11 5 24 -8 16 10 18 -12 20 14 22 17 -17 21 -19 -20 -21 -22 -23 -24 -25 -26 -27 27 -29 -30 -31
leaf_value=0.0014776008716106351 0.014802363245243231 0.015565483607152653 -0.049518642630000817 -0.037199940359042213 -0.058089235080323709 0.0065603373471254528 -0.012467959156686817 0.022083745582726588 -0.038407518641411405 0.015448715288664459 -0.0037290157341287947 0.083292893576512192 0.03743370093064069 0.0064973542025466603 0.040346503781598243 -0.006092189607917564 -0.010392580714576057 0.017303566368771429 0.14382350614290565 -0.0036327798670357462 0.0019860462045788048 1.4081156807804679e-05 -0.0096133101048509403 0.00019585833326938898 0.062473928354999667 -0.011907749323499334 0.036047376836380943 0.0084823737046785322 -0.006450679119915881 0.065553504510147007
leaf_weight=1111.0911922305822 250.53525783121586 3895.6381341665983 23.062366157770157 190.91229794919491 511.18988567590714 553.32452489435673 635.7356993407011 638.78295131027699 1595.4072999507189 19.212473377585411 509.43006145954132 59.826139137148857 246.56039129197598 1101.0677858144045 844.97605487704277 936.91243799030781 4853.436550796032 2197.6515881419182 115.25469486415386 906.8022730499506 110.23493272066116 3059.674447208643 1698.2555055618286 817.6026618629694 50.829257637262344 2200.8827140778303 155.1199989169836 1388.6299803704023 900.03108224272728 9.6177483797073346
leaf_count=6834 1542 23486 133 1199 3610 3317 3995 3849 10753 102 3127 356 1430 6657 4799 5713 29979 12878 596 5509 678 18902 10383 4959 293 13726 925 8367 5579 56
internal_value=-2.13101e-05 0.00671116 -0.00717529 0.0266789 -0.00347746 -0.017598 -0.0328016 -0.00838446 -0.0162172 0.0978873 -0.0300143 -0.00629382 0.0105405 0.00633278 0.0181091 0.00324066 -0.00385611 0.0238924 0.125482 0.0119404 0.0288903 -0.00636071 -0.00328758 0.00972927 0.0112645 -0.00744876 0.00569969 0.0112522 -0.00175025 -0.0156529
internal_weight=31587.7 16273.3 15314.4 528.121 4445.4 1751.08 1146.93 14786.3 5416.81 167.147 2104.84 360.973 11827.9 7601.76 4226.1 1183.47 9369.5 3042.63 134.467 4802.44 170.061 7913.11 2799.32 1456.39 604.154 3311.97 2694.32 1543.75 1150.57 32.6801
internal_count=193732 98483 95249 3120 27628 11215 7605 92129 34440 887 13880 2233 70855 46035 24820 7143 57689 17677 698 28995 1034 48881 17040 8808 3610 20560 16413 9292 7121 189
cat_boundaries=0 2 4 6 8 10 12 14
cat_threshold=3335520965 270537408 72876576 161515596 623534080 1088312 560205955 35686032 2273342402 135565684 23509536 9755434 1256000 270848324
is_linear=0
shrinkage=0.05


Tree=5
num_leaves=31
num_cat=6
split_feature=33 13 7 8 29 12 14 32 19 32 10 7 10 15 32 13 29 32 14 8 10 8 32 17 13 32 16 15 8 19
split_gain=550.021 227.734 224.05 424.449 217.774 277.435 234.11 202.563 172.227 151.13 138.292 145.997 135.711 130.954 135.206 113.586 146.484 111.57 110.087 98.6105 91.4254 86.5482 62.873 56.0577 52.381 45.8291 42.3322 33.1359 32.4545 24.5204
threshold=1.0000000180025095e-35 0.00040240446274358751 0.49485001697394437 358322.00000000006 -0.0009483507478256401 0.0012098331965462276 0.00054551049354427492 0 11.500000000000002 1 -0.045478351319896297 0.14665687907735614 -0.37802069767730101 0.002240962160113053 2 0.00086010577473041329 -0.00077470180305148786 3 0.0079298676607009958 265980445.50000003 -0.59603370143990964 7775672.5000000009 4 0.078592400786401825 1.0000000180025095e-35 5 -0.19567333654282362 -0.033587795974428562 -16393.499999999996 20.500000000000004
decision_type=2 2 2 2 2 2 2 9 2 9 2 2 2 2 9 2 2 9 2 2 2 2 9 2 2 9 2 2 2 2
left_child=2 4 7 8 25 6 -6 12 28 -5 11 19 26 14 -12 16 -9 -15 -17 -3 -10 -11 -13 -7 -14 27 -1 -2 -4 -27
right_child=1 10 3 9 5 23 -8 15 20 21 13 22 24 17 -16 18 -18 -19 -20 -21 -22 -23 -24 -25 -26 29 -28 -29 -30 -31
leaf_value=0.037203732076522292 0.0013505233756213137 0.015760497989353719 -0.048389927199860537 -0.036221069280546421 -0.058737507331722852 -0.0013701595649434652 -0.012160247033505846 -0.0050238925284755475 -0.056308978023547687 0.075464381903684888 0.039506378813888299 0.0071664624184948345 -0.0347774786729858 0.03576884834141697 -0.0046380381060812997 0.0037938831380109521 -0.023639060015646515 0.015465638268569427 -0.0080477671156698894 -0.0039763184272354497 0.12223842634860478 0.0018844753273285194 -0.0067831932006981498 0.030972991084441449 -0.018687124966676152 -0.0028973628346811208 -0.0075390715486582556 0.023104603142598431 0.060042870577707519 0.0092133187459230523
leaf_weight=112.75347475707531 265.06737868487835 3441.7347550392151 22.436299741268158 186.64789913594723 475.84578078985214 365.4095700532198 622.98117393255234 2921.4645394980907 7.5736969709396353 62.652689069509506 199.66574713587761 1260.5580972284079 903.35983592271805 1049.3279622346163 997.36923004686832 4116.8040309101343 1655.7706028819084 2062.3349109739065 3750.9836017340422 775.45084683597088 134.40207977592945 110.36424046754837 2209.8017883896828 211.52156254649162 1149.3302374482155 1251.0043102651834 99.528438314795494 515.44155837595463 9.9659131616353971 627.65304824709892
leaf_count=704 1636 20536 133 1199 3507 2212 3947 18190 38 356 1129 7601 5962 5857 6086 25207 10990 11990 23289 4716 660 678 13536 1216 7158 7633 629 3079 56 3802
internal_value=-2.52492e-05 0.00635045 -0.00685564 0.0249578 -0.00347171 -0.0175889 -0.0323305 -0.00801062 0.0889752 -0.00608003 0.00989976 0.00588069 -0.0217364 0.0170705 0.00301655 -0.00549066 -0.0117577 0.022477 -0.00185165 0.0121313 0.112714 0.0269703 -0.00171508 0.0104879 -0.0257683 0.00542471 0.0162261 0.0155179 -0.0150394 0.00114269
internal_weight=31575.2 16331.2 15244 534.043 4334.92 1675.76 1098.83 14710 174.378 359.665 11996.2 7687.55 2264.97 4308.7 1197.03 12445 4577.24 3111.66 7867.79 4217.19 141.976 173.017 3470.36 576.931 2052.69 2659.17 212.282 780.509 32.4022 1878.66
internal_count=193732 98483 95249 3120 27032 10882 7454 92129 887 2233 71451 46389 14453 25062 7215 77676 29180 17847 48496 25252 698 1034 21137 3428 13120 16150 1333 4715 189 11435
cat_boundaries=0 2 4 6 8 10 12
cat_threshold=4194572 150996160 3335520965 270537408 72876064 27297868 568594563 35686034 2207281856 135532646 9069187 35950868
is_linear=0
shrinkage=0.05


Tree=6
num_leaves=31
num_cat=6
split_feature=3 13 29 12 14 14 32 32 8 29 4 16 19 27 32 32 13 12 11 8 8 7 15 32 6 8 32 34 2 27
split_gain=505.568 290.262 385.701 285.666 314.235 156.909 140.368 131.144 101.264 99.1215 97.564 96.2427 88.4892 69.1519 67.1683 62.9351 62.3488 85.1781 60.6365 59.3345 49.1536 42.8394 40.4441 37.194 36.3274 35.2443 25.3491 21.9186 37.0357 21.5803
threshold=0.9521050739982565 0.00075245993823940622 -0.00077470180305148786 0.0010309283664582188 0.00054551049354427492 0.0069044931940370645 0 1 19264627.000000004 0.025999999932399948 16.608255030000006 0.0017373173684628901 22.500000000000004 1.1836749541892961 2 3 1.0000000180025095e-35 -0.0006104551935151235 0.21487951263920149 1513808159.0000002 577110.00000000012 0.072537798170299442 0.057755016914656059 4 1.0196480585845111 56055928.500000007 5 0.83909638046805568 22.271799960000006 0.7334967180588563
decision_type=2 2 2 2 2 2 9 9 2 2 2 2 2 2 9 9 2 2 2 2 2 2 2 9 2 2 9 2 2 2
left_child=1 2 14 4 -4 7 10 8 -3 16 11 18 13 -7 25 -14 17 -8 -2 -13 -16 -9 -18 -5 29 -1 -26 28 -12 -11
right_child=6 5 3 23 -6 12 9 21 -10 24 27 19 15 -15 20 -17 22 -19 -20 -21 -22 -23 -24 -25 26 -27 -28 -29 -30 -31
leaf_value=0.019002963572057083 0.023822404308340629 0.025572205777627005 -0.058378979461416507 -0.019860405904125314 -0.019649256579360879 -0.01120715353060142 0.0022016713469267877 0.011590961957899845 0.0060230099295415715 -0.0067838025623024158 -0.02698546383242344 0.027846067669151799 0.011833474831047878 0.0011348387284680988 0.0054900465928714526 -0.0051536667685259359 -0.00053118726601569962 -0.029262312182512681 -0.00031074697751544905 -0.0046647563380326938 -0.0079575643817458002 -0.0016326022487597803 0.011851542432886136 0.0044825287021194385 0.047843375871090582 -0.0029964856150003429 0.018578473341948731 -0.033609949032893209 0.035418852896131746 0.016920406147174678
leaf_weight=479.10622869431973 398.62531511485577 1157.4779605865479 868.99462686479092 193.71419475972652 1318.155693218112 4139.0644832998514 536.9836507588625 727.87143817543983 1548.8239768147469 129.36704199016094 54.718941554427147 2178.1722819805145 1172.9135094285011 1563.7168355882168 838.90236608684063 1005.2983796149492 1522.8648093342781 358.84175725281239 749.99274286627769 150.00854648649693 3576.7512232512236 3863.1103452891111 1163.0279482901096 673.86237569153309 143.99573314189911 293.63504555821419 242.25212731957436 95.789940670132637 42.043721601366997 372.45392413437366
leaf_count=2890 2423 6860 6490 1217 8768 25539 3233 4396 9335 760 328 12587 7169 9553 5117 6194 9156 2411 4533 880 22352 23603 6776 4115 830 1814 1409 556 243 2195
internal_value=-2.81574e-05 -0.00375869 -0.0113118 -0.0254073 -0.0350373 0.00034329 0.0107069 0.00562643 0.0143312 0.00471788 0.0179407 0.0199082 -0.00454855 -0.00782295 -0.00301289 0.00402416 0.00102087 -0.0104019 0.00806461 0.0257513 -0.00539053 0.000462903 0.0048307 -0.00113006 0.0196816 0.0105074 0.0312083 -0.016655 0.000129434 0.0108096
internal_weight=31560.5 23421.4 8243.12 3054.73 2187.15 15178.3 8139.14 7297.28 2706.3 4469.79 3669.35 3476.8 7880.99 5702.78 5188.39 2178.21 3581.72 895.825 1148.62 2328.18 4415.65 4590.98 2685.89 867.577 888.069 772.741 386.248 192.553 96.7627 501.821
internal_count=193732 145412 52763 20590 15258 92649 48320 44194 16195 26770 21550 20423 48455 35092 32173 13363 21576 5644 6956 13467 27469 27999 15932 5332 5194 4704 2239 1127 571 2955
cat_boundaries=0 2 4 6 8 10 12
cat_threshold=1156453027 35915518 2232351426 34904626 17033728 39728 99285602 37491856 2694390028 16450 2685421632 9486336
is_linear=0
shrinkage=0.05


Tree=7
num_leaves=31
num_cat=5
split_feature=33 7 8 12 32 14 13 12 19 32 10 13 29 8 32 14 14 15 32 15 14 32 28 12 13 8 16 26 8 16
split_gain=467.145 198.294 364.176 193.759 180.473 164.053 155.643 307.228 144.934 138.551 129.811 97.6528 129.926 96.094 93.793 90.4528 88.6345 78.0252 74.6531 67.9819 62.5378 59.0834 54.3746 60.1249 50.5007 48.6178 48.5651 30.0807 29.6391 24.2304
threshold=0.013705557545228326 0.49485001697394437 358322.00000000006 0.00042611120318390765 0 0.00026302955069839809 0.00096246390760350862 -0.00094388771140660455 11.500000000000002 1 -0.37802069767730101 1.0000000180025095e-35 -0.00077470180305148786 57603242.500000007 2 0.010075569254833822 0.0079298676607009958 -0.13324693381504069 3 -0.012389927681287034 0.04871791246727309 4 -0.0064933781039533626 0.055555555555555462 1.0000000180025095e-35 74422868.500000015 -0.19941494916048272 1.2050966905635416e-07 -16393.499999999996 0.033434552400188465
decision_type=2 2 2 2 9 2 2 2 2 9 2 2 2 2 9 2 2 2 9 2 2 9 2 2 2 2 2 2 2 2
left_child=1 4 8 5 10 6 7 -2 28 -4 26 12 -6 -11 22 18 -13 -10 -7 21 -17 -16 29 -24 -12 -21 -1 -8 -3 -5
right_child=3 2 9 14 11 15 27 -9 17 13 24 16 -14 -15 19 20 -18 -19 -20 25 -22 -23 23 -25 -26 -27 -28 -29 -30 -31
leaf_value=0.038807925822418335 0.0079941134259188876 -0.047442933328886466 -0.034197702309098341 -0.013466413122410878 -0.0046604139181061063 -0.011689481085629705 0.026170140271744857 -0.057999045197046677 0.010445547897493759 0.059943805522013963 -0.032689065299828068 0.0032438688349989316 -0.022867967936117485 -0.016572503142866332 0.033458024939648418 0.00087788555931138346 -0.0072823419929274455 0.1165811300618135 0.014143726905832633 0.027120280792088964 -0.022265346170716096 0.0041352871883546371 0.0069228415079187538 0.03217358270357823 -0.017232218293225163 0.011507901411456821 -0.0079522433958412169 -0.0026352166580831254 0.055454895239201822 0.005764149789692666
leaf_weight=115.44426542520523 300.13200181722641 21.986582204699516 188.68599833548069 445.57112483680248 2798.3722332417965 313.83831970393658 149.48625709116459 427.65819545090199 20.017566591501236 98.563185885548592 918.49171920865774 4255.8351181745529 1507.6727818399668 70.298139005899429 192.79819981753826 4649.1661072820425 3772.6676722764969 128.31666818261147 2250.1270460709929 1666.1968127191067 311.4552698135376 1188.3780688941479 2939.3078758195043 256.30394512414932 1244.3655121028423 711.62321361899376 106.98924346268177 230.19875495135784 10.265939950942991 259.02373233437538
leaf_count=708 1798 134 1234 2690 17512 1905 872 3369 102 566 6259 25927 10365 434 1103 28042 23596 596 13523 9395 1952 7116 17531 1474 7837 4075 681 1356 56 1524
internal_value=-3.00668e-05 -0.00631688 0.0234945 0.00585799 -0.00740673 0.000721597 -0.0172456 -0.0307843 0.0813713 -0.00573733 -0.0199719 -0.00495664 -0.0110354 0.0265191 0.0116468 0.00336602 -0.00170249 0.102258 0.0109912 0.0172772 -0.000575175 0.00850063 0.00616013 0.00894808 -0.0237962 0.0224479 0.0163166 0.00870578 -0.0146907 -0.00639686
internal_weight=31549.2 15258 538.134 16291.3 14719.8 8632.06 1107.48 727.79 180.587 357.547 2385.29 12334.5 4306.05 168.861 7659.2 7524.59 8028.5 148.334 2563.97 3759 4960.62 1381.18 3900.21 3195.61 2162.86 2377.82 222.434 379.685 32.2525 704.595
internal_count=193732 96007 3122 97725 92885 52817 7395 5167 888 2234 15485 77400 27877 1000 44908 45422 49523 698 15428 21689 29994 8219 23219 19005 14096 13470 1389 2228 190 4214
cat_boundaries=0 2 4 6 8 10
cat_threshold=4194572 153093312 3352298181 270536896 3794895116 429410825 577306660 402655232 67117568 1092
is_linear=0
shrinkage=0.05


Tree=8
num_leaves=31
num_cat=9
split_feature=3 13 29 12 14 8 16 32 32 7 32 16 12 8 17 32 32 6 7 32 32 32 7 20 19 8 32 27 11 15
split_gain=424.805 243.119 338.219 264.507 307.233 144.659 175.154 159.232 121.197 118.093 103.639 85.0285 76.6203 73.2984 74.3724 70.673 70.1146 68.4562 61.7907 60.1393 59.8139 57.0232 52.8713 50.1383 47.5052 39.288 34.143 33.8893 21.3739 19.3743
threshold=0.9521050739982565 0.00075245993823940622 -0.00077470180305148786 0.0010309283664582188 0.00054551049354427492 57603242.500000007 -0.21245806390860442 0 1 0.69559217889217828 2 0.0017373173684628901 0.038461538461538554 551494.00000000012 0.23374764250938654 3 4 0.66094337765532873 0.49485001697394437 5 6 7 0.23157078505488285 0.015966500000000005 19.500000000000004 19264627.000000004 8 0.7334967180588563 0.18803983224951185 -0.019967632847883821
decision_type=2 2 2 2 2 2 2 9 9 2 9 2 2 2 2 9 9 2 2 9 9 9 2 2 2 2 9 2 2 2
left_child=1 2 20 4 -4 7 10 18 12 -9 -7 16 21 14 -13 -8 17 -10 -3 -15 25 28 -18 -23 -22 -1 -5 -14 -2 -29
right_child=8 5 3 26 -6 6 15 9 11 -11 -12 13 27 19 -16 -17 22 -19 -20 -21 24 23 -24 -25 -26 -27 -28 29 -30 -31
leaf_value=0.02550007884160917 0.028335263612222723 0.014536434152281039 -0.057491032980490492 -0.018733621926418885 -0.01826703965408645 0.074334668884908139 0.0017717021115694603 -0.00015770508074949656 -0.02982059628192409 0.05960905175634406 0.0094710578394965883 0.064889828553588977 -0.012587965003518492 0.034677148244507065 0.0057682995625856657 -0.010464443833226381 0.0056622162187430743 0.034740181236702632 0.056827775180854724 0.014398453191307751 -0.0086068025963760252 0.15723367581342748 -0.019831857054964642 0.0019620316671711082 0.0019428848108432432 -0.00014157918207128822 0.0047616038332137754 0.011524149830270556 -0.03839132092406497 0.034993370003945728
leaf_weight=288.40501107275486 13.299404151737688 2048.8850194513798 815.40463728457689 190.02254542708397 1287.5307577103376 89.445058897137642 1602.7133811712265 6593.1107984483242 47.939443364739418 83.699591651558876 190.46767766773701 170.51701030135155 60.215756833553314 450.34989574551582 77.31153130531311 4487.7434616982937 733.51015908271074 286.11009995639324 90.17053946852684 2209.7849011942744 2872.8106929287314 5.2071512192487708 281.38100622594357 3347.68184312433 1697.6917264685035 309.90900606662035 671.53632812201977 128.39391824603081 122.94693734496832 279.07164140045643
leaf_count=1707 87 12204 6490 1217 8768 528 9782 40261 293 416 1152 972 353 2533 434 27824 4419 1690 482 12654 18054 31 1727 20036 10509 1903 4115 753 769 1569
internal_value=-3.2597e-05 -0.00347681 -0.0104529 -0.0239163 -0.033476 0.000259372 -0.00548136 0.00440764 0.00974587 0.000590638 0.033192 0.0155895 0.00341106 0.020439 0.0464465 -0.00725876 0.00525073 0.0247346 0.0162433 0.018016 -0.00273115 0.000872349 -0.00139236 0.00219662 -0.00467794 0.0120176 -0.000582596 0.022424 -0.0296982 0.0275981
internal_weight=31533.3 23319.5 8133.31 2964.49 2102.94 15186.2 6370.37 8815.87 8213.72 6676.81 279.913 4256.9 3956.82 2907.96 247.829 6090.46 1348.94 334.05 2139.06 2660.13 5168.82 3489.14 1014.89 3352.89 4570.5 598.314 861.559 467.681 136.246 407.466
internal_count=193732 145412 52763 20590 15258 92649 39286 53363 48320 40677 1680 24722 23598 16593 1406 37606 8129 1983 12686 15187 32173 20923 6146 20067 28563 3610 5332 2675 856 2322
cat_boundaries=0 2 4 6 8 10 12 14 16 18
cat_threshold=2232089088 328505890 2181163340 160979201 4227393 403177472 622336736 42209296 68288672 268697670 543166466 35652116 16951296 39728 81932 1 2694390028 16450
is_linear=0
shrinkage=0.05


Tree=9
num_leaves=31
num_cat=6
split_feature=33 32 7 8 12 14 13 12 32 14 14 17 19 32 16 0 32 6 10 12 8 32 7 14 28 12 12 15 12 32
split_gain=399.287 179.855 177.856 247.78 163.515 145.72 140.335 288.431 106.609 88.9694 85.2468 84.5499 83.4052 78.1842 74.154 89.8975 66.1096 58.5054 58.2965 56.7392 69.7088 56.4962 52.2003 49.789 47.7446 48.9076 44.8426 33.376 32.2037 27.2252
threshold=1.0000000180025095e-35 0 0.51781873943276213 358322.00000000006 0.00042611120318390765 0.00026302955069839809 0.00096246390760350862 -0.00094388771140660455 1 0.012089891059788796 0.0099999999999999464 0.0034170845925744603 11.500000000000002 2 -0.19567333654282362 5.7645560000000007 3 1.0196480585845111 -0.056074541552877381 0.00065000885218646461 2631519.0000000005 4 0.1548541525749266 0.068182470102899254 -0.0064933781039533626 0.055555555555555462 -0.00077013670203338101 -0.33173779234878764 0.090909158249158392 5
decision_type=2 9 2 2 2 2 2 2 9 2 2 2 2 9 2 2 9 2 2 2 2 9 2 2 2 2 2 2 2 9
left_child=1 14 9 12 5 6 7 -2 -5 11 16 -3 -4 24 15 21 -7 22 -12 26 -21 -1 -15 -11 -6 -26 -16 -17 -19 -8
right_child=4 2 3 8 13 10 29 -9 -10 23 18 -13 -14 17 19 27 -18 28 -20 20 -22 -23 -24 -25 25 -27 -28 -29 -30 -31
leaf_value=-0.00088555561419055616 0.0071015459516461741 -0.0048284352942331368 -0.0073565462307851638 -0.032500733216526599 -0.0061378404266108208 0.017856412932366072 0.040711886017351845 -0.057233033192605511 0.030008320273069346 -0.0089785710176291996 -0.0044999809591519417 0.0064239178224076727 0.097447644486892471 0.018533834714294609 -0.018679556443212689 0.055203330990260036 0.0017555468942864897 0.025987751983438431 0.0069253645599242353 0.017602622895210515 -0.018185768634599451 0.051956132022886937 0.0054787012307455675 -0.032426902537565132 0.0063735815318770143 0.028834152215539435 -0.035242271891311919 -0.047101350048570217 0.073298768958208402 0.0023485632773277195
leaf_weight=114.21502719074488 305.53107215464115 5310.5696771889925 22.430775590240955 122.95831455290318 707.09952209889889 1385.0069659203291 44.315905928611755 405.35892080515623 130.07144023478031 3986.5401645600796 3357.1407837569714 2434.8344685956836 123.52092202007771 1721.4771117419004 971.18433871865273 8.8904300630092603 1192.9797916412354 694.72915886342525 1672.7598804235458 185.27638284862041 512.25926969200373 87.100494004786015 1379.0755675435066 240.01599185168743 2977.1700676307082 263.84717504680157 705.55735175311565 77.195926181972027 37.932289600372314 341.54150119423866
leaf_count=715 1822 33408 128 813 4239 8198 249 3402 750 25355 20589 15087 546 9840 6282 55 7207 3882 9814 1161 3268 531 7896 1657 17662 1478 5012 481 205 2000
internal_value=-3.33076e-05 -0.00592675 -0.00337802 0.0294597 0.00534059 0.00063252 -0.016406 -0.0295829 -0.000466088 -0.0044752 0.00308878 -0.00129116 0.0813407 0.0106073 -0.0176936 0.00622722 0.0104817 0.0156889 -0.000700331 -0.0206636 -0.00867981 0.0245136 0.0127271 -0.0103101 0.00561959 0.00820207 -0.025649 -0.036536 0.0284372 0.00787058
internal_weight=31518.6 15032.6 12370.9 398.981 16486 8704.63 1096.75 710.89 253.03 11972 7607.89 7745.4 145.952 7781.33 2661.68 287.402 2577.99 3833.21 5029.9 2374.28 697.536 201.316 3100.55 4226.56 3948.12 3241.02 1676.74 86.0864 732.661 385.857
internal_count=193732 95249 77744 2237 98483 53281 7473 5224 1563 75507 45808 48495 674 45202 17505 1782 15405 21823 30403 15723 4429 1246 17736 27012 23379 19140 11294 536 4087 2249
cat_boundaries=0 2 4 6 8 10 12
cat_threshold=37749004 150996164 3314549441 270536704 3794895116 429410825 2174014403 44062326 33554432 1088 16416 2134018
is_linear=0
shrinkage=0.05


Tree=10
num_leaves=31
num_cat=5
split_feature=13 29 12 14 6 19 14 32 32 32 4 8 17 17 15 32 17 7 10 16 8 6 8 7 19 15 7 7 32 33
split_gain=363.593 355.947 390.725 385.935 264.15 136.012 118.637 116.254 105.746 95.6989 88.4246 86.4902 80.0313 69.3424 65.9267 56.4976 54.6179 50.1084 67.7297 61.8802 49.2864 48.9466 47.3183 59.2792 47.7591 45.5224 41.0099 35.8408 35.7166 22.0082
threshold=0.00025170325536698037 -0.0009483507478256401 0.0010309283664582188 0.00054551049354427492 0.57033420281244995 19.500000000000004 0.039316280656350365 0 1 2 4.7234578175000008 205664351.50000003 0.0016846362711833553 -0.35911813183657099 -0.039010948190458146 3 0.078592400786401825 0.11207965544386191 -0.024382567464605261 -0.083335962536411887 18750460.500000004 0.25533054430536778 577110.00000000012 0.43408392161730852 19.500000000000004 -0.026672227826217573 0.13324362021280109 0.46061773844094128 4 2.3383087006588701
decision_type=2 2 2 2 2 2 2 9 9 9 2 2 2 2 2 9 2 2 2 2 2 2 2 2 2 2 2 2 9 2
left_child=1 12 3 -3 5 7 -5 25 27 17 14 -12 22 -9 -11 29 -17 19 -19 -6 26 -10 23 -1 -24 -2 -14 -7 -22 -4
right_child=4 2 15 6 9 8 -8 13 21 10 11 -13 20 -15 -16 16 -18 18 -20 -21 28 -23 24 -25 -26 -27 -28 -29 -30 -31
leaf_value=0.0017277123275911484 -0.0053118163599183508 -0.057346772824664327 -0.011955404473122992 -0.005281607389569315 0.03414950563205988 -0.0071424411372557096 -0.033379932617700232 0.01592413103934252 0.0034623027038341823 0.0090538677546979068 0.0096791196171656397 -0.023490347856182477 0.022924972536390874 -0.010410589112449966 0.024537258687652247 0.0049790479337018002 0.037645268010594313 -0.0047663985994038718 0.011489394616303057 0.0068098263134578271 0.011448606118554082 0.016218515967559858 -0.013554550621350268 0.05613442159792318 -3.2544445924036922e-06 0.012296180032552003 0.0048449801110419556 0.027674236295412488 -0.0068026351814303478 0.045812637303175779
leaf_weight=674.37445113062859 567.19254517555237 917.93308309465647 419.24275253713131 939.78857825696468 252.19118650257587 1489.2581320852041 625.82573798298836 262.13312283158302 1342.6252938807011 1024.3474528044462 2324.6122124791145 214.68017639219761 574.45594272017479 5385.5560356155038 2090.6284137517214 473.06948381662369 175.40662261843681 2067.4487630426884 928.56420804560184 1154.2035655453801 382.50947970151901 1709.473209105432 1758.3553614318371 54.080262050032616 1031.6529515981674 1040.3323094919324 690.80571436882019 77.777044117450714 836.0405415892601 17.162209436297417
leaf_count=4167 3439 7766 2635 6320 1503 9245 4416 1582 8248 6084 13295 1250 3367 33550 11772 2887 966 12442 5311 6778 2286 10326 11311 287 6450 6216 4128 443 5164 98
internal_value=-3.33515e-05 -0.0081648 -0.0206706 -0.0316056 0.00351522 -0.00153475 -0.0165134 -0.00580455 0.00517179 0.00947792 0.0137758 0.00687486 -0.000729969 -0.00917204 0.0194456 0.00436241 0.0136051 0.0039177 0.000271813 0.0117123 0.00614165 0.0105724 -0.0055809 0.00576685 -0.00854373 0.00604584 0.0130537 -0.00538004 -0.00103534 -0.00946667
internal_weight=31501.7 9570.7 3568.43 2483.55 21931 11874.3 1565.61 7255.21 4619.13 10056.7 5654.27 2539.29 6002.27 5647.69 3114.98 1084.88 648.476 4402.41 2996.01 1406.39 2483.81 3052.1 3518.46 728.455 2790.01 1607.52 1265.26 1567.04 1218.55 436.405
internal_count=193732 62248 25088 18502 131484 73049 10736 44787 28262 58435 32401 14545 37160 35132 17856 6586 3853 26034 17753 8281 14945 18574 22215 4454 17761 9655 7495 9688 7450 2733
cat_boundaries=0 2 4 6 8 10
cat_threshold=623796224 37018395 1090519817 153110349 2720112908 295196681 2696491404 420497474 29383360 44306480
is_linear=0
shrinkage=0.05


Tree=11
num_leaves=31
num_cat=8
split_feature=33 32 8 7 15 32 32 8 32 32 16 35 19 32 14 32 12 7 8 8 26 12 13 32 4 20 25 26 16 8
split_gain=333.264 161.592 167.199 292.182 140.749 211.844 148.302 127.48 125.075 115.231 107.339 107.009 97.5978 89.3312 69.8196 66.985 66.0731 63.8755 55.8946 52.5671 38.5391 35.7263 38.2671 34.0884 44.3545 22.425 21.3533 21.0339 30.2049 19.1843
threshold=1.0000000180025095e-35 0 577110.00000000012 0.43408392161730852 0.024399280259454832 1 2 378233482.50000006 3 4 0.12668578139312511 -0.5168418266456567 11.500000000000002 5 0.068182470102899254 6 0.00065000885218646461 0.083135024254454529 56055928.500000007 181633.50000000003 7.564897325553995e-07 -0.00077013670203338101 0.0017035775127767787 7 9.496082502500002 0.096056000000000016 4.0548672028912051e-09 4.5615482363962452e-09 -0.035399423492259385 2631519.0000000005
decision_type=2 9 2 2 2 9 9 2 9 9 2 2 2 9 2 9 2 2 2 2 2 2 2 9 2 2 2 2 2 2
left_child=1 16 3 9 6 23 11 10 18 -3 -7 20 -5 -9 -10 25 21 -13 -4 -17 -2 -1 -23 24 -6 -8 -25 28 -18 -29
right_child=4 2 8 12 5 7 15 13 14 -11 -12 17 -14 -15 -16 19 27 -19 -20 -21 -22 22 -24 26 -26 -27 -28 29 -30 -31
leaf_value=-0.019592697582984115 0.044099753808501424 -0.016027192710548661 0.0090836053185400448 0.0010983035905559886 -0.00076241253165693318 0.022765015908030879 0.011609095250802288 0.017726198966428807 -0.0087595873414734668 0.01001789344377373 0.008804692670237502 0.02357218179069779 0.075408819859391935 -0.014599968661599648 -0.03907130953766582 0.010261316904201366 0.087019105379173622 0.0028478475735943002 -0.0044701079829274053 -0.003900679187568801 -0.047003253283519959 -0.049383513541367087 -0.019867032635861672 -0.042287283841588356 -0.035130775887329976 -0.035307954883391883 -0.013808640570463313 0.0075097495939239747 -0.00068644549333865513 -0.018000240704482168
leaf_weight=506.62127996981144 269.46493572741747 598.32206769287586 1542.2859131097794 56.781517393887043 674.73802792280912 2923.2575699836016 28.921054162085056 313.12951318919659 8097.362353682518 1398.2584441155195 2602.9429972395301 476.75494784861803 199.18282167613506 623.47061584889889 194.53889045119286 741.778355486691 14.743282079696653 1688.9544067308307 1500.9369904249907 5617.0143443420529 12.131105802953241 302.79252811521292 172.29042474925518 124.22180266678333 109.04928062111139 213.37650330364704 140.00658792257309 119.21820365637541 29.376988276839256 193.02816489338875
leaf_count=3304 1569 3795 9574 341 4036 16874 182 1795 51763 8907 14872 2829 956 3664 1399 4543 94 10094 9377 34328 75 2450 1111 785 641 1360 836 748 189 1241
internal_value=-3.58901e-05 -0.00545421 -0.00380872 0.0086305 0.00484794 0.00990753 0.000648124 0.0132779 -0.00628403 0.00218278 0.0161894 0.0111346 0.0589242 -0.00375912 -0.00945933 -0.00325161 -0.021971 0.00741006 0.00239097 -0.0022451 0.0401751 -0.0288294 -0.0386793 -0.0108994 -0.00547428 -0.0285304 -0.0262055 -0.00369415 0.0286213 -0.00826032
internal_weight=31485 14925.7 13587.7 2252.54 16559.2 7510.82 9048.4 6462.8 11335.1 1996.58 5526.2 2447.31 255.964 936.6 8291.9 6601.09 1338.07 2165.71 3043.22 6358.79 281.596 981.704 475.083 1048.02 783.787 242.298 264.228 356.367 44.1203 312.246
internal_count=193732 95249 86112 13999 98483 43503 54980 37205 72113 12702 31746 14567 1297 5459 53162 40413 9137 12923 18951 38871 1644 6865 3561 6298 4677 1542 1621 2272 283 1989
cat_boundaries=0 2 4 6 8 10 12 14 16
cat_threshold=4194568 1088 102440972 427821132 73018048 413146190 614832642 10787632 2696217090 2375809 545259520 262176 538968076 17 35266560 419430404
is_linear=0
shrinkage=0.05


Tree=12
num_leaves=31
num_cat=5
split_feature=12 29 13 14 17 3 14 14 32 19 32 32 8 8 32 32 3 8 7 28 5 10 8 5 7 11 16 0 26 16
split_gain=321.839 216.393 556.773 386.063 139.223 131.514 113.697 91.691 84.3932 79.2217 64.2691 63.8049 58.2512 57.4015 56.082 51.7553 50.479 49.3988 112.455 55.8384 43.2384 41.9107 38.5495 44.4031 43.9896 35.2575 34.4558 29.671 25.9421 25.7083
threshold=0.00042611120318390765 -0.00061295849854227597 0.00096246390760350862 0.00054551049354427492 0.0016846362711833553 0.54856428257466161 0.029126213592233021 0.01181102548205158 0 22.500000000000004 1 2 405759.00000000006 577110.00000000012 3 4 2.9702191108031908 1296682.5000000002 0.43408392161730852 -0.0063128529127323028 6.3551280274777016 -0.15951943098318985 252437837.50000003 2.5515523933948119 0.25046311480385991 0.072307572012981117 -0.089427430613619921 0.015583000000000001 7.0021397364775381e-10 0.037888111483735464
decision_type=2 2 2 2 2 2 2 2 9 2 9 9 2 2 9 9 2 2 2 2 2 2 2 2 2 2 2 2 2 2
left_child=1 4 3 -3 9 8 -5 11 12 13 16 -6 25 -1 26 -11 27 18 -10 -19 -14 -9 24 -24 -12 -2 -4 -7 -18 -16
right_child=5 2 14 6 7 10 -8 21 17 15 22 -13 20 -15 29 -17 28 19 -20 -21 -22 -23 23 -25 -26 -27 -28 -29 -30 -31
leaf_value=0.002670079169194743 0.012234232902047488 -0.05698040293150472 0.0072500836372974137 -0.0017541199077521063 0.016639782729917414 0.11861385947402009 -0.029138163424768156 -0.01232886747466358 0.0012626785843731685 0.010546779479203129 0.022835164828702615 0.00094700413871659842 0.01002454631116001 -0.011185622527961663 0.0039730389037302607 -0.0055228344363880237 0.08506980315828333 -0.018326172398391613 0.056086531754764982 -0.0024372777265874021 -0.0047976773343973303 0.0017425135571898086 0.013971405856058173 -0.028387166253458579 0.0070012499540497977 0.04352705673736449 -0.013274872996170374 0.004517917143720053 0.024307084595868195 0.017348633828088371
leaf_weight=901.4476425498724 188.79887365549803 877.84345706552267 291.06810872256756 765.40680734813213 1848.5649359449744 5.7097309827804557 750.92675085365772 659.99956825375557 926.23162965476513 1038.5086944326758 1907.1222019717097 1008.1089865267277 1637.5450857356191 4376.7046592384577 1241.7688776701689 951.98402462154627 19.251566872000694 696.11923004686832 104.04284461587667 2688.5585924163461 703.34941239655018 2669.3938928246498 180.44341437518597 94.149688199162483 569.67158528417349 172.03011656552553 687.29468087852001 2803.5000034421682 200.61357916891575 505.47672279179096
leaf_count=5510 1106 7717 1818 5136 10853 32 5434 4129 5697 6397 10618 6105 9837 27850 7547 5916 107 4326 532 16624 4195 15906 1024 544 3160 986 4239 16317 1104 2966
internal_value=-3.73417e-05 -0.0042506 -0.0129993 -0.0305922 -0.000921539 0.0060306 -0.0153154 0.00459172 0.00148018 -0.00561366 0.0116329 0.0111634 0.00842231 -0.00881923 0.00245429 0.00288648 0.00653399 -0.00278083 0.0067991 -0.00570511 0.00557103 -0.00104692 0.0171603 -0.00055207 0.0191933 0.0271535 -0.00709606 0.00474982 0.0296275 0.00779796
internal_weight=31471.6 18574.5 5119.79 2394.18 13454.7 12897.1 1516.33 6186.07 7116.68 7268.65 5780.46 2856.67 2701.72 5278.15 2725.61 1990.49 3029.07 4414.95 1030.27 3384.68 2340.89 3329.39 2751.39 274.593 2476.79 360.829 978.363 2809.21 219.865 1747.25
internal_count=193732 117523 34857 18287 82666 76209 10570 36993 43303 45673 32906 16958 16124 33360 16570 12313 17560 27179 6229 20950 14032 20035 15346 1568 13778 2092 6057 16349 1211 10513
cat_boundaries=0 2 4 6 8 10
cat_threshold=97442496 9740082 2718026060 295457325 27579363 51698480 610533708 151781706 22255810 439915430
is_linear=0
shrinkage=0.05


Tree=13
num_leaves=31
num_cat=6
split_feature=13 29 12 14 6 19 14 32 32 8 15 32 16 17 32 17 17 32 8 17 32 6 8 7 15 19 29 7 7 33
split_gain=293.689 300.712 333.318 372.607 207.39 119.611 102.858 101.245 92.3595 79.6468 106.202 99.0142 72.9587 71.7583 70.0402 62.551 61.342 49.5073 48.4395 44.8325 43.787 43.338 38.9331 53.2721 38.5125 37.778 34.3808 28.376 21.7771 18.6843
threshold=0.00025170325536698037 -0.0009483507478256401 0.0010309283664582188 0.00054551049354427492 0.57033420281244995 19.500000000000004 0.04159418681589417 0 1 57603242.500000007 0.0034797697330558506 2 0.12668578139312511 -0.40844072576473439 3 -0.35911813183657099 0.0016846362711833553 4 199202035.00000003 0.078592400786401825 5 0.25533054430536778 1702347.5000000002 0.58091406004854285 -0.026672227826217573 19.500000000000004 -0.019954960437631116 0.46061773844094128 1.0000000180025095e-35 1.6506484744441996
decision_type=2 2 2 2 2 2 2 9 9 2 2 9 2 2 9 2 2 9 2 2 9 2 2 2 2 2 2 2 2 2
left_child=1 16 3 -3 5 7 -5 24 27 10 14 18 -12 -13 -6 -9 22 28 -11 -19 29 -10 23 -1 -2 -24 -22 -7 -4 -18
right_child=4 2 17 6 9 8 -8 15 21 11 12 13 -14 -15 -16 -17 20 19 -20 -21 26 -23 25 -25 -26 -27 -28 -29 -30 -31
leaf_value=0.0012259137971582035 -0.0048782258742881626 -0.056412866559394405 0.064869236178581632 -0.0049692337170991804 0.015270231609313853 -0.0065818926847543858 -0.031839071455979383 0.015203542765496415 0.0032185558973030549 0.036456109540455917 0.024494865632706527 0.16091301586089274 0.0088068097813325287 -0.00090900879050228938 -0.00091236984680201968 -0.0097577118209652702 -0.016423780864443367 0.0041619363396969032 0.010105015052747274 0.032888196497507897 0.0012561840464943887 0.0151989689548131 -0.013031840883278118 0.064928405100643224 0.011320442377494848 -0.00026635339843478651 0.013904813033914047 0.024095983937408402 -0.012140700890291834 0.015164066262362583
leaf_weight=970.9558944106102 564.03036842495203 841.19751900434494 9.3991352915763837 957.8139950633049 1053.3602336347103 1482.2761369720101 567.00357156246901 263.3715326488018 1342.314861625433 271.4770375341177 1918.3692940399051 6.8645099848508826 1207.6370908245444 3413.1121269017458 1805.6559953317046 5335.0556686148047 290.01371625065804 502.13771580159664 487.69811940193176 186.1846509128809 1007.2169453054667 1724.8208316639066 1558.9935496449471 33.967215031385422 1050.0205846130848 922.52165034413338 1151.3719887584448 79.415844395756721 393.91516187787056 55.825544968247414
leaf_count=6031 3439 7766 59 6515 6131 9267 4221 1582 8239 1491 10612 39 6675 19994 10711 33550 1809 3047 2782 998 6023 10313 10225 164 6216 5795 6781 443 2482 332
internal_value=-3.89727e-05 -0.00741223 -0.0191536 -0.0296984 0.00312689 -0.00137023 -0.0149608 -0.005396 0.00490259 0.00836606 0.0120646 0.00306934 0.0184343 -0.0005825 0.00510008 -0.00856813 -0.000635675 0.00370128 0.0192741 0.0117612 0.00533387 0.00992345 -0.0049238 0.00337911 0.00562497 -0.00828618 0.00796595 -0.0049899 -0.0100957 -0.0110066
internal_weight=31454 9448.52 3457.65 2366.02 22005.5 11841.3 1524.82 7212.48 4628.83 10164.2 5985.02 4179.15 3126.01 3419.98 2859.02 5598.43 5990.87 1091.64 759.175 688.322 2504.43 3067.14 3486.44 1004.92 1614.05 2481.52 2158.59 1561.69 403.314 345.839
internal_count=193732 62248 25088 18502 131484 73049 10736 44787 28262 58435 34129 24306 17287 20033 16842 35132 37160 6586 4273 4045 14945 18552 22215 6195 9655 16020 12804 9710 2541 2141
cat_boundaries=0 2 4 6 8 10 12
cat_threshold=623796224 37018395 1090519817 153110365 25169952 33816660 1180328836 178260714 2696487308 286279746 2786263044 402654412
is_linear=0
shrinkage=0.05


Tree=14
num_leaves=31
num_cat=7
split_feature=12 29 13 14 10 3 14 19 32 8 32 12 8 15 32 15 32 17 32 32 8 7 28 8 15 17 8 32 8 33
split_gain=269.876 179.031 485.192 370.191 116.476 109.375 100.467 91.5587 75.7011 67.0125 57.3341 57.8516 55.2132 52.3698 73.5052 51.6187 49.8393 48.8913 47.7607 46.6611 42.2031 86.5648 60.3747 37.7582 48.764 34.9428 33.4284 31.7034 24.1344 23.3143
threshold=0.00042611120318390765 -0.00061295849854227597 0.00096246390760350862 0.00054551049354427492 -0.051411670290462168 0.64931951238798435 0.028235346476107145 18.500000000000004 0 17790468.500000004 1 0.055555555555555462 18750460.500000004 -0.016193577076646096 2 -0.040315300207466709 3 -0.40844072576473439 4 5 1296682.5000000002 0.43408392161730852 -0.0063128529127323028 23980176.500000004 0.55886704513373109 0.15021501366407705 405759.00000000006 6 1.0000000180025095e-35 -0.19471954621478862
decision_type=2 2 2 2 2 2 2 2 9 2 9 2 2 2 9 2 9 2 9 9 2 2 2 2 2 2 2 9 2 2
left_child=1 4 3 -3 7 8 -5 9 12 -1 23 26 15 14 -6 -2 29 -14 -9 -15 21 -10 -22 24 -7 -13 -12 -25 -18 -4
right_child=5 2 16 6 13 10 -8 18 20 -11 11 25 17 19 -16 -17 28 -19 -20 -21 22 -23 -24 27 -26 -27 -28 -29 -30 -31
leaf_value=-0.0011113843796271455 0.0015986299939572666 -0.056150942575641842 -0.012838875489297644 -0.0012016026680077008 0.027071139137052433 0.023033445343352568 -0.027203758869165009 0.013261728399621035 0.0014145580152507603 -0.011322484595459557 0.019771627560036628 0.005739489570840332 0.090186075005663877 0.018688852510468576 -0.022637144477424806 0.02345186482498568 0.027185908506327329 0.0011357163052546138 -1.1610878950502661e-05 0.0027867483045415295 -0.018113425887527707 0.048177324887654339 -0.0018030792661875711 -0.00097109862309277789 0.081303662766909188 0.035484299729037223 0.0037124463394052907 0.020715857656136552 0.0059434185073937518 0.0016958445684403052
leaf_weight=2863.6292066723108 408.37662492692471 808.46720772981644 581.80057744681835 748.3616519421339 95.635204739868641 900.40917997807264 737.6649162992835 814.94622483104467 963.58989401161671 3660.814237177372 361.50616490095854 153.8764919936657 15.560676544904707 1180.7832765504718 247.9690371081233 798.73191380500793 147.02194577455521 1629.3878035992384 3807.2571435198188 776.12389923632145 711.66208626329899 110.29237532615662 2798.3982634320855 346.06499910354614 37.395430400967598 275.53386434912682 3127.3463701233268 324.6055748462677 1476.8388411551714 524.7340016067028
leaf_count=17763 2416 7717 3714 5041 559 4913 5529 4910 5916 23287 2073 881 92 6690 1514 4613 843 9778 23498 4445 4468 555 17307 1933 199 1449 17863 1753 8870 3143
internal_value=-4.0615e-05 -0.00392156 -0.011974 -0.0289226 -0.000912544 0.00548977 -0.0141091 -0.00302658 0.00153022 -0.00684075 0.0108172 0.0074888 0.00790986 0.00933057 -0.00867282 0.0160587 0.00226876 0.0019781 0.00235729 0.0124917 -0.00245099 0.0062173 -0.00510999 0.018762 0.025357 0.0248254 0.00537646 0.00981982 0.00781853 -0.00589305
internal_weight=31434.8 18472 5024.89 2294.49 13447.2 12962.7 1486.03 11146.6 7436 6524.44 5526.74 3918.26 2852.06 2300.51 343.604 1207.11 2730.4 1644.95 4622.2 1956.91 4583.94 1073.88 3510.06 1608.48 937.805 429.41 3488.85 670.671 1623.86 1106.53
internal_count=193732 117523 34857 18287 82666 76209 10570 69458 45145 41050 31064 22266 16899 13208 2073 7029 16570 9870 28408 11135 28246 6471 21775 8798 5112 2330 19936 3686 9713 6857
cat_boundaries=0 2 4 6 8 10 12 14
cat_threshold=97442496 9740082 1149121186 35685586 4767840 161501284 618922316 151782730 2349058 33855798 2705642155 305693568 1074791074 2097152
is_linear=0
shrinkage=0.05


Tree=15
num_leaves=31
num_cat=9
split_feature=33 32 7 8 15 32 32 10 8 32 35 16 32 8 7 5 32 32 11 19 15 32 28 7 8 2 26 5 32 20
split_gain=246.583 136.438 120.191 145.327 102.196 177.815 126.811 105.979 126.931 107.629 95.1006 88.4696 123.076 94.9999 153.324 68.7 66.7474 60.4159 60.3434 67.2597 58.5614 55.926 50.8529 48.9906 43.5736 42.5732 34.0381 33.4165 35.9837 21.2129
threshold=1.0000000180025095e-35 0 0.49485001697394437 7309530.5000000009 0.024399280259454832 1 2 -0.088565425503005543 104591177.00000001 3 -0.5168418266456567 -0.20747665120775519 4 577110.00000000012 0.32385747678952798 2.5515523933948119 5 6 0.2903224837115162 19.500000000000004 0.33553782343755961 7 -0.0029499367358799783 0.087785705040381398 5100388.5000000009 5.4993653900000012 7.564897325553995e-07 13.799229814169641 8 0.096056000000000016
decision_type=2 9 2 2 2 9 9 2 2 9 2 2 9 2 2 2 9 9 2 2 2 9 2 2 2 2 2 2 9 2
left_child=1 11 18 15 6 27 10 8 -7 -9 26 12 24 14 -13 -4 -5 29 19 -3 -20 -15 -19 -12 -1 -14 -2 28 -6 -8
right_child=4 2 3 16 5 7 17 9 -10 -11 23 13 25 21 -16 -17 -18 22 20 -21 -22 -23 -24 -25 -26 -27 -28 -29 -30 -31
leaf_value=-0.023659323045378846 0.041394535636662497 -0.0075985794738217113 0.097847202372251418 -0.040990410224675478 -0.00020165720546930861 0.010027129089438773 0.011738321985113105 0.025018546120390117 -0.018788948425616972 0.0094261511735395029 0.020556861220875352 -0.0071147721850840125 0.072254848510230646 -0.024321665212539267 0.042580598895804928 0.03305483637187117 0.024203189330677926 -0.011084210192081797 0.014367235093475589 0.0025191388172974456 -0.0099030393538946451 -0.011719844538224174 0.00014250697679891056 0.0024590511001045842 0.014324554861049554 -0.012161395178866087 -0.04585278598552063 -0.044037570265408325 -0.019683203032654303 -0.034036766347226237
leaf_weight=157.76944959163666 271.51142966002226 4180.3560091033578 73.627869680523872 64.87866285443306 572.63998711854219 1224.6934049651027 28.836653888225555 1789.142881244421 555.4853814765811 2999.3393183201551 494.45377702265978 926.12999016046524 94.605991974473 1213.0282887592912 186.45760060101748 92.072763934731483 73.583856232464314 1248.5571302250028 965.70992301404476 2705.7774295508862 334.67882151901722 3525.8958720192313 5249.9724858030677 1534.2147736102343 144.7989449352026 17.735598236322403 11.659002959728239 70.630286417901516 400.09793586283922 206.9173332080245
leaf_count=1012 1535 26919 337 421 3407 7200 182 9598 3340 17067 2909 6216 587 8571 1040 457 443 7675 6053 16955 2082 23140 32082 9162 906 110 75 419 2472 1360
internal_value=-4.11723e-05 -0.00474763 -0.000610171 0.0302516 0.00412818 0.00839746 0.000535722 0.0114342 0.00103539 0.0153239 0.010613 -0.0103362 0.011958 -0.0119347 0.00121363 0.0618449 -0.00755664 -0.00293514 -0.00175756 -0.00362301 0.00812084 -0.0150216 -0.00201138 0.00687009 -0.00530616 0.0541112 0.0378023 -0.0107274 -0.00841906 -0.0272805
internal_weight=31415.3 14757.1 8490.69 304.163 16658.2 7612.03 9046.12 6568.66 1780.18 4788.48 2311.84 6266.42 414.91 5851.51 1112.59 165.701 138.463 6734.28 8186.52 6886.13 1300.39 4738.92 6498.53 2028.67 302.568 112.342 283.17 1043.37 972.738 235.754
internal_count=193732 95249 53667 1658 98483 43503 54980 37205 10540 26665 13681 41582 2615 38967 7256 794 864 41299 52009 43874 8135 31711 39757 12071 1918 697 1610 6298 5879 1542
cat_boundaries=0 2 4 6 8 10 12 14 16 18
cat_threshold=3276800397 421528772 102440972 427821132 73017920 413146190 547623555 35915664 2182086913 1092 75497568 544768 538968076 17 268 150995008 35135488 16777220
is_linear=0
shrinkage=0.05


Tree=16
num_leaves=31
num_cat=6
split_feature=13 29 12 14 6 19 14 32 32 12 32 8 17 17 15 4 32 16 16 32 7 32 25 25 8 16 19 28 33 13
split_gain=238.037 256.427 279.132 349.367 159.321 98.4495 90.8353 87.419 76.2534 70.8048 73.2945 85.5333 56.924 48.591 44.3372 43.8391 41.8363 40.2874 38.6882 38.4352 39.2473 35.4086 31.5787 30.6412 27.4267 26.4068 21.9844 20.4761 17.103 8.07885
threshold=1.0000000180025095e-35 -0.0009483507478256401 0.0010309283664582188 0.00054551049354427492 0.57033420281244995 19.500000000000004 0.045454545454545518 0 1 0.066295678088794566 2 265980445.50000003 -0.35911813183657099 0.0016846362711833553 0.10404287562647119 3.1268548390517243 3 0.037888111483735464 -0.10845850176311854 4 0.1605918626901616 5 1.2670121639124079e-06 2.2637921625813497e-07 577110.00000000012 -0.08481418143379961 17.500000000000004 -0.0023017923930501393 2.2877755307916821 0.021853250987354755
decision_type=2 2 2 2 2 2 2 9 9 2 9 2 2 2 2 2 9 2 2 9 2 9 2 2 2 2 2 2 2 2
left_child=1 13 3 -3 5 7 -5 14 25 10 11 -6 -9 21 -2 -12 28 -18 -10 20 -15 23 27 -1 -23 -7 -21 -11 -4 -24
right_child=4 2 16 6 9 8 -8 12 18 22 15 -13 -14 19 -16 -17 17 -19 -20 26 -22 24 29 -25 -26 -27 -28 -29 -30 -31
leaf_value=-0.00031528300681021951 0.00074341898572657895 -0.055694746363496361 -0.01220299553380224 -0.0051742444745494949 0.014381170177416129 0.0050360943916986931 -0.031487697271317353 0.01485625450389208 0.019912523784024805 0.0043028561872462253 0.0072483300131955114 -0.0099136955908751875 -0.0087595156379009966 0.020238293667126529 0.020276490104868997 -0.0012904745328012094 0.0033526837851273993 0.031038371167481812 0.0061195645621654939 -0.006777532398486232 0.0015897054600753581 0.0026378958982025912 -0.029424597727926705 0.024121947370362468 -0.0095090753598757807 -0.0092795388887190796 0.0059808863488726412 0.037653596722376372 0.041744971652976942 0.037793511457586276
leaf_weight=505.49332757294178 1067.393602900207 754.38949241489172 378.28506405651569 990.22800159454346 3493.0100762099028 467.87778493762016 490.39853789657354 267.70580430328846 636.908497415483 54.298220202326775 3037.5418122932315 404.20406033098698 5449.6598840206861 608.51818911731243 399.15234160423279 2975.7672762349248 504.08718740940094 177.73039509356022 2519.6508979350328 740.02914316952229 526.02385400235653 590.33601509034634 27.659747570753098 171.89559935033321 2183.6390709578991 1034.1275850608945 620.96611344814301 301.98733408749104 15.284998089075087 5.3317611515521994
leaf_count=3187 6404 7611 2412 6839 19349 2913 3822 1593 3814 303 17632 2352 34604 3508 2350 17253 3018 957 15156 4508 3083 3607 155 1059 14304 6487 3729 1609 84 30
internal_value=-4.25995e-05 -0.00677546 -0.017929 -0.0280001 0.00277229 -0.00118309 -0.0138895 -0.00485423 0.00447813 0.0073201 0.00649848 0.011831 -0.00764038 -0.0005667 0.00601873 0.00301777 0.00300205 0.0104168 0.0088745 0.00474846 0.0114907 -0.00440987 0.0282374 0.00580033 -0.00689918 -0.00478831 -0.000949415 0.0325709 -0.00985737 -0.0185615
internal_weight=31399.6 9257.3 3310.4 2235.02 22142.3 11842.5 1480.63 7183.91 4658.56 10299.8 9910.52 3897.21 5717.37 5946.9 1466.55 6013.31 1075.39 681.818 3156.56 2495.54 1134.54 3451.36 389.277 677.389 2773.98 1502.01 1361 356.286 393.57 32.9915
internal_count=193732 61728 24743 18272 132004 73321 10661 44951 28370 58683 56586 21701 36197 36985 8754 34885 6471 3975 18970 14828 6591 22157 2097 4246 17911 9400 8237 1912 2496 185
cat_boundaries=0 2 4 6 8 10 12
cat_threshold=623796224 36756249 1090519817 153110361 1162760865 169903828 2696491404 286279744 27530155 10804016 71547394 268736814
is_linear=0
shrinkage=0.05


Tree=17
num_leaves=31
num_cat=5
split_feature=12 32 14 3 17 7 8 7 7 12 19 13 32 32 32 6 28 8 5 21 2 4 0 32 11 25 14 7 34 10
split_gain=220.878 147.097 88.6708 85.7421 81.0716 74.8549 80.0337 101.288 79.6823 67.2795 61.7951 57.5822 57.3565 57.1348 44.393 37.9072 33.7223 33.4784 31.7749 32.2062 27.9335 27.1594 31.9653 30.7775 24.0247 21.978 21.2435 20.7262 16.5453 15.1905
threshold=0.00042611120318390765 0 0.068182470102899254 1.6792577855111464 0.026643634114393393 0.069049824911151053 405759.00000000006 0.31918200301742389 0.18669466425297146 -0.00077013670203338101 22.500000000000004 1.0000000180025095e-35 1 2 3 0.40057747893711798 -0.0066609063955367018 265980445.50000003 0.025805193838135159 254665.50000000003 6.0321311800000013 3.6442271700000002 1.7499965000000002 4 0.52576525121699569 1.0000000180025095e-35 0.0010904464812538951 0.08229405826771935 -1.489781104213127 -0.2761667072748572
decision_type=2 9 2 2 2 2 2 2 2 2 2 2 9 9 9 2 2 2 2 2 2 2 2 9 2 2 2 2 2 2
left_child=1 9 4 5 10 13 7 -7 -8 15 -3 26 -6 20 18 24 -15 -17 28 -20 -2 22 -16 -23 -1 29 -11 -13 -5 -4
right_child=3 2 25 14 12 6 8 -9 -10 11 -12 27 -14 16 21 17 -18 -19 19 -21 -22 23 -24 -25 -26 -27 -28 -29 -30 -31
leaf_value=-0.01988078622273003 0.053923184892542157 -0.0070468539002300039 -0.011436881598682478 0.0059516441319280846 0.0072515066518565891 0.0065682933382255684 0.0031991739464683564 0.04484386417043848 -0.007272891064397 -0.055642916040389505 0.0017901831617249441 0.010975485712658382 -0.0020313220024300296 -0.0078611294359893936 0.016855813137087308 0.0080147221236622664 0.0134382635040494 -0.04093979798395353 0.013700469252583239 -0.0051353782163802248 0.018092122639326105 0.0002237776215680649 0.037175144115277038 0.020733818501184626 0.038902521686656484 -0.0013662352173280858 -0.032027772077018866 -0.020810963099103148 0.1297501651815379 -0.040103261494978198
leaf_weight=519.31077892333269 124.74126585572958 7058.8673883453012 59.067022010684013 4.1742470860481262 3296.7423803806305 910.3853705227375 5270.3415649905801 213.35057470947504 2771.879099920392 177.57956849038601 2748.5185784772038 67.49870628118515 3345.9366887137294 232.58154314756393 489.25808593630791 332.04322917759418 924.55460714548826 39.028520315885544 417.15701947361231 497.68726475536823 96.450745806097984 338.8782365322113 320.2431667894125 403.36501367390156 17.983535870909691 64.357944466173649 205.36628326773643 213.47270819544792 7.6359621137380582 212.36196280270815
leaf_count=3466 719 46176 454 23 19672 5357 31347 1111 16893 1962 17404 432 20593 1378 2661 1990 5408 244 2282 2720 544 1890 1715 2120 121 404 1582 1372 41 1651
internal_value=-4.36722e-05 -0.00357672 -0.00219938 0.00493688 -0.00168149 0.00296993 0.00133628 0.0138352 -0.00041019 -0.0181519 -0.00457028 -0.0303655 0.00258358 0.0138338 0.0133052 -0.00942493 0.00907868 0.00286579 0.0044574 0.00345352 0.0366425 0.0184413 0.0248943 0.0116521 -0.0179133 -0.0276362 -0.0429786 -0.0131748 0.0859943 -0.033865
internal_weight=31380.8 18358.1 16785.9 13022.7 16450.1 10544.3 9165.96 1123.74 8042.22 1572.28 9807.39 663.917 6642.68 1378.33 2478.4 908.366 1157.14 371.072 926.654 914.844 221.192 1551.74 809.501 742.243 537.294 335.787 382.946 280.971 11.8102 271.429
internal_count=193732 117523 106354 76209 103845 62757 54708 6468 48240 11169 63580 5348 40265 8049 13452 5821 6786 2234 5066 5002 1263 8386 4376 4010 3587 2509 3544 1804 64 2105
cat_boundaries=0 2 4 6 8 10
cat_threshold=4194572 1089 3248771747 35967508 42483874 33604112 2198593964 20208136 1086324800 143130688
is_linear=0
shrinkage=0.05


Tree=18
num_leaves=31
num_cat=8
split_feature=13 29 12 14 8 15 32 32 16 17 3 32 32 14 7 2 15 2 32 3 32 32 11 32 6 8 19 7 4 10
split_gain=203.177 233.679 264.908 349.995 135.006 133.841 134.788 134.525 118.161 111.155 97.674 104.702 89.1715 87.2205 77.9974 67.747 65.729 60.4426 59.0583 43.318 39.5839 39.0998 38.6678 36.7459 34.5459 28.0424 21.1563 20.756 18.8121 16.4022
threshold=0.00025170325536698037 -0.00061295849854227597 0.0010309283664582188 0.00099009900990108661 20468429.500000004 -0.037667313982552443 0 1 -0.21245806390860442 -0.15610977008542901 0.96920371487744539 2 3 0.029126213592233021 0.10479563400476244 4.0706114100000006 0.33553782343755961 0.088216699999999995 4 -0.073840610107314755 5 6 0.2977099902898292 7 1.0304169156247209 1702347.5000000002 19.500000000000004 1.0000000180025095e-35 14.965099995000001 -0.049180327868852451
decision_type=2 2 2 2 2 2 9 9 2 2 2 9 9 2 2 2 2 2 9 2 9 9 2 9 2 2 2 2 2 2
left_child=1 19 3 -3 5 7 16 22 12 -8 15 -12 17 -5 -14 -10 -7 -6 -9 23 27 28 -2 26 -22 -25 -1 -4 -21 -23
right_child=4 2 20 13 8 6 9 18 10 -11 11 -13 14 -15 -16 -17 -18 -19 -20 21 24 29 -24 25 -26 -27 -28 -29 -30 -31
leaf_value=0.00084418952241104494 0.053318567472803169 -0.055133654530652637 0.062205795910489331 -0.00020961317452995837 0.13280322558367302 0.0033985619815633042 0.06184975683168719 -0.016595113134300909 -0.0018060588024328421 0.015042009623761019 0.020718134093262647 0.00026758345716751717 0.11092164893441292 -0.025294222938325006 0.03213100508690013 -0.011538702985514763 -0.037200228314234272 -0.0096156746369284452 0.00043498425486160862 0.014103100348944311 0.006402824525392193 -0.0051651429584314125 0.14836469616967626 0.0018525858917199135 0.046560656675174145 -0.0087469365585736286 0.022293738116046666 -0.012652901090024116 -0.0059312647647763077 0.0068960069635859607
leaf_weight=304.16302245110273 59.222950249910355 741.85361533612013 9.5054468661546689 702.54691718518734 7.767395243048667 2348.5292194336653 130.96271775662899 618.69634607434273 5451.5917313918471 4022.1571368351579 801.71551385521889 2745.9545960277319 36.081834852695465 683.83472076058388 242.59975054860115 2660.6336516365409 104.11405071616173 182.232900634408 2680.6958065629005 976.40673231333494 674.24009548127651 860.75242246687412 13.060837194323538 856.49497640877962 58.175261542201042 2298.7290007695556 184.80749817192554 358.21148537099361 133.15152793377638 419.14064553380013
leaf_count=1900 340 7797 57 4794 42 13952 663 3796 34009 22782 4316 15543 204 5409 1420 16418 616 1089 16222 5735 3958 5316 72 5323 300 15060 1106 2271 772 2450
internal_value=-4.30873e-05 -0.00625987 -0.0171173 -0.0274149 0.00256163 0.00686975 0.011007 -0.00123601 -0.000982391 0.0164783 -0.00197184 0.00494823 0.0236332 -0.0125826 0.0408659 -0.00499815 0.00166835 -0.00360378 -0.00279897 -0.000450506 0.00280384 0.00478147 0.0619253 -0.00388105 0.00946333 -0.00585112 0.0087717 -0.0104341 0.0115944 -0.00120592
internal_weight=31368 9262.01 3228.37 2128.24 22106 9977.44 6605.76 3371.68 12128.6 4153.12 11659.9 3547.67 468.682 1386.38 278.682 8112.23 2452.64 190 3299.39 6033.65 1100.13 2389.45 72.2838 3644.19 732.415 3155.22 488.971 367.717 1109.56 1279.89
internal_count=193732 62248 24586 18000 131484 58443 38013 20430 73041 23445 70286 19859 2755 10203 1624 50427 14568 1131 20018 37662 6586 14273 412 23389 4258 20383 3006 2328 6507 7766
cat_boundaries=0 2 4 6 8 10 12 14 16
cat_threshold=126951692 151535945 67117060 8389153 633344000 167789142 8388645 10490468 6291752 1311108 2695442828 269502530 9859779 321180430 21202944 8427810
is_linear=0
shrinkage=0.05


Tree=19
num_leaves=31
num_cat=7
split_feature=12 32 28 14 19 8 8 8 32 32 12 16 32 4 32 17 3 10 13 32 7 6 8 8 11 14 1 26 32 5
split_gain=186.927 129.631 83.6288 77.9525 73.2835 70.9924 68.2288 63.1573 64.9749 61.3741 60.3881 59.1712 62.3258 56.3712 65.2833 61.3854 55.7693 53.4803 53.1067 46.3804 38.5339 34.173 30.7746 23.7013 21.8218 21.2182 20.1853 22.9571 22.7496 19.1299
threshold=0.00042611120318390765 0 -0.0045248868762923613 0.068182470102899254 18.500000000000004 18750460.500000004 57603242.500000007 433137.50000000006 1 2 -0.00077013670203338101 -0.18194859365114288 3 7.4204812049056619 4 0.036622642961587258 2.9702191108031908 -0.19691585936129161 1.0000000180025095e-35 5 0.31918200301742389 0.40057747893711798 265980445.50000003 30100465.500000004 0.52576525121699569 0.0010904464812538951 29981.500000000004 7.564897325553995e-07 6 0.056654712782834855
decision_type=2 9 2 2 2 2 2 2 9 9 2 2 9 2 9 2 2 2 2 9 2 2 2 2 2 2 2 2 9 2
left_child=1 10 7 4 5 -3 13 8 -2 23 21 12 -8 14 -4 -15 -13 -11 25 -6 -10 24 -23 -9 -1 -12 27 -5 -28 -20
right_child=2 3 6 26 19 -7 11 9 20 17 18 16 -14 15 -16 -17 -18 -19 29 -21 -22 22 -24 -25 -26 -27 28 -29 -30 -31
leaf_value=-0.018987356296832916 -0.016450739135994329 0.00017223791997217981 0.027886571681674511 -0.038266185150951093 0.009691210150661593 -0.0084628306809710046 -0.0018187833695989773 -0.011067170439222991 0.013545057340048967 -0.012919794406102462 -0.055056677667790016 -0.00084431255520129873 0.044990038346208037 -0.0047906943401758656 0.010601137815800778 0.012828588375680877 0.030114436957512411 0.0079478125259556422 0.056057235633610175 7.9539318714246318e-05 0.049766014066964237 0.0075736244648462406 -0.039885800572698298 -0.027836576406668995 0.036498527320807203 -0.030692976186683419 -0.026592593114473758 0.0048728131531499139 0.025626782612124213 -0.015097638121654478
leaf_weight=511.50749430805445 155.38116785883904 4517.2118352949619 665.60453867167234 226.27101309597492 1643.692619651556 5031.4342525303364 137.19377411901951 632.42651621997356 376.4559874907136 488.95890516042709 162.4532923027873 3876.2423707917333 147.10043552517891 1074.7015520483255 3217.7485096156597 915.41947790235281 151.14034509658813 825.22656201571226 9.7899855077266675 5218.522034317255 91.221079379320145 333.50062890350819 38.055347815155983 315.98087793588638 18.355971500277519 198.62656506150961 32.11747457832098 35.706910818815231 31.337907537817955 268.74575366824865
leaf_count=3466 926 28940 3623 1824 9937 32178 812 3794 2197 3012 1962 23092 847 6464 18438 5058 797 4737 65 32790 466 1990 244 1946 121 1582 221 256 208 1739
internal_value=-4.44015e-05 -0.00330949 0.00452128 -0.00202464 -0.00154532 -0.00437781 0.00665008 -0.0029925 0.0111036 -0.00687419 -0.0171392 0.00187375 0.0239197 0.0101564 0.013663 0.00331386 0.000317513 0.000182374 -0.0290006 0.00239604 0.0201785 -0.00891291 0.00271276 -0.0164805 -0.0170652 -0.0416544 -0.0262579 -0.0323865 -0.000955873 -0.0125967
internal_weight=31348.1 18277.3 13070.8 16736.3 16410.9 9548.65 10185.2 2885.65 623.058 2262.59 1541.04 4311.68 284.294 5873.47 3883.35 1990.12 4027.38 1314.19 639.616 6862.21 467.677 901.419 371.556 948.407 529.863 361.08 325.433 261.978 63.4554 278.536
internal_count=193732 117523 76209 106354 103845 61118 59131 17078 3589 13489 11169 25548 1659 33583 22061 11522 23889 7749 5348 42727 2663 5821 2234 5740 3587 3544 2509 2080 429 1804
cat_boundaries=0 2 4 6 8 10 12 14
cat_threshold=4194572 1089 27852808 134496512 2719252737 286277740 3263168772 11534880 7226240 10748426 2147678338 35951414 1653080576 135020544
is_linear=0
shrinkage=0.05


Tree=20
num_leaves=31
num_cat=8
split_feature=33 32 7 8 7 32 10 32 16 32 16 32 8 16 16 5 32 15 8 17 32 5 11 28 15 32 8 2 17 21
split_gain=176.998 110.978 100.224 121.194 83.1055 143.758 133.616 90.546 79.1779 103.652 77.9524 103.74 82.005 134.65 77.2734 75.4552 74.8588 67.441 64.776 63.5904 61.9123 55.1348 51.5688 59.2409 52.9105 44.8273 38.9002 36.7 36.0489 32.7014
threshold=1.0000000180025095e-35 0 0.49485001697394437 7309530.5000000009 0.166670147845036 1 -0.080815899591698756 2 -0.092723693245644681 3 -0.20747665120775519 4 577110.00000000012 -0.035399423492259385 0.34717817043182375 0.025805193838135159 5 -0.091645335241001061 20468429.500000004 0.76829866318845363 6 2.5515523933948119 0.2903224837115162 -0.0039840637445569373 0.33553782343755961 7 5100388.5000000009 5.4993653900000012 0.93878428295951988 21888550.500000004
decision_type=2 9 2 2 2 9 2 9 2 9 2 9 2 2 2 2 9 2 2 2 9 2 2 2 2 9 2 2 2 2
left_child=1 10 22 21 5 14 16 17 9 -7 11 26 13 -12 18 -9 29 -8 -2 -10 -5 -4 23 -3 -24 -14 -1 -13 -16 -6
right_child=4 2 3 20 6 8 7 15 19 -11 12 27 25 -15 28 -17 -18 -19 -20 -21 -22 -23 24 -25 -26 -27 -28 -29 -30 -31
leaf_value=-0.022198439330525399 0.016594643125026634 -0.012847996518443833 0.087746419986471674 -0.040037044301713245 0.00023825795810164622 -0.011921674934507007 -0.021106659034627627 0.083509876813602502 -0.0043465067121448058 0.027434475182978615 0.020753233583977973 0.065735713318790953 -0.022166720452991173 -0.014377453726843778 0.078349435954354271 -0.00059659981077548089 -0.014684878459840726 0.021431926065401175 0.0059452328005872197 0.0757280896395955 0.023011219256374407 0.030318281053720489 0.013595289643312795 -0.00090770761216840625 -0.0095077763628335001 -0.010668716357720829 0.01389562952160538 -0.012359052381125064 -0.0080027604563257283 0.049727212782937374
leaf_weight=153.54116329550743 2607.6518866494298 1277.5624829307199 75.82702662050724 63.023198537528515 1047.3075812906027 248.88110367208719 102.65277774631977 26.951500155031681 3503.794939622283 483.98789265006781 499.33886446803808 98.573139734566212 1160.2031544372439 601.09229385107756 61.42202764749527 2524.0467275455594 1897.3949926421046 1009.135909974575 3156.2238458395004 24.97044663131237 74.450482904911041 93.119943924248219 972.42302712798119 5558.3966839760542 332.58303339034319 3468.640346981585 145.28021267056465 17.753449007868767 15.046875178813933 34.479182809591293
leaf_count=1012 14972 8164 337 421 6341 1534 604 146 21138 2924 3235 587 8571 4021 335 14236 11811 5523 18490 142 443 457 6053 35710 2082 23140 906 110 79 208
internal_value=-4.30236e-05 -0.00406842 -0.000343464 0.0277281 0.00346497 0.00632126 -0.000879233 0.00551655 -0.000672413 0.0142809 -0.00917401 0.0117326 -0.0107049 0.00156368 0.0114061 0.000290852 -0.0087426 0.0173482 0.0107632 -0.00377988 -0.007131 0.0560933 -0.00140048 -0.00313921 0.00770743 -0.0136216 -0.00449973 0.0495569 0.0613578 0.00179896
internal_weight=31335.8 14591.8 8447.39 306.421 16743.9 10102 6641.97 3662.79 4261.63 732.869 6144.42 415.148 5729.27 1100.43 5840.34 2551 2979.18 1111.79 5763.88 3528.77 137.474 168.947 8140.97 6835.96 1305.01 4628.84 298.821 116.327 76.4689 1081.79
internal_count=193732 95249 53667 1658 98483 59614 38869 20509 25738 4458 41582 2615 38967 7256 33876 14382 18360 6127 33462 21280 864 794 52009 43874 8135 31711 1918 697 414 6549
cat_boundaries=0 2 4 6 8 10 12 14 16
cat_threshold=3276800397 421528772 1166981793 36476564 1692549570 41943802 2179334 16777249 2182086913 1092 2190729410 135565612 75497568 544768 268 150995008
is_linear=0
shrinkage=0.05


Tree=21
num_leaves=31
num_cat=6
split_feature=13 29 12 14 14 6 14 32 8 16 15 7 32 32 7 8 17 32 15 10 32 16 32 8 30 19 4 16 33 13
split_gain=171.303 204.768 254.976 336.218 128.975 84.9573 78.9072 65.1348 57.7199 68.6034 67.4836 55.5706 75.4516 47.5532 42.6001 54.7592 38.7697 38.1909 37.6818 36.878 36.8616 36.2405 31.9934 31.3026 29.6931 25.6246 24.3286 21.5275 14.5121 12.07
threshold=0.00075245993823940622 -0.00038398644533181023 0.0010309283664582188 0.00099009900990108661 0.0053006602028329297 0.32374242198421821 0.045454545454545518 0 20468429.500000004 -0.21245806390860442 -0.037667313982552443 0.166670147845036 1 2 0.6253396559116482 7309530.5000000009 0.0016846362711833553 3 -0.28649729530278006 -0.21739116819560103 4 0.037888111483735464 5 19264627.000000004 0.01202919101342559 22.500000000000004 2.1622483950000007 -0.020867192062423639 2.398168327923623 0.00040240446274358751
decision_type=2 2 2 2 2 2 2 9 2 2 2 2 9 9 2 2 2 9 2 2 9 2 9 2 2 2 2 2 2 2
left_child=1 16 3 29 7 14 -5 19 10 -10 -9 13 -13 -7 18 -16 22 28 -6 26 -18 -19 27 -22 -21 -24 -2 -1 -4 -3
right_child=4 2 17 6 5 11 -8 8 9 -11 -12 12 -14 -15 15 -17 20 21 -20 24 23 -23 25 -25 -26 -27 -28 -29 -30 -31
leaf_value=0.014486831430492751 0.026472602586614588 -0.054901914812405785 -0.012932706467064882 -0.0029919618582945231 0.01930158265672724 0.010488124901283655 -0.028502406859895635 0.00068351143197210385 0.031881620829926224 -0.00046845007012000369 0.013855179645047714 0.0052504305854175898 -0.0088940907814047156 0.00014717482531474707 0.050542830081552817 -0.020014494813694075 -0.01137146697092528 0.0020753109802495386 -0.0086223765015972387 0.030298048013128222 0.011776359679825998 0.025182828378342965 -0.0086592393317760311 0.00019225222050388887 0.012493400057285761 0.001656405890036274 -0.01093195008781361 -0.0061601304017693771 0.046630574603511901 -0.025510250427882925
leaf_weight=364.52612283080816 60.09986823797226 699.85303348302841 348.3473304361105 907.92442189157009 124.74048294126987 2401.9109877943993 455.04924140125513 1493.1964976638556 171.19360469281673 3837.9151750653982 2788.2169785946608 1712.9525455236435 2075.340478271246 2073.3905434757471 70.562289789319038 45.05837008357048 323.23554290086031 613.08083936572075 3838.2244194447994 518.85173197090626 1269.8068321496248 234.61092874407768 2155.9078674465418 1078.4644971340895 426.78678968548775 835.24075492471457 157.12368999421597 193.13607877492905 10.535455942153929 36.764945641160011
leaf_count=2289 335 7734 2213 6379 761 13979 3819 8969 964 22934 15747 9989 12228 12135 312 293 2033 3673 24710 2844 7316 1239 14338 6507 2289 5260 915 1215 56 257
internal_value=-4.42496e-05 -0.00563725 -0.0156922 -0.0262183 0.00240036 -0.000965814 -0.011509 0.00679518 0.00521798 0.000912936 0.0092614 0.00194856 -0.00250798 0.00572097 -0.0068706 0.023046 -0.000292956 0.00262454 -0.00774343 0.0178414 0.00425665 0.00837189 -0.00371785 0.00642888 0.0222624 -0.00575947 -0.000583125 0.0072069 -0.010881 -0.053435
internal_weight=31322 9526.48 3306.17 2099.59 21795.6 12342.2 1362.97 9453.38 8290.52 4009.11 4281.41 8263.59 3788.29 4475.3 4078.59 115.621 6220.32 1206.57 3962.96 1162.86 2671.51 847.692 3548.81 2348.27 945.639 2991.15 217.224 557.662 358.883 736.618
internal_count=193732 64328 25370 18189 129404 74407 10198 54997 48614 23898 24716 48331 22217 26114 26076 605 38958 7181 25471 6383 15856 4912 23102 13823 5133 19598 1250 3504 2269 7991
cat_boundaries=0 2 4 6 8 10 12
cat_threshold=84692992 33593874 3806482880 162825554 111942273 436999316 2696479116 286261314 638787588 402654412 71543296 268736782
is_linear=0
shrinkage=0.05


Tree=22
num_leaves=31
num_cat=8
split_feature=13 29 12 14 14 28 7 32 2 8 14 32 32 3 32 29 10 32 19 32 16 8 11 32 8 17 28 33 32 13
split_gain=155.271 188.308 237.361 327.153 116.748 75.7064 76.8495 81.9287 73.892 74.7097 73.5534 52.8916 52.4256 48.116 56.2103 45.983 38.2692 37.0384 35.4586 34.6232 32.2379 31.6554 35.7037 30.209 24.5165 22.9465 20.4284 15.254 12.8575 12.2712
threshold=0.00075245993823940622 -0.00038398644533181023 0.0010309283664582188 0.00099009900990108661 0.0073266826558452966 -0.0066609063955367018 0.069049824911151053 0 4.0706114100000006 57603242.500000007 0.045454545454545518 1 2 0.6132733548288104 3 0.055481644010681092 -0.42117835533589532 4 18.500000000000004 5 0.037888111483735464 92910826.500000015 0.35062127061864062 6 358322.00000000006 0.005128319318029346 0.0027040302895594633 2.3383087006588701 7 0.00040240446274358751
decision_type=2 2 2 2 2 2 2 9 2 2 2 9 9 2 9 2 2 9 2 9 2 2 2 9 2 2 2 2 9 2
left_child=1 18 3 29 5 17 7 -7 9 11 -5 -6 -11 16 -15 -8 -10 25 21 27 -21 22 -1 -20 -19 -2 -25 -4 -23 -3
right_child=4 2 19 10 8 6 15 -9 13 12 -12 -13 -14 14 -16 -17 -18 24 23 20 -22 28 -24 26 -26 -27 -28 -29 -30 -31
leaf_value=-0.0034907392184539234 -0.0023880297117759657 -0.054552087558267182 -0.013582786481179797 -0.0028480578544814467 0.029227599559735071 0.036409716070012747 0.0047964824774316371 0.0099259717384912703 0.011645789036714246 -0.011563599784666265 -0.027656107424569445 0.0061638403990924443 0.001465063122984887 -0.029587910439869292 0.0029075757696630194 0.019782159596632053 -0.011744403242336023 0.0062106261137387722 -0.0018510166092249104 0.001844642634471011 0.023323814795824849 -0.02353332851888271 0.011387737764841765 0.012340492922074913 -0.010409511328654746 0.021149303953170093 -0.0015829980713458426 0.043643177670658569 -0.0082452548632548882 -0.024649690087395679
leaf_weight=2190.4256936460733 198.18376460671425 669.88197699189186 317.34365421533585 906.1556901037693 273.06393979489803 435.62930575013161 7208.0391859635711 925.95493081212044 187.15768252313137 1080.9376825094223 445.76506685465574 2243.310116648674 2639.6195977777243 134.78396183252335 1636.3579286038876 551.03271396458149 2664.1072871387005 275.00086750090122 1166.2393326163292 637.59991326928139 240.6156637519598 174.99986258894205 494.18483567982912 1100.5472654029727 1148.7919225841761 216.84741222858429 346.34199863672256 12.088555380702017 745.25569812953472 36.161667592823505
leaf_count=14019 1155 7734 2034 6379 1573 2443 42183 5342 1124 6774 3819 13271 16160 781 9189 2964 16790 1572 7269 3825 1259 1187 2917 6652 6917 1166 2063 63 4851 257
internal_value=-4.49458e-05 -0.00538635 -0.0151085 -0.0254347 0.00227671 0.00591742 0.00778336 0.0187396 -0.00139757 0.00215314 -0.0110279 0.00880725 -0.00234731 -0.00618849 0.000284029 0.00586073 -0.0102091 -0.00333775 -0.000280428 0.00248863 0.00764254 -0.00349514 -0.0007519 0.00415433 -0.00714917 0.00967671 0.0089458 -0.0111446 -0.0114978 -0.0530206
internal_weight=31302.4 9483.61 3265.61 2057.96 21818.8 10959.5 9120.66 1361.58 10859.3 6236.93 1351.92 2516.37 3720.56 4622.41 1771.14 7759.07 2851.26 1838.82 6217.99 1207.65 878.216 3604.87 2684.61 2613.13 1423.79 415.031 1446.89 329.432 920.256 706.044
internal_count=193732 64328 25370 18189 129404 63742 52932 7785 65662 37778 10198 14844 22934 27884 9970 45147 17914 10810 38958 7181 5084 22974 16936 15984 8489 2321 8715 2097 6038 7991
cat_boundaries=0 2 4 6 8 10 12 14 16
cat_threshold=60571811 33604192 9454208 25428000 33637157 150994976 2147549184 142626848 88355424 10524162 2696479116 269484098 3801162092 152061120 1073824012 152044102
is_linear=0
shrinkage=0.05


Tree=23
num_leaves=31
num_cat=7
split_feature=6 32 19 15 8 32 16 32 32 4 32 8 32 32 4 16 5 3 2 8 11 17 8 35 8 28 17 29 15 11
split_gain=148.055 119.154 108.641 88.7304 96.8797 78.4741 70.5074 70.1335 55.8715 52.7917 55.655 54.4745 64.2523 51.856 51.5236 49.2262 44.8842 43.6162 43.4872 37.0209 36.4722 72.7001 42.7022 32.046 38.2887 34.251 28.3976 22.8632 16.4215 13.4974
threshold=0.76038567420896108 0 22.500000000000004 -0.032138264881716096 280269999.00000006 1 -0.19941494916048272 2 3 2.7903675300000006 4 29414610.500000004 5 6 13.119250002500005 -0.12738733054800266 0.025805193838135159 -0.91780530479295408 4.1992812300000013 577110.00000000012 0.50877573198033621 0.0034170845925744603 5492313.5000000009 -0.038247216040502088 20468429.500000004 -0.0029499367358799783 0.15780513837647883 0.039583114249450609 -0.14243340831272097 0.8650551233045024
decision_type=2 9 2 2 2 9 2 9 9 2 9 2 9 9 2 2 2 2 2 2 2 2 2 2 2 2 2 2 2 2
left_child=1 6 3 5 -5 -3 14 16 15 11 27 13 -13 -9 17 -4 26 -1 -12 -10 22 -22 -8 25 -25 -18 28 -11 -2 -28
right_child=7 2 8 4 -6 -7 20 9 19 10 18 12 -14 -15 -16 -17 23 -19 -20 -21 21 -23 -24 24 -26 -27 29 -29 -30 -31
leaf_value=0.036806547406742253 0.10107885365157487 0.017635804978232344 0.024531444098305752 0.0020962646312550856 -0.011966084736998844 -0.0091674138674089876 -0.010076572019655875 0.074585294643726652 0.011162380314416064 -0.0057320115847625044 0.034832298743169225 0.025230848241705375 0.0025109153011983677 0.020794340437676591 -0.04027367364146895 0.0068781012684175002 -0.019256089200062332 -0.0045064924016606752 0.0080002695059512765 -0.0024794010867945915 0.22252683164065892 0.0023566029012100295 -0.025741254386344455 -0.0045693479923444085 -0.036280101508596736 0.0032085274898992406 0.16323925899256325 0.012701503286865213 -0.0035377707156654553 0.060510149029195062
leaf_weight=139.49651176482439 4.8290565609931937 278.78248301148415 467.40344611555338 7894.5146552026272 1449.6860667169094 5670.6844222322106 797.35673807561398 41.825019493699074 614.25764432549477 1146.9591912850738 167.17519530653954 423.31434586644173 1132.8810036331415 837.93016521632671 44.69368340075016 2545.6059001907706 193.15622046589851 117.86949297785759 1561.294429436326 2612.6488923951983 3.8658110052347174 124.47094351053238 957.48607594519854 293.76951380074024 140.82254698127508 1395.6751240119338 6.6384191885590536 197.1238826662302 16.803144693374637 6.1686181128025055
leaf_count=873 28 1794 2814 48924 9172 37024 5794 215 3756 6653 906 2329 6464 4801 302 15370 1124 727 8704 16323 25 795 6990 1700 835 8065 33 1068 93 31
internal_value=-4.52959e-05 -0.00198801 -0.000855408 -0.00312432 -8.54085e-05 -0.00789722 -0.013085 0.00604467 0.0047042 0.00897768 0.00463564 0.0144913 0.00886943 0.0244358 0.00928038 0.00958483 -0.00184112 0.0178858 0.0105345 0.000117017 -0.0167419 0.00898866 -0.0186236 -0.00281343 -0.0148447 0.000477476 0.054751 -0.00300618 0.0198163 0.113759
internal_weight=31285.2 23718.8 21533.6 15293.7 9344.2 5949.47 2185.24 7566.37 6239.92 5508.5 3072.55 2435.95 1556.2 879.755 302.06 3013.01 2057.86 257.366 1728.47 3226.91 1883.18 128.337 1754.84 2023.42 434.592 1588.83 34.4392 1344.08 21.6322 12.807
internal_count=193732 150683 135177 96914 58096 38818 15506 43049 38263 31140 17331 13809 8793 5016 1902 18184 11909 1600 9610 20079 13604 820 12784 11724 2535 9189 185 7721 121 64
cat_boundaries=0 2 4 6 8 10 12 14
cat_threshold=268 134218817 536944640 35651592 571064334 20204297 15448258 34378390 3250585728 143130752 2155872320 134217936 4194432 8388608
is_linear=0
shrinkage=0.05


Tree=24
num_leaves=31
num_cat=9
split_feature=13 29 12 14 14 14 28 2 8 32 8 32 32 2 32 4 8 32 8 32 32 6 17 32 7 32 7 12 35 30
split_gain=138.444 173.568 208.757 341.923 104.705 72.2025 70.715 69.2171 68.4472 69.9271 62.0268 52.4545 50.413 49.5683 43.0444 35.9617 33.8563 33.9833 31.9605 57.3425 36.1524 31.0415 30.5775 30.407 29.114 27.7644 27.0986 20.9342 16.3771 15.8048
threshold=0.00075245993823940622 -0.0009483507478256401 0.0010309283664582188 0.00054551049354427492 0.0078430591525819344 0.025974025974026062 -0.0066609063955367018 4.0706114100000006 20468429.500000004 0 57603242.500000007 1 2 29.322100170000002 3 7.4900755097849467 358322.00000000006 4 405759.00000000006 5 6 1.0304169156247209 -0.36873385201452774 7 0.43408392161730852 8 0.13569159613695239 -0.021105848590890947 -0.76601062381756269 0.08242999762296678
decision_type=2 2 2 2 2 2 2 2 2 9 2 9 9 2 9 2 2 9 2 9 9 2 2 9 2 9 2 2 2 2
left_child=1 18 3 -3 6 -5 16 10 9 -8 11 -6 -12 -10 15 -9 23 -18 19 28 27 25 -16 -2 -21 -4 -22 -20 -1 -23
right_child=4 2 21 5 7 -7 8 14 13 -11 12 -13 -14 -15 22 -17 17 -19 20 24 26 29 -24 -25 -26 -27 -28 -29 -30 -31
leaf_value=0.061865900778397667 -0.013639621994722155 -0.05290619644665269 -0.011769032016892007 0.00082779084946474281 0.020785666055897753 -0.021509312971753777 0.028422400667976966 0.006730705102305657 0.0037298552730071614 0.0093309303710106921 -0.01087803928942375 0.0038608690233739862 0.0018473121936191828 -0.050757351576628265 0.022095914382709889 -0.0064847177927379353 0.0067563297273692813 -0.010728635943309556 -0.0017974705634289927 0.013057407042012803 0.00038532941816671979 0.041616400142759628 -0.012005132701388369 0.018394044355976649 0.053063661013966271 0.0051803596525289838 -0.0082153464121403393 0.010558709713557865 -0.012642639028198083 -0.0015765337389645349
leaf_weight=7.5691846609115592 94.107221528887749 681.06038834899664 340.78671319037676 749.67236384004354 605.77099184691906 699.18742519617081 547.72983026504517 872.14049227535725 5050.9257582053542 3844.6950489282608 1127.2432059496641 1846.3665945231915 2461.670117020607 42.088038042187691 67.736920684576035 1256.2960774600506 358.73492902517319 1166.4214366525412 607.25145444273949 666.00570955872536 1682.7329248934984 71.359632894396782 2226.0199957191944 272.00296851992607 48.809126541018486 766.3296363055706 2009.5779615491629 787.11129611730576 287.57887002825737 30.117661848664284
leaf_count=46 549 8106 2179 5135 3480 5800 2940 5134 29742 21944 7100 10900 15085 250 405 7556 2037 7059 3731 3943 10742 375 13714 1509 246 4473 12886 4745 1767 154
internal_value=-4.2856e-05 -0.00510411 -0.0142684 -0.0236867 0.00214367 -0.0099516 0.00546379 -0.00146629 0.00722401 0.0117976 0.00201312 0.00814245 -0.00217476 0.00327958 -0.00621944 -0.00106461 -0.00336436 -0.00664201 -8.57509e-05 0.00803873 -0.00169887 0.00232956 -0.0109504 0.0102898 0.0155713 -9.64247e-05 -0.00428407 0.00514067 -0.0103801 0.0287971
internal_weight=31275.1 9435.15 3338.51 2129.92 21839.9 1448.86 11376.7 10463.2 9485.44 4392.42 6041.05 2452.14 3588.91 5093.01 4422.19 2128.44 1891.27 1525.16 6096.64 1009.96 5086.67 1208.59 2293.76 366.11 714.815 1107.12 3692.31 1394.36 295.148 101.477
internal_count=193732 64328 26222 19041 129404 10935 66030 63374 54876 24884 36565 14380 22185 29992 26809 12690 11154 9096 38106 6002 32104 7181 14119 2058 4189 6652 23628 8476 1813 529
cat_boundaries=0 2 4 6 8 10 12 14 16 18
cat_threshold=573570 8421920 2157464224 293864864 33637157 150999072 1080857153 53745669 21576288 144740874 2717450508 2098305 31570560 44342038 28901384 134234376 2696479116 403702850
is_linear=0
shrinkage=0.05


Tree=25
num_leaves=31
num_cat=6
split_feature=33 32 8 7 32 4 8 15 32 32 2 19 11 32 16 20 2 32 8 8 19 15 8 11 16 34 5 15 12 15
split_gain=134.786 87.5088 100.572 173.001 81.5477 77.3692 72.5871 104.183 165.435 128.046 96.2801 67.1274 65.804 65.7858 52.4796 69.061 53.1926 49.0707 48.4414 47.2241 42.1745 36.2801 35.1768 29.6439 43.7823 28.0595 28.072 27.9423 27.8887 11.9176
threshold=-0.097746826522918287 0 577110.00000000012 0.46061773844094128 1 18.155399952500005 265980445.50000003 0.002240962160113053 2 3 4.1549991800000017 11.500000000000002 0.041663627813195887 4 -0.18535160234759276 5.4804725000000012 2.7009112300000004 5 57603242.500000007 19264627.000000004 19.500000000000004 -0.075009850491128266 5100388.5000000009 0.5166296911739171 0.074691322030152954 1.9692956530870194 18.661887235634246 -0.33173779234878764 0.001562487337630083 0.19857369039782616
decision_type=2 9 2 2 9 2 2 2 9 9 2 2 2 9 2 2 2 9 2 2 2 2 2 2 2 2 2 2 2 2
left_child=1 14 3 4 -3 6 7 9 -9 -2 12 -5 -8 20 15 16 -1 19 -15 22 -4 -12 -7 28 -25 26 -19 -17 -16 -27
right_child=5 2 13 11 -6 17 10 8 -10 -11 21 -13 -14 18 23 27 -18 25 -20 -21 -22 -23 -24 24 -26 29 -28 -29 -30 -31
leaf_value=0.0057763749396433648 -0.01240667746475025 -0.020882966759083098 -0.010547190116231755 -0.0048109222223383374 0.0078520973713920254 -0.013701915810485658 0.056856066598302127 -0.0075773618069777705 0.012820872077486651 0.0043102325301665164 0.0038473043072105861 0.06357666824107007 -0.00052676907991626388 0.0071437333496808478 -0.021490898659398742 0.054262350201168742 0.060835240572572828 -0.039819433758526854 -0.0048866374311349169 -0.048840630558699312 -0.0020950112923157887 -0.029491997674884647 0.032172394608538962 0.11845106433391993 0.00034681904730231566 -0.045390859696897393 -0.0076358868608447789 -0.038580985631891669 -0.0077895858699821895 -0.018124311192726089
leaf_weight=148.5957852229476 1450.4854860045016 288.19431283324957 3741.8346769213676 44.948527500033379 1432.5922218486667 59.110204018652439 51.121489986777306 1191.8979199416935 5880.4777951538563 5302.0296995639801 101.17973390221596 177.90790858864784 2200.2470887750387 1781.8079493045807 1255.9787132143974 8.9664557576179487 62.240978598594666 77.320502422749996 1577.6220695972443 29.660169832408428 2437.1744704693556 421.70260246098042 142.60417471081018 9.1304077804088575 55.828629620373249 101.67365990579128 547.73061319440603 84.255550242960453 527.34065259248018 66.145865380764008
leaf_count=934 9129 1839 25351 250 9175 371 325 7268 32611 32073 626 790 13080 11127 9731 58 380 476 10014 175 15762 2554 828 60 374 614 3337 574 3454 392
internal_value=-4.25984e-05 -0.00377543 -0.00203249 0.00833216 0.00296387 0.00284533 0.00366827 0.00514942 0.0093906 0.000707338 -0.00371273 0.0497834 0.000776214 -0.00414662 -0.0130037 0.00618521 0.0220303 -0.0104914 0.00148972 0.00965045 -0.00720176 -0.0230407 0.0187294 -0.0162308 0.0169471 -0.0162855 -0.0116171 -0.029651 -0.0174393 -0.0346438
internal_weight=31257.8 13634.4 11482.1 1943.64 1720.79 17623.4 16599.1 13824.9 7072.38 6752.52 2774.25 222.856 2251.37 9538.44 2152.34 304.059 210.837 1024.25 3359.43 231.375 6179.01 522.882 201.714 1848.28 64.959 792.871 625.051 93.222 1783.32 167.82
internal_count=193732 89873 74308 12054 11014 103859 97666 81081 39879 41202 16585 1040 13405 62254 15565 1946 1314 6193 21141 1374 41113 3180 1199 13619 434 4819 3813 632 13185 1006
cat_boundaries=0 2 4 6 8 10 12
cat_threshold=37765384 136316100 2696217088 262145 102342668 159385672 2174834700 1049491 3239706855 319307786 32768 1081344
is_linear=0
shrinkage=0.05


Tree=26
num_leaves=31
num_cat=8
split_feature=13 29 12 14 6 7 10 32 32 14 16 32 7 8 15 26 8 34 19 8 32 15 6 32 32 32 17 27 32 27
split_gain=123.834 165.482 177.96 316.479 93.5294 107.595 90.7211 91.3628 72.2629 60.9755 59.1714 59.039 56.3659 53.9881 49.3267 42.0106 34.9047 31.7184 31.6979 32.2383 33.1539 31.4145 30.299 27.6063 25.4584 22.6483 20.0457 14.4343 11.4038 10.5456
threshold=1.0000000180025095e-35 -0.0009483507478256401 0.0010309283664582188 0.00054551049354427492 0.26530838997598533 0.166670147845036 -0.072831326315348263 0 1 0.045454545454545518 0.14355689087265144 2 0.51781873943276213 63530159.500000007 0.48627765957034469 1.3646782217470347e-07 45841793.000000007 0.85561694360139084 19.500000000000004 17790468.500000004 3 -0.29418798727746281 1.1130825112931559 4 5 6 0.14655684532978117 3.6822166402315752 7 0.51169321333577666
decision_type=2 2 2 2 2 2 2 9 9 2 2 9 2 2 2 2 2 2 2 2 9 2 2 9 9 9 2 2 9 2
left_child=1 18 3 -3 11 8 10 -8 14 -5 -7 15 17 -10 -6 21 -14 -13 19 20 -1 -2 24 -17 -4 29 -21 -24 -27 -20
right_child=4 2 22 9 5 6 7 -9 13 -11 -12 12 16 -15 -16 23 -18 -19 25 26 -22 -23 27 -25 -26 28 -28 -29 -30 -31
leaf_value=0.020539311625824844 0.022007258457107895 -0.053933923232364615 0.020144333456350229 -0.0033228029769207788 0.016864226850620417 -0.003328036744384217 0.019534691031542518 4.9732485799475196e-05 0.0087011005769796305 -0.025999222668390706 -0.020509176234634226 -0.0040211291805752622 0.054165321710578834 0.00060400433026492869 0.079415273982393286 0.010015487464425233 -0.0073286147415108378 0.0070889537593091315 -0.014694206601745108 -0.01070429224956195 -0.0007599718107156794 -0.015034531996682324 0.045246488701685315 -0.0091731883870690475 -0.0031321645256790244 0.015710061924399402 0.0022362074492708523 -0.035885006221106151 0.0053550959755431348 0.00021269018294915702
leaf_weight=194.70686201751232 59.277393281459808 592.29120663926005 124.87264065444469 963.92228621244431 1223.2219675332308 3438.064699858427 841.29792937636375 2061.435743175447 5217.317998573184 428.10721468925476 586.63358972966671 1949.4506258219481 78.020235612988472 3400.328464075923 32.351165741682053 369.49167113006115 32.767600566148758 958.16726548224688 161.12430703639984 1369.2566916197538 1698.6332293003798 1663.9298118129373 52.617308959364891 360.43530528992414 900.5756458491087 340.34969900548458 382.96940295398235 6.1198391318321219 1304.0571297109127 449.97694292664528
leaf_count=1115 351 7611 698 6839 6725 21089 4505 11201 29704 3822 3563 12301 370 20321 165 2351 211 5983 1008 9260 10629 10875 262 2289 5479 1967 2307 32 7896 2803
internal_value=-4.28839e-05 -0.00500329 -0.0144213 -0.0233218 0.0019548 0.00380387 -0.000973018 0.00576452 0.00715553 -0.0102967 -0.00583233 -0.00372288 0.000970564 0.00549979 0.0183299 -0.00946321 0.0359773 -0.000359947 -0.000105993 -0.00298842 0.00153487 -0.0137603 0.00186867 0.000551728 -0.000131799 0.00455287 -0.007876 0.0367934 0.00758031 -0.00365784
internal_weight=31241.8 8969.58 3068.51 1984.32 22272.2 16800.7 6927.43 2902.73 9873.22 1392.03 4024.7 5471.54 3018.41 8617.65 1255.57 2453.13 110.788 2907.62 5901.07 3645.57 1893.34 1723.21 1084.19 729.927 1025.45 2255.51 1752.23 58.7371 1644.41 611.101
internal_count=193732 61728 24743 18272 132004 97273 40358 15706 56915 10661 24652 34731 18865 50025 6890 15866 581 18284 36985 23311 11744 11226 6471 4640 6177 13674 11567 294 9863 3811
cat_boundaries=0 2 4 6 8 10 12 14 16
cat_threshold=3831513536 58771154 17578496 33592336 3330622337 438568131 174082 6950 2248212993 134480002 105038336 2363658 3859095592 151013056 2232450 44339470
is_linear=0
shrinkage=0.05


Tree=27
num_leaves=31
num_cat=7
split_feature=3 19 32 7 27 32 4 32 11 16 32 8 32 8 32 16 8 16 16 8 5 2 20 16 32 29 8 16 10 26
split_gain=115.288 101.913 79.5982 90.3633 75.5043 74.7358 63.4366 63.2294 61.0918 50.3984 69.644 49.5145 102.218 49.3659 48.2322 47.4365 46.5891 43.9894 43.3886 42.114 41.6013 38.9484 38.3979 37.6769 50.7981 36.2736 36.2258 33.5919 31.3891 27.159
threshold=0.072300962167461139 19.500000000000004 0 0.16566260987401457 0.67353968970043787 1 14.965099995000001 2 0.27672384536598665 -0.18864412555878887 3 4463215.0000000009 4 523790575.00000006 5 -0.13134051752564241 405759.00000000006 0.34717817043182375 -0.0043172872852059929 1380194.0000000002 0.025805193838135159 0.025657999545454547 0.18645000000000003 0.29531813247849387 6 0.037280564277893731 4857380.0000000009 -0.21245806390860442 -0.084279312104920498 1.2809649090426007e-07
decision_type=2 2 9 2 2 9 2 9 2 2 9 2 9 2 9 2 2 2 2 2 2 2 2 2 9 2 2 2 2 2
left_child=1 7 3 11 14 15 20 9 19 10 -1 12 -2 -10 -4 22 -16 -13 -17 -9 -5 29 -3 25 -25 -6 -11 -23 -8 -7
right_child=2 5 4 6 23 21 28 8 13 26 -12 17 -14 -15 16 18 -18 -19 -20 -21 -22 27 -24 24 -26 -27 -28 -29 -30 -31
leaf_value=0.028781011815613947 0.058605896969204097 0.07014712009068523 -0.028271122678181604 0.060015665834155719 0.0025877532573571642 0.021805611887332942 -0.044695712112410933 0.0022242238605193147 0.01436235636779251 -0.0054164845338340881 -0.013366296855633029 0.0074314683205528422 0.014866600723118076 -0.02363701744322097 0.0142189199175662 -0.0016841587966216775 -0.0071284131796440116 0.046839080873785605 0.011855527316450553 -0.0074055557915016588 0.0021681418981296286 0.014046500237581286 0.017408973743056465 0.030117373470735811 -0.026570376881818333 0.014925637569651283 -0.019079163226956606 -0.0049917014631828092 -0.0067858783083713202 0.11321770818271278
leaf_weight=157.40979823470116 150.3858640268445 36.906958468258381 229.15725430846214 31.462789967656136 4759.0442391782999 35.746800988912582 106.05836679786444 1471.7698190361261 682.93361615389585 675.89425157010555 227.57989514619112 2331.8836791813374 990.42449662089348 97.697078019380569 288.01486759260297 1243.9561466351151 2269.9883212670684 73.033352993428707 1128.449262432754 4967.1169942542911 2552.7134788483381 249.9393942579627 532.36161383241415 41.499408431351185 192.41423798725009 680.973423615098 1719.2522020041943 3174.7546984404325 112.54510392248631 10.515728130936621
leaf_count=959 842 219 1571 171 28501 230 656 9435 4309 4724 1468 13235 5540 629 1811 7751 14077 383 6974 32655 14443 1530 3223 235 1114 3679 12000 20695 614 59
internal_value=-4.20248e-05 -0.00292818 0.00315647 0.00738246 -2.30666e-05 0.00199193 0.000684618 -0.00608338 -0.00359795 -0.0124798 0.00426676 0.0126977 0.0212765 0.00960668 -0.00676222 0.00783966 -0.00470644 0.00862821 0.00475608 -0.00520443 0.00287245 -0.00297809 0.0208281 0.00328731 -0.0163616 0.00413219 -0.0152236 -0.00360226 -0.0251783 0.0425841
internal_weight=31221.9 16412.3 14809.6 6348.51 8461.09 6412.63 2802.78 9999.65 7219.52 2780.14 384.99 3545.73 1140.81 780.631 2787.16 2941.67 2558 2404.92 2372.41 6438.89 2584.18 3470.96 569.269 5673.93 233.914 5440.02 2395.15 3424.69 218.603 46.2625
internal_count=193732 106860 86872 35884 50988 40681 15884 66179 47028 19151 2427 20000 6382 4938 17459 18167 15888 13618 14725 42090 14614 22514 3442 33529 1349 32180 16724 22225 1270 289
cat_boundaries=0 2 4 6 8 10 12 14
cat_threshold=77492899 321164180 2174982214 176722086 49299854 421527748 4194434 421527616 1843200 16777728 67596 134218752 2166358016 64
is_linear=0
shrinkage=0.05


Tree=28
num_leaves=31
num_cat=7
split_feature=13 29 12 14 28 7 32 3 32 32 8 7 14 32 16 3 15 7 32 8 32 3 32 16 19 8 7 14 13 16
split_gain=110.892 148.643 186.746 307.181 93.1312 92.9421 71.4019 70.7475 84.0152 75.0159 67.3403 63.9357 60.1987 45.1582 43.5128 40.472 32.4065 30.0066 45.3398 28.9989 27.6933 29.0535 26.8073 26.9012 23.0324 22.7603 20.3937 15.9295 11.7007 10.1634
threshold=0.00075245993823940622 -0.00038398644533181023 0.0008528760867969851 0.00099009900990108661 -0.0039840637445569373 0.094453964059724074 0 1.7079813734106317 1 2 24433332.500000004 0.6253396559116482 0.028235346476107145 3 -0.010233419293583504 1.0594993570673454 -0.37751676874344942 0.052175013729743334 4 53881353.000000007 5 0.12807833171254515 6 0.042273466860041582 12.500000000000002 23980176.500000004 1.0000000180025095e-35 0.01054476609006726 0.00040240446274358751 0.25215411160750328
decision_type=2 2 2 2 2 2 9 2 9 9 2 2 2 9 2 2 2 2 9 2 9 2 9 2 2 2 2 2 2 2
left_child=1 17 3 28 11 6 10 9 -9 -7 -6 13 -5 19 24 -15 -8 18 -1 -2 27 -22 26 -24 -13 -20 -4 -19 -3 -16
right_child=4 2 22 12 5 7 16 8 -10 -11 -12 14 -14 15 29 -17 -18 20 25 -21 21 -23 23 -25 -26 -27 -28 -29 -30 -31
leaf_value=-0.022312099099794466 -0.0084377181794445828 -0.053984095941935463 0.057870670680872364 0.00086056144876149967 0.026264035249968815 0.0049489116297936802 0.14072920617139348 0.01787291120541595 -0.00019256346423883193 -0.0034718547917493752 0.0076262478478920856 -0.0061116966131421488 -0.020553983638432111 -0.0053953285874882573 -0.04606424229891376 0.010572315049486671 0.0036325645834312604 0.010786004739322366 0.028106968786424859 -0.023547180708116646 -0.0058859084787079748 0.0025607822359135619 0.0017480214754257506 0.022523759185014754 0.068124417006482363 -0.0027206735851751512 -0.0098915912646708858 -0.00017159826684427497 -0.023306086637250492 0.040286280649282538
leaf_weight=68.640488259494305 1102.354055210948 580.85537128895521 11.399846062064169 678.52269587665796 975.52959696948528 4234.7683852165937 4.3184621930122367 1284.3358887284994 1289.2035201117396 7006.8023613989353 963.14024063944817 12.745616436004637 635.59104410558939 1634.9136857017875 16.224929846823219 524.03445927798748 2311.0459064915776 666.78444248437881 257.97358158230782 446.05449482798576 2893.3445506989956 1570.6982681974769 567.80446734279394 214.73760612308979 57.969692006707191 77.970188148319721 427.141447044909 659.94598391652107 32.838469624519348 4.313556268811225
leaf_count=434 6561 7668 67 4680 5469 25023 23 6755 6964 43220 5729 66 5510 10006 101 2835 13521 3963 1567 2847 19101 9384 3344 1092 258 499 2763 4010 246 26
internal_value=-4.07798e-05 -0.00459999 -0.0134455 -0.0231363 0.0019074 0.0034035 0.00986575 0.0014136 0.00889179 -0.000298387 0.0169174 -0.00520919 -0.00949691 -0.00622689 0.036137 -0.00151255 0.00387155 -0.000104104 0.0130605 -0.0127083 -0.00102388 -0.00290738 0.00185396 0.00735511 0.0547442 0.0203464 -0.00794886 0.00529553 -0.0523425 -0.0279286
internal_weight=31212 9344.25 3148.89 1927.81 21867.8 18069.1 4254.03 13815.1 2573.54 11241.6 1938.67 3798.61 1314.11 3707.36 91.2538 2158.95 2315.36 6195.36 404.584 1548.41 5790.77 4464.04 1221.08 782.542 70.7153 335.944 438.541 1326.73 613.694 20.5385
internal_count=193732 64328 25370 18104 129404 106704 24742 81962 13719 68243 11198 22700 10190 22249 451 12841 13544 38958 2500 9408 36458 28485 7266 4436 324 2066 2830 7973 7914 127
cat_boundaries=0 2 4 6 8 10 12 14
cat_threshold=554592931 168348272 1614027331 462456806 2242621504 3447231 2721644553 429146532 2717714944 17042496 29854208 8689946 2696487308 319834178
is_linear=0
shrinkage=0.05


Tree=29
num_leaves=31
num_cat=10
split_feature=9 17 32 7 8 32 32 8 16 16 32 8 8 32 17 11 28 32 6 32 32 4 32 7 0 26 8 16 32 15
split_gain=102.362 89.941 83.5364 80.4667 91.6327 62.9537 60.7092 56.237 58.014 51.0187 65.6875 57.3856 47.8027 46.5155 58.0617 46.7116 42.259 45.8046 40.5261 41.0181 37.8265 41.779 36.1858 34.5436 33.6542 33.2114 39.1042 30.2077 28.7631 24.7031
threshold=21945.500000000004 0.020856302899488862 0 0.2040789926517996 20980144.000000004 1 2 20468429.500000004 -0.21245806390860442 -0.10135609978353577 3 2631519.0000000005 16962431.500000004 4 -0.3923835513895213 0.18584066018359782 0.0093041317752666688 5 0.95743902422760119 6 7 0.57767835350318475 8 0.18302294517213413 0.21228700000000003 1.5505332190352022e-08 2034540004.5000002 0.28209972173396236 9 -0.012389927681287034
decision_type=2 2 9 2 2 9 9 2 2 2 9 2 2 9 2 2 2 9 2 9 9 2 9 2 2 2 2 2 9 2
left_child=1 5 25 4 -4 12 -5 16 13 10 -7 -11 23 14 -9 -15 17 27 19 -10 21 -18 -20 -1 -14 26 -3 -2 -27 -19
right_child=7 2 3 6 -6 9 -8 8 18 11 -12 -13 24 15 -16 -17 20 29 22 -21 -22 -23 -24 -25 -26 28 -28 -29 -30 -31
leaf_value=0.0083713435074793171 0.0060717970311416243 0.0043519865245326755 0.014036662392824787 0.016798786346425142 5.6659301695700568e-05 -0.016190868992067016 -0.0072151307937126131 0.064235057158886208 0.0016548260357504023 -0.0023397031245216801 0.001287924381484539 -0.011936862188441545 0.01849124673276974 0.053281815560528516 -0.029304726963695585 -0.0033634358048113366 0.048472973694459187 0.0073690124447097875 0.016729023558037959 -0.0075094377667429442 -0.0079784681976000811 0.0050891964276309825 -0.00079637014964182695 0.03679044103237377 -0.0067028602047188596 -0.0082952398451132895 -0.030221043811745618 -0.04557011013473454 -0.028901768315738197 0.021516730268528128
leaf_weight=305.40883875638247 1360.7744874097407 541.77950495481491 2629.07652650401 297.14451869577169 2115.1248832046986 631.56223351508379 1854.3083478361368 21.647309482097626 3230.6724568083882 2360.4607138074934 3310.7545345276594 4579.5012752972543 165.80229090154171 138.99679614603519 71.005119524896145 49.304418817162514 63.234855826944113 423.95092891156673 613.70451353490353 1951.1912599876523 616.47876154631376 453.31004000082612 564.80052366107702 164.53069610893726 660.93578005582094 480.52405800297856 96.329789109528065 28.919207230210304 278.35522019118071 1133.4572918377817
leaf_count=1924 7799 3377 15554 1704 12929 4382 11151 123 19285 15710 21820 31149 1075 758 425 270 406 2435 3277 11942 3610 2634 3092 1008 4210 3049 611 159 1874 5990
internal_value=-4.11999e-05 -0.00211402 0.00190233 0.00416061 0.00780391 -0.00484874 -0.00385394 0.00391665 0.00107831 -0.00608672 -0.00154999 -0.00867262 0.00554503 0.0233131 -0.00672434 0.036511 0.00853668 0.0116918 9.61452e-05 -0.00180721 0.000329935 0.0102027 0.00846514 0.0183212 -0.00165018 -0.00920858 -0.000867202 0.00496144 -0.0163438 0.0175528
internal_weight=31193 20471.6 8292.64 6895.65 4744.2 12179 2151.45 10721.4 6641.32 10882.3 3942.32 6939.96 1296.68 280.954 92.6524 188.301 4080.13 2947.1 6360.37 5181.86 1133.02 516.545 1178.51 469.94 826.738 1396.99 638.109 1389.69 758.879 1557.41
internal_count=193732 131527 50249 41338 28483 81278 12855 62205 39172 73061 26202 46859 8217 1576 548 1028 23033 16383 37596 31227 6650 3040 6369 2932 5285 8911 3988 7958 4923 8425
cat_boundaries=0 2 4 6 8 10 12 14 16 18 20
cat_threshold=608905292 402653641 604153856 268441902 16546 10749462 16793900 16896 1082130469 9699876 2794793260 134793582 63478336 169613462 3829734180 26738916 2759858281 445665478 537075788 264
is_linear=0
shrinkage=0.05


Tree=30
num_leaves=31
num_cat=8
split_feature=13 29 12 14 14 2 28 7 32 14 8 32 27 32 32 7 6 32 8 32 8 32 17 32 16 4 13 17 15 3
split_gain=97.1026 137.989 171.534 297.037 85.2006 63.1448 57.9068 58.0514 71.7798 57.6216 47.9569 49.8025 45.5542 39.5474 34.3457 29.6986 29.2334 27.7801 32.8603 26.6925 32.0247 33.9436 25.3871 24.7241 24.5082 22.713 12.9745 11.0405 8.33097 23.943
threshold=0.00075245993823940622 -0.00038398644533181023 0.0010309283664582188 0.00099009900990108661 0.0078430591525819344 4.0706114100000006 -0.0066609063955367018 0.087785705040381398 0 0.045454545454545518 32058949.000000004 1 1.454789774386154 2 3 0.8733379426776432 0.29262279522622464 4 20468429.500000004 5 405759.00000000006 6 0.015469900796494023 7 0.042273466860041582 3.4028628200000006 0.00040240446274358751 -0.094005616501384545 -0.25211656471175609 -1.2986341578262246
decision_type=2 2 2 2 2 2 2 2 9 2 2 9 2 9 9 2 2 9 2 9 2 9 2 9 2 2 2 2 2 2
left_child=1 19 3 26 6 10 17 8 -8 -5 11 -6 -12 -9 15 -7 -16 18 -2 28 21 -21 -22 27 -25 -19 -3 -4 29 -1
right_child=4 2 23 9 5 14 7 13 -10 -11 12 -13 -14 -15 16 -17 -18 25 -20 20 22 -23 -24 24 -26 -27 -28 -29 -30 -31
leaf_value=0.090348700231756646 -0.0033455281967349755 -0.053375103069312285 0.0061618884853217584 -0.0017902299025874383 0.021102555986497101 -0.010861036339986335 0.025080736237699103 0.0098867998249258446 0.0067621332662274108 -0.024399661899533853 -0.0040462598659381007 0.003260003960954768 0.0087448638516661702 0.0016780701254558959 -0.010420091907006039 0.074212626572888116 0.0021937121234095534 0.0093045989511737308 -0.025018026398031853 -0.0046455091155969087 -0.0040106211452679806 0.015460816956334415 0.0032036305173960078 0.0012968718688832158 0.020362880624628356 -0.0051507856635896847 -0.021585238394633138 -0.014383198327925681 -0.019169263622826449 -0.019489080169962248
leaf_weight=6.9128333926200893 536.813361749053 561.20095903798938 86.302793651819229 892.23595522344112 535.59858170151711 2201.7929357737303 810.71359652280807 2062.5493624806404 1610.4437231868505 411.89600762724876 3191.2724966406822 1425.3881799280643 890.24256309121847 5071.8237105160952 655.14928339421749 10.30657349526882 1536.8003843426704 536.54626335203648 259.42686897516251 307.52095853537321 2844.2562541216612 645.5450142249465 2134.7334968075156 626.03274363279343 230.65076291561127 550.5982391834259 34.04322575032711 269.85170982033014 228.64592111110687 17.576913014054298
leaf_count=46 3189 7734 593 6379 3051 13704 4440 11412 9223 3819 19921 8314 5279 29801 4244 47 8814 3083 1658 1851 19003 3770 12602 3715 1163 3224 257 1710 1573 113
internal_value=-4.15344e-05 -0.00432233 -0.0129096 -0.0222896 0.00177704 -0.00148748 0.00475835 0.00633772 0.0130276 -0.00893118 0.00183123 0.00825752 -0.00125631 0.00406743 -0.00604087 -0.0104176 -0.00156925 -0.00325475 -0.0102777 -1.46935e-06 0.00068863 0.00908669 -0.000917523 0.00178017 0.00635595 0.00196541 -0.051557 -0.00914789 -0.015585 0.0115153
internal_weight=31182.9 9297.41 3112.21 1899.38 21885.5 10446.6 11438.9 9555.53 2421.16 1304.13 6042.5 1960.99 4081.52 7134.37 4404.05 2212.1 2191.95 1883.38 796.24 6185.19 5932.06 953.066 4978.99 1212.84 856.684 1087.14 595.244 356.155 253.136 24.4897
internal_count=193732 64328 25370 18189 129404 63374 66030 54876 13663 10198 36565 11365 25200 41213 26809 13751 13058 11154 4847 38958 37226 5621 31605 7181 4878 6307 7991 2303 1732 159
cat_boundaries=0 2 4 6 8 10 12 14 16
cat_threshold=18631331 167821920 2157449888 25444576 96219136 37001270 2207318434 143180330 2721087753 286278116 67108876 1217 2717745920 404752386 2696479116 319817794
is_linear=0
shrinkage=0.05


Tree=31
num_leaves=31
num_cat=8
split_feature=14 17 8 32 17 20 32 7 27 2 0 32 5 32 32 8 8 7 2 32 4 21 5 32 26 26 14 3 32 4
split_gain=92.6215 90.9549 99.1166 84.9982 72.2818 69.4002 67.5672 65.4273 63.1008 53.2003 59.0913 51.1252 49.1232 44.6461 44.535 43.4682 41.3666 65.1096 55.308 39.1236 41.1316 35.2863 32.1459 30.9775 28.4776 22.7944 20.704 17.2396 14.8445 13.5119
threshold=0.014114656657624717 0.028697567198222165 265980445.50000003 0 0.16118999406763598 2.9332055000000001 1 0.2629225286498712 0.5166829947957583 6.7428000000000008 7.2352745000000009 2 6.757055582289035 3 4 167034919.00000003 1629095.0000000002 0.36834859768712946 8.8682000300000023 5 14.965099995000001 17243.500000000004 0.025805193838135159 6 1.7796701601933192e-08 3.1778383750523898e-07 0.028616693651257578 2.0682508535156825 7 5.581782345217392
decision_type=2 2 2 9 2 2 9 2 2 2 2 9 2 9 9 2 2 2 2 9 2 2 2 9 2 2 2 2 9 2
left_child=1 6 3 15 13 -6 9 -5 14 11 -11 -1 22 -4 21 -3 17 -8 -18 -14 -21 29 24 -24 -10 26 -16 -23 -27 -2
right_child=8 2 4 7 5 -7 16 -9 12 10 -12 -13 19 -15 25 -17 18 -19 -20 20 -22 27 23 -25 -26 28 -28 -29 -30 -31
leaf_value=0.022409902991426554 -0.0020946046681359237 -0.011221440345209015 -0.0055263973166277004 0.011264219547005077 0.015255963530416462 -0.015671810027748475 -0.0013314991688459367 -0.002083666326181018 0.001619142907382418 -0.026049602578645178 -0.00057748900323004464 0.0038383151633741511 -0.018704559035332882 -0.031466548647702527 -0.015083057650510415 0.06067251679426594 -0.0044270083202701043 0.031538507576769396 -0.018129598296811329 0.0035596568884096215 -0.015618239924191639 0.012130652666521059 0.01870642245474103 -0.0010203493650372737 0.063178270131816525 -0.019218192262207973 -0.029286919619156561 0.10024909802528792 0.0045250035472034393 -0.033108857104870174
leaf_weight=399.88856006786227 71.725483097136021 681.97704324871302 359.65964155644178 6145.1642264761031 493.62314911559224 286.7570768892765 2049.44045605883 1079.3108191788197 37.252042323350906 279.59148931503296 1226.3967156708241 4057.2290107943118 677.1321856752038 324.57432426512241 762.70689556747675 21.693319097161293 3544.6806861609221 162.60912197828293 929.52649706974626 743.74883261322975 447.99107528477907 237.62797528505325 196.95881439745426 5173.6605327650905 37.901720307767391 90.664391659200191 386.59699621796608 5.6832528188824645 184.36204394698143 68.808357074856758
leaf_count=2382 490 4374 2182 34863 2805 1694 13764 6081 236 1770 7691 25430 4286 1997 4925 123 23534 908 6105 4601 2842 1487 1185 32393 217 671 2947 31 1238 480
internal_value=-4.04425e-05 0.00171316 0.00544046 0.00764807 -0.00650963 0.0038913 -0.00105454 0.00925728 -0.00427741 0.00281351 -0.00530647 0.00556343 -0.0022099 -0.0183721 -0.0126411 -0.00887886 -0.00450172 0.0010848 -0.00727375 -0.0092044 -0.0036192 0.00259981 0.000190459 -0.000263971 0.0326648 -0.0166498 -0.0198609 0.0141889 -0.00383635 -0.0172798
internal_weight=31164.9 22042.1 9392.76 7928.15 1464.61 780.38 12649.4 7224.48 9122.82 5963.11 1505.99 4457.12 7314.65 684.234 1808.18 703.67 6686.26 2212.05 4474.21 1868.87 1191.74 383.845 5445.77 5370.62 75.1538 1424.33 1149.3 243.311 275.026 140.534
internal_count=193732 135703 54119 45441 8678 4499 81584 40944 58029 37273 9461 27812 45760 4179 12269 4497 44311 14672 29639 11729 7443 2488 34031 33578 453 9781 7872 1518 1909 970
cat_boundaries=0 2 4 6 8 10 12 14 16
cat_threshold=604053516 159383753 81439424 413931694 67774464 4110 8393216 143392800 548024352 279185719 2161639872 2396330 657536 268 1077937032 1048640
is_linear=0
shrinkage=0.05


Tree=32
num_leaves=31
num_cat=9
split_feature=19 6 15 32 32 16 32 32 32 14 17 12 16 6 32 8 4 5 8 17 8 32 10 20 31 11 17 17 0 32
split_gain=89.3642 91.5391 70.4876 90.1183 76.6218 73.4126 61.5815 53.2565 51.7542 47.5075 42.7821 39.391 38.1948 36.3472 45.7821 41.8599 35.0739 34.1567 31.7596 25.7798 21.4971 39.2042 27.5125 19.9807 19.2384 29.9852 29.4821 18.6761 18.2814 16.2319
threshold=22.500000000000004 0.75582012144905941 -0.032138264881716096 0 1 -0.18535160234759276 2 3 4 0.029126213592233021 -0.37997272045268232 0.013142500580276049 -0.036523814502936625 0.33441898969758782 5 181633.50000000003 3.9904250000000006 0.025805193838135159 1598733755.0000002 -0.19110858210505519 577110.00000000012 6 -0.2307954370292892 0.18645000000000003 7 1.5758980894416097 -0.47394196762568691 -0.20623771631573329 0.2715220000000001 8
decision_type=2 2 2 9 9 2 9 9 9 2 2 2 2 2 9 2 2 2 2 2 2 9 2 2 9 2 2 2 2 9
left_child=1 2 4 12 18 -6 11 20 -5 13 28 -3 -4 14 -9 -15 -12 -13 -1 23 21 27 -23 -11 25 -22 -26 -2 -8 -21
right_child=7 6 3 8 5 -7 10 9 -10 19 16 17 -14 15 -16 -17 -18 -19 -20 29 24 22 -24 -25 26 -27 -28 -29 -30 -31
leaf_value=0.013741000021730711 0.040348105076792894 -0.0084827833462378932 0.021370867956135978 -0.018565036167828595 0.0025278282068368499 -0.011308073577487789 0.1567751704368629 0.00992175180501308 -0.0033703350325685871 0.10186681791260675 0.011745915687603036 0.088081776077033047 0.0032212841446520599 0.028409330155816093 -0.0048740724309545066 0.009443834969985963 0.0019065566752077081 0.0039901639856030555 0.08557118330122164 0.0026714610524243591 -0.018050918940384904 0.037057459967152283 0.0075295907533210141 0.0097053304601280241 0.14723126496506986 0.14220867010874325 -0.0023944855932386626 -0.01927462323370728 0.048828480232343346 -0.019979404923599526
leaf_weight=274.0639023669064 14.391781061887739 1310.8783033750951 312.82124166935682 623.43617441877723 1176.1568731553853 5186.1539983078837 5.9667051583528545 1077.0388327501714 5023.8818056061864 6.3603245764970771 1985.7420768514276 12.2440839856863 3951.8837930560112 319.54598855227232 999.98028546199203 3250.4976533167064 1665.2464842163026 877.75563909113407 16.304155178368092 113.34696701914072 286.08271921426058 108.3189969137311 290.3296212926507 78.039088115096092 3.2984223514795294 2.9488476440310469 1744.9660704433918 150.30744389817119 11.446759313344954 276.07410481572151
leaf_count=1754 85 7827 1906 4390 7554 35431 30 6593 32252 39 11069 60 24147 1835 6412 18785 9290 4751 108 727 1978 635 1759 504 19 21 10830 1059 59 1823
internal_value=-4.05543e-05 -0.00171021 -0.00361138 -0.000939287 -0.00759261 -0.00873659 0.0036554 0.00425423 -0.00507761 0.00679463 0.00761026 -0.00295766 0.00454193 0.0080817 0.00282261 0.0111414 0.0072581 0.00514705 0.0171825 -0.00840144 -0.00174429 0.00689388 0.0151722 0.0166506 -0.00414145 -0.0158669 -0.00210018 -0.0132596 0.0858163 -0.013831
internal_weight=31155.5 22434 16564.7 9912.02 6652.68 6362.31 5869.28 8721.53 5647.32 6120.88 3668.4 2200.88 4264.71 5647.06 2077.02 3570.04 3650.99 890 290.368 473.82 2600.64 563.348 398.649 84.3994 2037.3 289.032 1748.26 164.699 17.4135 389.421
internal_count=193732 140628 107542 62695 44847 42985 33086 53104 36642 36718 20448 12638 26053 33625 13005 20620 20359 4811 1862 3093 16386 3538 2394 543 12848 1999 10849 1144 89 2550
cat_boundaries=0 2 4 6 8 10 12 14 15 17
cat_threshold=84826273 9755442 536961024 35651593 2722744590 20239115 1610694701 293620041 536944644 402653249 7510082 34116274 65548 16779521 66593 119419010 33817600
is_linear=0
shrinkage=0.05


Tree=33
num_leaves=31
num_cat=7
split_feature=13 29 12 14 28 7 4 8 8 32 16 7 32 32 16 16 32 7 32 19 32 35 8 30 33 32 17 4 16 13
split_gain=84.0441 125.893 146.04 316.3 81.3221 76.2106 62.5463 69.5145 58.8864 58.5081 62.6352 55.3929 47.1484 39.3529 37.6649 35.713 27.8581 26.0892 36.3021 24.5653 28.0847 24.2129 23.54 22.5946 22.1653 22.0513 21.9331 14.1641 9.67935 8.34033
threshold=0.00075245993823940622 -0.0009483507478256401 0.0008528760867969851 0.00054551049354427492 -0.0039840637445569373 0.094453964059724074 7.4900755097849467 57603242.500000007 668808.50000000012 0 -0.080374274224998279 0.6253396559116482 1 2 -0.0043172872852059929 0.033434552400188465 3 0.052175013729743334 4 18.500000000000004 5 0.88343038213459224 53881353.000000007 -0.063487604260444627 1.6785772833770449 6 0.33233794814524903 14.965099995000001 0.25215411160750328 0.00040240446274358751
decision_type=2 2 2 2 2 2 2 2 2 9 2 2 9 9 2 2 9 2 9 2 9 2 2 2 2 9 2 2 2 2
left_child=1 17 3 29 11 9 7 -7 -5 10 -6 13 -8 22 24 -15 -11 18 -1 20 -19 25 -2 -21 -13 -4 -20 -23 -16 -3
right_child=4 2 21 8 5 6 12 -9 -10 16 -12 14 -14 15 28 -17 -18 19 26 23 -22 27 -24 -25 -26 -27 -28 -29 -30 -31
leaf_value=-0.022589005434826843 -0.008095374371261654 -0.053468197026720836 0.014782684442557457 0.011675996083409084 0.035303488716078406 0.0073016657217528013 0.0015557032228944354 -0.00081739185089096619 -0.013177894940107394 -0.0063253509599727259 0.01127952083826923 0.057810445689437565 -0.010460719612723796 -0.0066849750986683713 -0.046786175672920767 0.0065888069248477123 0.0067486716797140849 0.0031759528769573463 0.017456253718494043 -0.01479124102202841 -0.0066907704245216196 0.04336290311239252 -0.021590398823660283 0.0044770334049815423 -0.053721272134352051 -0.0036275129128314192 0.11023812735064226 0.0030227743812208533 0.037340042103493537 -0.026612249968005482
leaf_weight=55.525174781680107 1100.7231225222349 536.74735567346215 185.9268639087677 305.22060750424862 349.47064882516861 5098.6686280220747 1543.5704690143466 5459.0631340816617 1087.3541640862823 491.00472233444452 1213.1167004108429 66.66026172041893 1724.3763287216425 1303.8618865609169 15.203015446662905 828.85396601259708 2237.9540109932423 1064.6880292072892 327.22407299280167 163.23090032488108 2205.9018654748797 52.080265820026398 457.43988082557917 2240.2631321325898 4.7736839801073065 948.20353915542364 6.4960780888795844 37.375980071723461 4.411304995417594 30.555348865687847
leaf_count=350 6585 7793 1004 2321 2037 29180 9011 33247 8604 2797 6958 299 10524 7938 98 4751 12950 6669 1979 1014 14453 301 2975 13606 28 5742 35 219 26 238
internal_value=-4.05648e-05 -0.00403763 -0.0120892 -0.020551 0.00164717 0.00303928 0.00123254 0.00310356 -0.00773049 0.00885988 0.0165466 -0.00502166 -0.00481217 -0.00597207 0.0335057 -0.00151916 0.00438184 0.000189745 0.012712 -0.000669286 -0.00348956 0.00146435 -0.0119803 0.00316845 0.0503572 -0.000511027 0.0187019 0.0265083 -0.027866 -0.0520217
internal_weight=31145.9 9246.79 3183.46 1959.88 21899.2 18117.2 13825.7 10557.7 1392.57 4291.55 1562.59 3781.93 3267.95 3690.88 91.0483 2132.72 2728.96 6063.33 389.245 5674.08 3270.59 1223.59 1558.16 2403.49 71.4339 1134.13 333.72 89.4562 19.6143 567.303
internal_count=193732 64328 26222 18956 129404 106704 81962 62427 10925 24742 8995 22700 19535 22249 451 12689 15747 38106 2364 35742 21122 7266 9560 14620 327 6746 2014 520 124 8031
cat_boundaries=0 2 4 6 8 10 12 14
cat_threshold=537807363 168347728 3440643 33606255 2721646601 429146532 10555396 2359435 2715617792 17042432 2748820000 55570 105038400 2396200
is_linear=0
shrinkage=0.05


Tree=34
num_leaves=31
num_cat=7
split_feature=14 28 13 29 12 8 8 32 15 27 16 16 4 32 32 32 0 10 17 32 32 32 4 4 5 26 15 3 1 8
split_gain=81.7838 76.9109 63.3071 97.5996 124.319 78.2434 57.8531 60.5277 57.1302 56.3168 56.0068 50.4372 44.9971 62.3194 43.3408 40.6011 37.2922 35.6556 35.5751 39.5567 34.0905 33.4754 32.3525 31.8944 28.9689 21.0267 20.2654 16.8282 15.332 14.5095
threshold=0.014114656657624717 -0.0039840637445569373 0.00086010577473041329 -0.00038398644533181023 0.0008528760867969851 57603242.500000007 358322.00000000006 0 -0.032138264881716096 0.5166829947957583 0.036426663538239652 -0.24440531266650206 2.7903675300000006 1 2 3 3.3313355000000002 -0.31428571428571428 -0.3923835513895213 4 5 6 19.157924110000003 5.581782345217392 0.025805193838135159 3.1778383750523898e-07 -0.18333574349945767 2.1959548885226163 17892.500000000004 153115.00000000003
decision_type=2 2 2 2 2 2 2 9 2 2 2 2 2 9 9 9 2 2 2 9 9 9 2 2 2 2 2 2 2 2
left_child=1 6 3 20 -5 8 7 29 -4 15 21 -7 13 16 -12 23 -11 -9 19 -14 -3 -8 -20 27 -15 26 -17 -2 -25 -1
right_child=9 2 5 4 -6 11 10 17 -10 12 14 -13 18 24 -16 25 -18 -19 22 -21 -22 -23 -24 28 -26 -27 -28 -29 -30 -31
leaf_value=-0.019533398155555069 0.011944636440585063 -0.0085471372331861039 0.0023047208054302105 -0.025864096542090972 0.004026692051632373 0.031931162809425415 -0.0030407034257784985 0.045412563902723219 0.011522581262280521 0.031144453739105404 0.0088647068813910834 -0.00029886765011563469 -0.017098002334985041 0.030479075054254103 -0.010478498899094461 0.0014385442162156311 -0.035449168690106732 0.010530810603435498 -0.00502245443447578 0.049119606497461533 0.0047704702481433468 -0.016845358161696935 -0.020572538677631577 -0.033353988799316676 -0.00070215837092634642 -0.0035342123827067414 -0.0211714589828381 0.10561732364379071 -0.00077797124037419193 0.017523205207490598
leaf_weight=207.30291656777263 233.52913001179695 563.39753769338131 2603.7461555227637 800.77707784995437 615.0290275812149 124.1324270516634 659.51427584886551 84.80043351650238 4742.6620159074664 247.9337815195322 707.84726463630795 5486.9514011740685 33.286191433668137 76.288938567042351 475.57767221331596 109.75082991272211 22.970622152090073 538.35632508248091 3341.6810391768813 49.92222286760807 2987.1859998442233 1415.2865068130195 371.69456885755062 67.227375224232674 3155.0012004375458 273.70896854996681 1021.6371798887849 4.8950856551527968 78.058476559817791 30.273106668144464
leaf_count=1361 1494 3797 15459 8933 3566 671 4142 460 26082 1506 4135 33024 208 453 2829 755 131 3229 20949 299 18476 9343 2438 487 19776 1909 7117 26 481 196
internal_value=-4.10803e-05 0.00160443 0.00302025 -0.00177951 -0.0128795 0.00485992 -0.00455659 0.00697253 0.00825555 -0.00403244 -0.00760226 0.000414148 -0.00208384 0.00200371 0.0010777 -0.0119832 0.0245901 0.0150363 -0.00585445 0.0264787 0.00264663 -0.0125531 -0.00657896 0.00254857 3.3908e-05 -0.0158569 -0.0189782 0.0138678 -0.0158517 -0.0142132
internal_weight=31130.4 22042.8 17923.9 4966.39 1415.81 12957.5 4118.96 860.733 7346.41 9087.59 3258.23 5611.08 7298.78 3502.19 1183.42 1788.81 270.904 623.157 3796.58 83.2084 3550.58 2074.8 3713.38 383.71 3231.29 1405.1 1131.39 238.424 145.286 237.576
internal_count=193732 135703 110008 34772 12499 75236 25695 5246 41541 58029 20449 33695 45760 21866 6964 12269 1637 3689 23894 507 22273 13485 23387 2488 20229 9781 7872 1520 968 1557
cat_boundaries=0 2 4 6 8 10 12 14
cat_threshold=2175336456 134496640 2148417664 10486144 3251671904 136892544 548024352 279185719 34079393 64 1611137036 419431617 631874210 27526790
is_linear=0
shrinkage=0.05


Tree=35
num_leaves=31
num_cat=9
split_feature=19 3 32 32 15 32 7 32 3 26 11 32 14 26 7 6 32 8 16 31 15 17 4 20 16 32 20 32 7 16
split_gain=79.1492 80.8059 63.265 57.3885 57.8464 67.8383 56.5816 47.3976 46.0141 45.0254 44.3235 41.8124 41.1562 39.6089 35.4956 31.9597 40.7729 36.2312 31.3926 54.2595 48.8118 23.2934 21.2518 32.0718 34.2448 19.515 16.5913 14.8064 11.2888 19.9462
threshold=22.500000000000004 0.10993435543602233 0 1 -0.34722185234464092 2 0.19574419397185672 3 2.4733772834991243 1.9624443356807591e-07 0.29411413982751805 4 0.029126213592233021 7.560460408496205e-10 0.11207965544386191 0.33441898969758782 5 181633.50000000003 -0.18864412555878887 6 -0.29418798727746281 -0.19110858210505519 18.155399952500005 13.761247000000003 0.18225762083713734 7 0.18645000000000003 8 0.065225527738839606 -0.10670104939706754
decision_type=2 2 9 9 2 9 2 9 2 2 2 9 2 2 2 2 9 2 2 9 2 2 2 2 2 9 2 9 2 2
left_child=1 3 6 18 5 -5 9 22 14 -3 -6 -8 15 -10 -4 16 -9 -17 19 -1 -20 26 23 25 -25 -2 -14 -23 29 -24
right_child=7 2 8 4 10 -7 11 12 13 -11 -12 -13 21 -15 -16 17 -18 -19 20 -21 -22 27 28 24 -26 -27 -28 -29 -30 -31
leaf_value=0.029119888017262549 -0.011712213688076052 0.0062614619766028778 0.0017282043911465922 -0.028841008679478815 -0.0042681123973243237 0.07299090935424267 0.012096755822314764 0.0093034933052045295 0.066280045108980293 0.020229218057235276 0.0070360117553646189 -0.0056249631227698925 0.091136189401278378 0.0088238444693332571 -0.0069398415313208679 0.026369972181074893 -0.0046534223568973241 0.0088462750719470479 0.18607701130116563 -0.012284625800474487 -0.01459875852881961 0.002652426530324195 0.12827614765347153 0.041362639740133877 -0.013821071434307879 0.00034128675664035779 0.0093792998829454882 -0.01901566984813078 -0.022444439169552424 -0.0056587126820327582
leaf_weight=112.63766250759363 398.77656062692404 2629.3073376268148 1908.9524361230433 21.221095763146877 8452.4115289896727 40.885791450738907 422.99789602681994 1083.2685989178717 32.227999344468117 739.1524609811604 966.29671741649508 1431.7146910950541 6.7399948686361304 433.05027274787426 3097.4246952831745 324.23492807149887 996.28182073310018 3267.5132577307522 3.0351246595382682 213.57731147482991 1876.9017175659537 113.31134837865829 3.3899803832173374 88.18278432264924 41.270743101835251 1885.193314421922 78.241727188229561 271.48136095702648 162.38470651954412 15.443441674113272
leaf_count=666 2854 14772 11686 132 55692 238 2471 6593 173 4316 6063 8171 39 2335 18763 1835 6412 18785 21 1393 13736 727 21 505 236 11628 504 1823 1044 98
internal_value=-4.06178e-05 -0.00161602 0.00152454 -0.00448998 -0.0027883 0.045305 0.00545445 0.00399573 -0.00223278 0.00932645 -0.00310838 -0.00154834 0.0063837 0.0128036 -0.00363468 0.00757215 0.0026393 0.0104282 -0.011737 0.00252788 -0.0142748 -0.00782795 -0.00167431 -0.000440788 0.0237697 -0.00181302 0.0158635 -0.0130602 -0.0181945 0.0184493
internal_weight=31117.5 22381.8 10694.8 11687 9480.82 62.1069 5223.17 8735.71 5471.66 3368.46 9418.71 1854.71 6141.07 465.278 5006.38 5671.3 2079.55 3591.75 2206.15 326.215 1879.94 469.774 2594.64 2413.42 129.454 2283.97 84.9817 384.793 181.218 18.8334
internal_count=193732 140628 62687 77941 62125 370 29730 53104 32957 19088 61755 10642 36718 2508 30449 33625 13005 20620 15816 2059 13757 3093 16386 15223 741 14482 543 2550 1163 119
cat_boundaries=0 2 4 6 8 10 12 13 15 17
cat_threshold=1168011939 321130960 38797708 287311040 544 134217728 1610694701 293620041 9584642 301989952 7510082 34116274 81927 12 16457 119419010 33817600
is_linear=0
shrinkage=0.05


Tree=36
num_leaves=31
num_cat=8
split_feature=27 32 12 4 32 4 32 5 19 16 32 32 15 8 16 14 17 32 8 32 19 7 35 32 0 10 34 6 26 30
split_gain=76.1131 108.748 64.4555 65.3137 80.6136 72.2209 70.9651 69.1269 44.9455 42.4048 46.285 44.8643 42.8674 41.1762 37.1671 37.1539 38.7779 77.9065 42.5613 34.8036 25.9273 20.692 19.2795 18.7247 22.4759 16.2692 15.399 14.9492 11.819 9.47029
threshold=0.60811032277395061 0 0.055555555555555462 7.4900755097849467 1 18.155399952500005 2 8.0849271584601858 22.500000000000004 -0.19941494916048272 3 4 -0.0098293920877085012 58971862.000000007 0.29531813247849387 0.027444957865824564 -0.15610977008542901 5 17325801.500000004 6 19.500000000000004 0.12634415817828507 1.2874519730726544 7 0.31700150000000005 -0.43902434913532296 -1.0984622750585336 1.0956108823174744 3.4383358357308778e-07 -0.030629964545369145
decision_type=2 9 2 2 9 2 9 2 2 2 9 9 2 2 2 2 2 9 2 9 2 2 2 9 2 2 2 2 2 2
left_child=1 9 3 6 5 -5 7 -2 -8 10 13 21 -13 -1 -6 16 17 -3 -18 25 -12 -11 27 24 -17 -4 -27 -21 -24 -25
right_child=2 15 19 4 14 -7 8 -9 -10 11 20 12 -14 -15 -16 23 18 -19 -20 22 -22 -23 28 29 -26 26 -28 -29 -30 -31
leaf_value=-0.016926621242265124 0.019868782890321623 0.026193448167963269 0.080530279849259132 0.0081975284904417106 -0.011816124844815793 -0.0085278919432130382 9.0176642008420735e-05 -0.031008466380527074 0.0063045332695559914 -0.010371794809164489 0.017097254586115558 -0.012192273336536236 -0.0031859054881457211 0.04674333666703491 0.036855999013492236 0.085789817053677275 0.014933841048633434 -0.018217092191679874 0.0018342392850156303 -0.0061540895451607531 0.063801463531108785 -0.029003324884535303 0.012757943484697526 0.0072641612166859243 0.00024624612689283114 0.039369016500371473 0.017845224898129518 0.015384469994320979 0.072865042819892381 -0.023602324185715895
leaf_weight=152.52388827130198 876.96134672313929 122.7560874633491 12.733370140194891 1702.0413155481219 2210.8858681805432 1039.6886845380068 10656.129979357123 72.265194930136204 4002.4521307423711 249.14347803220153 77.331167928874493 2291.6890470571816 3119.8345783501863 30.465202674269676 39.931172393262386 8.8122490048408491 1152.2765752673149 383.55280195176601 1342.4980296418071 252.88251097500324 48.26038259267807 370.81728238612413 17.622572347521782 28.1954081133008 59.688721470534801 110.67798006534576 333.48106007277966 118.2230870872736 15.260671794414518 209.44929955899715
leaf_count=1038 4976 787 69 10338 13898 6665 66168 407 24008 1944 476 15566 19356 177 217 59 7012 2481 8272 1436 285 2856 90 187 407 564 1767 581 76 1569
internal_value=-3.92421e-05 -0.00372804 0.00161895 0.0010588 -0.00391909 0.00184836 0.0026511 0.0158287 0.00178576 -0.00755517 0.0105112 -0.00849201 -0.00698704 -0.00599862 -0.0109042 0.0036206 0.00532419 -0.00729209 0.00788463 0.0150231 0.0324595 -0.0211743 0.00386323 -0.0129611 0.0098177 0.0242749 0.0232086 0.000707448 0.0406528 -0.019135
internal_weight=31108.5 9647.29 21461.2 20600.4 4992.55 2741.73 15607.8 949.227 14658.6 6340.07 308.581 6031.48 5411.52 182.989 2250.82 3307.23 3001.08 506.309 2494.77 860.881 125.592 619.961 403.989 306.146 68.501 456.892 444.159 371.106 32.8832 237.645
internal_count=193732 62472 131260 126677 31118 17003 95559 5383 90176 41698 1976 39722 34922 1215 14115 20774 18552 3268 15284 4583 761 4800 2183 2222 466 2400 2331 2017 166 1756
cat_boundaries=0 2 4 6 8 10 12 14 16
cat_threshold=3288630255 135794113 295235 34654308 918144 22 2147484449 525312 14 134217921 537987072 318771200 2260245186 10228768 16789504 35655712
is_linear=0
shrinkage=0.05


Tree=37
num_leaves=31
num_cat=7
split_feature=14 28 7 32 15 32 3 26 8 32 16 5 32 8 16 32 32 4 14 32 7 17 33 8 17 17 15 15 25 35
split_gain=71.0696 69.0587 55.1346 79.4659 111.831 66.7684 57.5798 55.0604 52.1444 53.8688 49.8387 49.0363 42.5352 53.2165 46.1576 39.2524 35.6301 41.6751 35.2855 29.6095 29.1429 28.4447 27.5416 27.4917 25.9007 25.6244 20.7252 15.4094 15.9279 12.4731
threshold=0.014114656657624717 -0.0039840637445569373 0.12703308140057351 0 0.48627765957034469 1 1.6297591333583825 3.4383358357308778e-07 358322.00000000006 2 0.036426663538239652 6.757055582289035 3 610667.00000000012 -0.033132290533150865 4 5 24.422742507500004 0.068182470102899254 6 0.40272659368805158 -0.3923835513895213 2.1094983668698153 16962431.500000004 -0.3260160933743102 -0.098096686686674497 -0.2707329345566451 0.33553782343755961 6.7312067874313824e-09 -0.70798571390635301
decision_type=2 2 2 9 2 9 2 2 2 9 2 2 9 2 2 9 9 2 2 9 2 2 2 2 2 2 2 2 2 2
left_child=1 8 3 4 -3 23 -7 -5 9 29 19 12 13 14 -2 -12 17 25 22 -10 -11 -15 -14 -4 -20 -13 -19 28 -18 -1
right_child=11 2 5 7 -6 6 -8 -9 10 20 15 16 18 21 -16 -17 27 26 24 -21 -22 -23 -24 -25 -26 -27 -28 -29 -30 -31
leaf_value=0.035402384241977385 0.063023192015855808 0.0096837645955269065 0.015414080217346894 0.0031231556724051561 0.085850963874224404 -0.0042159630231258143 0.0069929632339258384 -0.013567418575231411 -0.0021453763158299066 0.011152886449305933 0.0082714376977901603 -0.014140828124095638 -0.0044930919017931673 0.045608709924685728 0.0096486768865713651 -0.010141476819327118 -0.023715067419936696 0.035929333959473446 0.08200067992458962 -0.015667509363990081 0.046299811648811084 0.0011227833379065205 0.010645905932009187 0.0036297743585177915 -0.02819386513860371 0.0027034313464872309 -0.027490660592325397 -0.042632817131387779 -0.0097754307739445143 -0.014698347264969262
leaf_weight=13.05747978389263 68.120146967470646 4248.2809251435101 793.55133531987667 3617.6252633631229 48.743820674717426 5928.084358792752 1420.2159628272057 572.29395758733153 575.35368485748768 527.81303782761097 711.79859431833029 297.89884170889854 4058.3040854260325 36.621848382055759 99.920065008103848 473.33975769206882 384.85275872051716 13.641903400421141 5.4866900891065589 1481.3520704843104 66.398710135370493 1910.9465116932988 324.4416227415204 1315.1318234205246 189.74826905876398 932.66283041238785 231.29003484547138 59.540483742952347 438.32421801239252 255.67074064537883
leaf_count=81 355 25458 4588 22254 249 38045 7654 4010 3618 3187 4135 2060 26158 225 581 2829 2624 87 40 9867 320 11829 1819 7750 1696 5744 1606 364 2841 1658
internal_value=-3.86452e-05 0.00149281 0.00283117 0.00575683 0.0105233 0.000205608 -0.00204681 0.00084141 -0.0043578 0.00656502 -0.00726532 -0.00376902 -0.00158466 0.00426847 0.0312856 0.00090161 -0.00996913 -0.00508876 -0.00428951 -0.0119714 0.0148307 0.00195929 -0.0033724 0.00802645 -0.0250971 -0.00137429 -0.0239584 -0.0178668 -0.0162925 -0.011824
internal_weight=31100.5 22048.7 17943.9 8486.94 4297.02 9456.98 7348.3 4189.92 4104.78 862.94 3241.84 9051.8 6693.59 2115.61 168.04 1185.14 2358.21 1475.49 4577.98 2056.71 594.212 1947.57 4382.75 2108.68 195.235 1230.56 244.932 882.717 823.177 268.728
internal_count=193732 135703 110008 51971 25707 58037 45699 26264 25695 5246 20449 58029 42703 12990 936 6964 15326 9497 29713 13485 3507 12054 27977 12338 1736 7804 1693 5829 5465 1739
cat_boundaries=0 2 4 6 8 10 12 14
cat_threshold=555514531 134797936 95600640 42242206 2712207368 136593794 2686073824 277090750 3251671904 136892544 1109660259 51923461 94970530 27526790
is_linear=0
shrinkage=0.05


Tree=38
num_leaves=30
num_cat=9
split_feature=6 32 32 19 8 32 4 32 16 32 16 32 32 8 15 11 15 10 26 15 32 7 8 3 26 4 32 7 21
split_gain=68.3601 68.9351 64.6742 59.231 57.3787 53.217 51.0769 58.9353 64.1576 50.3085 49.2975 71.9303 47.9987 46.4984 44.0922 43.3366 34.733 31.7617 45.4758 53.0435 31.2261 25.2001 55.214 24.5494 22.7229 26.4826 21.073 11.6123 9.34137
threshold=0.53975520769992924 0 1 19.500000000000004 577110.00000000012 2 16.608255030000006 3 0.31109326782316238 4 -0.10670104939706754 5 6 -16393.499999999996 0.51739017386876052 0.04048906936091224 0.72538203191615447 -0.36363636363636354 2.0324259735895856e-09 -0.057177661931189359 7 0.37577803315249542 -53176.999999999993 1.2725484423682458 1.8733096226297508e-08 7.3297329522368431 8 0.067124960849520521 5286.5000000000009
decision_type=2 9 9 2 2 9 2 9 2 9 2 9 9 2 2 2 2 2 2 2 9 2 2 2 2 2 9 2 2
left_child=1 17 14 4 5 -3 7 13 -9 -6 11 -5 -12 -4 24 27 -16 18 19 -1 -17 23 -23 -19 28 -26 -20 -8 -2
right_child=2 3 6 10 9 -7 15 8 -10 -11 12 -13 -14 -15 16 20 -18 21 26 -21 -22 22 -24 -25 25 -27 -28 -29 -30
leaf_value=0.031543662276958546 0.059466880337009087 -0.0054694682765108055 0.029956611101229116 -0.0002625084887275961 0.0050589694567425162 0.013203644550755662 0.10080277290587428 0.0020954038619571155 -0.026460766423295753 -0.0069921309618890155 0.010500247798189238 0.023402894996503467 -0.0021176220081377361 0.0073200606843651442 0.14417292719425387 0.0019529082173259619 -0.0095540743160425247 -0.016853773624807042 0.01253323051310222 0.26433878651232773 -0.016974453080131919 0.13816872534050639 -0.0065642490406607554 0.087511685524116409 -0.0054635200612397445 -0.04245305185794989 -0.020361577144193663 0.008667728259524313 -0.048437627350930705
leaf_weight=8.0250357165932638 2.0573058649897566 669.39607146382332 239.78139843046665 663.42852233350277 988.90554260089993 868.12751871719956 11.270575176924469 8286.2241263799369 201.47524800151587 6737.955372877419 924.63243490457535 620.47158460319042 3883.6444000639021 4209.813930824399 7.1848645210266096 358.74062759801745 7.5202513933181763 1278.3308316618204 120.56393114104867 3.5203514099121085 554.57010397687554 8.3707469925284368 30.967196062207222 5.6596050411462775 180.82968509197235 66.067789025604725 67.641475167125463 4.9095744937658301 79.999366328120232
leaf_count=54 14 4270 1347 4231 6325 5411 71 48537 1147 45553 5493 3741 24721 23415 35 2152 38 9887 805 23 3398 44 235 36 1267 439 475 32 536
internal_value=-3.84619e-05 -0.00218967 0.00251682 -0.00117814 -0.00369702 0.00512418 0.0030516 0.00386719 0.00141589 -0.0054523 0.0026504 0.0113545 0.00032623 0.00852076 -0.0186094 -0.00826742 0.0655564 -0.0123 0.00620368 0.102526 -0.00970442 -0.015186 0.0242336 -0.0163937 -0.0229375 -0.0153616 0.000294811 0.0728461 -0.0457323
internal_weight=31090.1 16879.6 14210.4 15356.6 9264.38 1537.52 13866.8 12937.3 8487.7 7726.86 6092.18 1283.9 4808.28 4449.6 343.659 929.491 14.7051 1523.08 199.751 11.5454 913.311 1323.33 39.3379 1283.99 328.954 246.897 188.205 16.1801 82.0567
internal_count=193732 111304 82428 99745 61559 9681 80099 74446 49684 51878 38186 7972 30214 24762 2329 5653 73 11559 1357 77 5550 10202 279 9923 2256 1706 1280 103 550
cat_boundaries=0 2 4 6 8 10 12 14 16 18
cat_threshold=16648 268436677 2162700 2049 2180842082 136364288 8805251 302253300 539820032 2153232 1168120033 159400480 77764608 41981986 33344 1605632 256 1153
is_linear=0
shrinkage=0.05


Tree=39
num_leaves=31
num_cat=7
split_feature=27 32 12 7 32 8 32 2 16 16 32 32 15 8 35 35 32 17 32 8 10 33 15 15 10 3 4 28 2 26
split_gain=65.818 94.7957 55.9356 58.4875 73.7377 69.2243 120.355 64.9308 64.6608 38.263 42.4408 41.4729 39.1978 36.8094 36.4441 33.4325 29.3921 28.2707 70.3606 41.3421 27.3399 23.777 21.3584 21.1092 19.6992 19.5071 16.5592 14.9304 9.37003 8.33838
threshold=0.60811032277395061 0 0.055555555555555462 0.12634415817828507 1 577110.00000000012 2 5.9497775900000009 -0.10670104939706754 -0.19941494916048272 3 4 -0.0098293920877085012 58971862.000000007 0.15688125844726411 0.91677746701576923 5 -0.15610977008542901 6 17325801.500000004 -0.43902434913532296 0.75738974826930539 -0.22559495024191156 -0.278116857749304 -0.44894443001058337 2.1091254011818288 11.350591679166669 -0.0059660741293859846 0.65112855000000014 2.7863460304755995e-06
decision_type=2 9 2 2 9 2 9 2 2 2 9 9 2 2 2 2 9 2 9 2 2 2 2 2 2 2 2 2 2 2
left_child=1 9 3 4 8 6 -5 -7 -2 11 23 20 -12 -13 -6 17 21 18 -3 -19 -1 29 -17 -11 28 -24 -26 -23 -18 -4
right_child=2 15 16 5 14 7 -8 -9 -10 10 12 13 -14 -15 -16 22 24 19 -20 -21 -22 27 25 -25 26 -27 -28 -29 -30 -31
leaf_value=-0.0014360257366445759 0.021591592325443408 -0.020465935899183274 -0.0098694367108290958 -0.0058713852894119491 0.0015767660860326719 -0.00033107717676369037 0.021117708395198512 -0.0091661708580518027 0.005641099408234952 0.07076578524439546 -0.011618689060637127 -0.01571299770372013 -0.0030654917332686516 0.04306379668099633 -0.0099424517545451743 0.076961676604236973 0.14343782921561832 0.013065842136784252 0.016428993314072955 0.00061702621278715629 0.049511386798990725 -0.019272424057319125 -0.037227839443527776 -0.023497755020660732 0.022888704936781905 0.034931156783574634 -0.0047058250276875505 0.019451385155597408 0.054321745488305977 -0.051283382467253058
leaf_weight=38.15942195057869 743.84993667900562 323.10129839926958 126.18873460590839 789.09412055462599 2638.370244383812 7403.1425622589886 853.03676426038146 2891.8721857145429 4357.1538893841207 6.0122490972280493 2318.4795447774231 154.34244029596448 3172.3240161687136 32.193142354488373 928.18456473574042 4.9373414367437354 3.8631221204996136 1237.5809757299721 202.63934192806482 1446.3569995723665 84.962035767734051 29.525111168622971 88.529048845171928 488.43060405924916 461.74574308097363 10.474030137062071 61.622131794691086 158.61940030753613 12.474026843905447 13.44970693439245
leaf_count=221 4572 2139 748 4859 15973 45772 5050 18020 26104 40 15900 1060 19732 182 6327 30 20 7592 1305 9011 513 163 641 4050 2392 56 335 772 66 87
internal_value=-3.77612e-05 -0.00347735 0.00150141 0.00097778 0.00410401 -0.00129217 0.00824147 -0.00281286 0.00795148 -0.00707402 -0.00797193 0.010053 -0.00666492 -0.00528568 -0.0014171 0.00336645 0.0139387 0.0042804 -0.00632209 0.00635725 0.031188 0.0017206 -0.0245322 -0.0219085 0.0209394 -0.0295938 0.0196397 0.0133745 0.0753944 -0.0138583
internal_weight=31080.7 9608.52 21472.2 20604.7 8667.56 11937.1 1642.13 10295 5101 6294.9 5985.25 309.657 5490.8 186.536 3566.55 3313.62 867.488 3209.68 525.741 2683.94 123.121 327.783 103.94 494.443 539.705 99.0031 523.368 188.145 16.3371 139.638
internal_count=193732 62472 131260 126677 52976 73701 9909 63792 30676 41698 39722 1976 35632 1242 22300 20774 4583 20047 3444 16603 734 1770 727 4090 2813 697 2727 935 86 835
cat_boundaries=0 2 4 6 8 10 12 14
cat_threshold=3288630255 135794113 68090531 169363668 49906250 154161409 12 134217921 1073774786 135266368 558063913 421579208 60846080 8667684
is_linear=0
shrinkage=0.05


Tree=40
num_leaves=31
num_cat=7
split_feature=19 17 32 7 16 8 32 11 32 9 14 32 28 14 10 3 17 2 2 2 5 4 8 32 32 4 32 35 14 6
split_gain=64.5982 69.2429 85.0486 73.8364 58.4252 57.5343 96.5685 70.9286 55.5189 52.2608 40.3142 42.9353 36.7729 35.8487 33.846 30.3533 28.5669 27.9788 48.6346 33.8491 25.8799 25.2101 31.2707 23.0921 22.8942 17.6575 13.6801 13.3809 12.5424 12.0185
threshold=22.500000000000004 0.15021501366407705 0 0.14406243050494319 0.146696642842126 577110.00000000012 1 0.20547946496035854 2 23787.500000000004 0.028235346476107145 3 1.0000000180025095e-35 0.045454545454545518 -0.080815899591698756 -1.8480036675573863 -0.19110858210505519 4.0706114100000006 1.9848492000000004 4.3215310600000008 7.2575723344589917 18.155399952500005 29414610.500000004 4 5 0.12725477000000004 6 -0.91853632949137898 0.055945030660209484 -0.10007685961408569
decision_type=2 2 9 2 2 2 9 2 9 2 2 9 2 2 2 2 2 2 2 2 2 2 2 9 9 2 9 2 2 2
left_child=1 5 3 8 -5 6 15 -8 -3 13 11 21 -11 -7 23 -1 25 18 -13 -19 -16 22 -2 -4 29 -12 -27 -23 -26 -18
right_child=10 2 14 4 -6 9 7 -9 -10 12 16 17 -14 -15 20 -17 24 19 -20 -21 -22 27 -24 -25 28 26 -28 -29 -30 -31
leaf_value=0.012820731925651339 0.0054320729189169734 0.007976285101359764 -0.0030378523473961853 0.011510022010054858 -0.0044940293826273361 -0.0059772679707766532 0.0041203097870558241 0.025982922231390777 0.02827885491500708 0.0027696772588200681 0.10896914016317667 0.0052974054193728783 -0.0070198258497968548 -0.021712396496853702 0.0043576819854587645 -0.013847911712846724 0.075713070002878968 -0.021018373322831425 0.018356156547166193 0.0046202377780491027 -0.011367466505022829 0.0061183711582805111 -0.0064020209349286419 -0.023478549004657026 -0.014468471755851729 -0.0075235153659306804 0.022187715272967989 -0.02535789557736249 -0.035853324489872634 0.00032492092676970717
leaf_weight=123.10089138895273 1386.1290944740176 833.05105208978057 246.9664765894413 979.47687812894583 1364.9961971342564 8761.4022035486996 1591.3699889443815 483.76174302026629 588.36014501750469 3267.077322576195 4.5915116891264907 1828.1477945484221 1358.0297653749585 377.56897107511759 800.9540279507637 800.58773840218782 5.4358811825513831 136.19940551370382 1168.8415297269821 2349.0590138696134 388.58284012973309 43.72371269762516 934.60745047405362 345.53433503583074 335.40853098779917 66.496539294719696 75.972808800637722 148.23149076104164 86.183693818747997 192.61664028465748
leaf_count=813 8583 4752 1532 5380 7857 59106 9746 2880 3227 19522 28 10767 8320 3212 4411 5455 35 804 6830 13978 2177 273 5761 2238 2181 439 512 933 738 1242
internal_value=-3.7155e-05 -0.00146581 0.00337601 0.00762333 0.00219216 -0.00306828 0.00320735 0.00917279 0.0166351 -0.00443557 0.0036008 0.0046511 -0.000104729 -0.00662735 -0.00561091 -0.0101835 -0.00735135 0.00712466 0.0103904 0.00321517 -0.00077921 -0.000771058 0.000666244 -0.015406 -0.0120531 0.0124598 0.0093495 -0.0181882 -0.0184035 0.002279
internal_weight=31072.5 22310.8 5547.92 3765.88 2344.47 16762.9 2998.82 2075.13 1421.41 13764.1 8761.65 7994.94 4625.11 9138.97 1782.04 923.689 766.706 5482.25 2996.99 2485.26 1189.54 2512.69 2320.74 592.501 619.645 147.061 142.469 191.955 421.592 198.053
internal_count=193732 140628 31574 21216 13237 109054 18894 12626 7979 90160 53104 47929 27842 62318 10358 6268 5175 32379 17597 14782 6588 15550 14344 3770 4196 979 951 1206 2919 1277
cat_boundaries=0 2 4 6 8 10 12 14
cat_threshold=2749682369 437819152 2696478986 134219137 2160083136 135796224 1627734061 310396233 526374 17039392 622784674 310658217 43533220 268959744
is_linear=0
shrinkage=0.05


Tree=41
num_leaves=31
num_cat=6
split_feature=15 32 16 32 16 7 32 7 17 8 2 7 10 16 32 17 17 32 26 3 8 32 35 33 17 8 11 13 3 2
split_gain=61.4831 131.921 124.893 106.835 126.334 98.3841 120.398 95.2158 100.722 88.08 88.7669 76.9985 80.5393 96.8235 63.5666 61.9206 57.7984 53.9968 53.5746 56.7943 53.2871 43.2371 38.0738 29.3382 31.256 41.8342 33.3598 21.7271 2.16877 3.45957
threshold=-0.032138264881716096 0 -0.058380286814063737 1 -0.10308048100695304 0.21747546372786344 2 0.19050564658777716 -0.037366818810145606 280269999.00000006 3.8918897500000003 0.1234011434457566 -0.36855673849173576 -0.12738733054800266 3 0.0034170845925744603 -0.36873385201452774 4 1.7182496401174032e-07 2.4733772834991243 463886.00000000006 5 -0.13635768913873289 -2.9164951830140868 -0.14829522274343579 8376500.5000000009 0.28337060540529552 0.030623640611556112 -2.3028584665593859 6.9521177900000009
decision_type=2 9 2 9 2 2 9 2 2 2 2 2 2 2 9 2 2 9 2 2 2 9 2 2 2 2 2 2 2 2
left_child=3 23 7 11 5 6 -5 14 -9 15 -11 12 27 -14 -3 -4 -7 22 19 -13 -19 -20 -6 28 25 -25 -26 -1 29 -2
right_child=1 2 9 4 17 16 -8 8 -10 10 -12 18 13 -15 -16 -17 -18 20 21 -21 -22 -23 -24 24 26 -27 -28 -29 -30 -31
leaf_value=-0.035368754929319186 -0.059231174978367933 0.029266985961508798 -0.0023261228606973679 -0.01483317530242087 -0.0086820772043987009 0.0091818627807161261 0.0097139740729448171 0.062378805509878781 -0.0037448952478344242 -0.00099362382767831186 -0.023251056809621556 -0.0077898856555957676 0.050800513129376626 0.01224003333533881 -0.012214466351519475 0.0056316685773865728 -0.015478916288371364 0.0063494613562236476 0.034476059257679208 0.037924473224467625 -0.01116919409893116 0.0023396892596916868 -0.030968669863758735 0.063224027280959424 -0.016346215480559364 -0.015076073993521191 -0.0028931898643667214 0.083611727290056059 -0.054875993337044265 0.012237524166847627
leaf_weight=81.46221899241209 3.4537083134055129 160.42396876960993 3160.1450286507607 606.5882930085063 295.70233976468444 298.11255263537169 2645.2771027870476 222.78767982497811 77.667621143162251 1790.3110777400434 597.45270401984453 1301.4742387831211 210.25633973255754 721.15353198722005 194.22080869972706 10794.422391470522 1170.4684266969562 503.35744888707995 158.85917690396309 71.684378877282143 3153.4514760933816 293.7580767981708 544.53458322957158 33.835128039121628 1097.3215272128582 34.404644217342138 794.42312228307128 4.026639148592948 38.361179798841476 3.3219988942146301
leaf_count=507 27 941 20687 4208 1879 1842 16983 1224 450 10787 3827 8207 1264 4542 1235 61955 7792 3190 1012 386 21108 1898 3982 200 7858 256 5158 23 283 21
internal_value=-3.63158e-05 0.00173583 0.00316739 -0.00282859 -0.00543911 0.000268402 0.00511932 0.024576 0.0452858 0.00231114 -0.00656275 0.00563544 0.0166816 0.0209447 0.00703055 0.00382955 -0.0104729 -0.0114422 -0.000486064 -0.00540341 -0.00873388 0.0144323 -0.0228534 -0.0103636 -0.00949751 0.0237472 -0.0106967 -0.0297646 -0.0502698 -0.0241914
internal_weight=31062.7 19002.6 16997.4 12060.2 9217.49 4720.45 3251.87 655.1 300.455 16342.3 2387.76 2842.67 1016.9 931.41 354.645 13954.6 1468.58 4497.05 1825.78 1373.16 3656.81 452.617 840.237 2005.12 1959.98 68.2398 1891.74 85.4889 45.1369 6.77571
internal_count=193732 114909 101106 78823 60984 30825 21191 3850 1674 97256 14614 17839 6336 5806 2176 82642 9634 30159 11503 8593 24298 2910 5861 13803 13472 456 13016 530 331 48
cat_boundaries=0 2 4 6 8 10 12
cat_threshold=570499084 419430473 638822912 461377551 16684 16928 5784449 278528 2150367368 296128 33660928 8
is_linear=0
shrinkage=0.05


Tree=42
num_leaves=31
num_cat=10
split_feature=14 28 28 32 8 27 8 32 16 15 32 32 4 32 8 32 0 17 32 32 8 32 1 10 26 14 32 17 35 8
split_gain=59.3363 64.0574 51.6539 65.1121 77.7962 43.6613 42.5967 44.254 43.0857 40.4747 35.9549 35.5024 35.1761 52.8611 33.6331 45.4927 32.6811 30.2913 31.9818 29.793 27.1751 27.1288 26.6162 24.2608 17.5917 22.33 16.3884 16.2057 12.3768 11.8296
threshold=0.014114656657624717 -0.0039840637445569373 0.00040008503600530481 0 20468429.500000004 0.5166829947957583 358322.00000000006 1 0.036426663538239652 -0.17707421607667542 2 3 2.7903675300000006 4 1042298169.5000001 5 3.3313355000000002 -0.3923835513895213 6 7 28574847.000000004 8 7540.5000000000009 -0.3199999701600989 3.1778383750523898e-07 0.030031183581602377 9 -0.033887881790821826 -0.4194106483027577 153115.00000000003
decision_type=2 2 2 9 2 2 2 9 2 2 9 9 2 9 2 9 2 2 9 9 2 9 2 2 2 2 9 2 2 2
left_child=1 6 3 9 -5 10 7 29 21 -3 22 -10 13 16 15 -4 -7 18 -14 -19 -15 -8 -2 -9 25 -12 -26 -24 -16 -1
right_child=5 2 14 4 -6 12 8 23 11 -11 24 -13 17 20 28 -17 -18 19 -20 -21 -22 -23 27 -25 26 -27 -28 -29 -30 -31
leaf_value=-0.015554129587360089 -0.021882515660215797 0.01126766303446506 0.030314475301804103 0.011619158511260668 0.002596363835088775 0.028419618520889561 -0.015440303161642632 0.038428362904606106 0.0072387389877744445 -0.0033683859409193344 -0.011734873652917331 -0.010492081406333325 -0.024313812057870345 0.0066256519675459277 0.0067811406159446518 -0.0021629648561826268 -0.03444631882329733 0.0025083393349296284 0.039273966286144685 -0.0082237966590964235 -0.0031660221465699225 -0.0030980541424836545 -0.0048371960037672515 0.0091611651104738599 -0.015722772766259566 -0.026583805413352209 0.0075234089163569275 0.026306990449526165 -0.027976336824879475 0.017083439321437639
leaf_weight=234.19236139953136 60.019895277917385 548.80468916147947 100.96984178572893 4037.9314433038235 5850.2329562306404 253.13552851974964 1345.8976599164307 81.953056879341602 747.20105943083763 3391.2671094574034 842.3618237003684 440.22238155454397 21.95692989975214 1051.2969154566526 30.345856666564941 3831.8475417941809 22.511610686779022 836.86024854332209 62.446543380618095 2832.3162111192942 2173.7249392420053 690.69533653184772 61.601183414459229 520.6728848554194 122.10754384100437 361.98670476675034 169.14115995168686 129.73984799534082 164.20277572795749 31.497437663376331
leaf_count=1538 458 3435 572 23837 35265 1506 9100 434 4305 22422 5598 2659 139 6491 172 23281 131 5280 368 18107 13738 4385 404 3073 904 2985 1155 765 1024 201
internal_value=-3.59538e-05 0.00136065 0.00264728 0.00411241 0.00627457 -0.00345684 -0.00428463 0.00554489 -0.00693199 -0.00132639 -0.010553 0.000637861 -0.00174796 0.00185737 -0.00226144 -0.00125757 0.0224703 -0.00511036 0.0245045 -0.0057916 2.58008e-05 -0.0113455 0.00689354 0.0129268 -0.0134414 -0.016198 -0.0025042 0.0162803 -0.0225548 -0.0112611
internal_weight=31049.1 22047.9 17955.6 13828.2 9888.16 9001.21 4092.33 868.316 3224.02 3940.07 1746.96 1187.42 7254.25 3500.67 4127.37 3932.82 275.647 3753.58 84.4035 3669.18 3225.02 2036.59 251.361 602.626 1495.6 1204.35 291.249 191.341 194.549 265.69
internal_count=193732 135703 110008 84959 59102 58029 25695 5246 20449 25857 12269 6964 45760 21866 25049 23853 1637 23894 507 23387 20229 13485 1627 3507 10642 8583 2059 1169 1196 1739
cat_boundaries=0 2 4 6 8 10 12 14 16 18 20
cat_threshold=1078002476 421529547 2712207368 136593794 2633760 277088307 3251674080 136892544 2148417664 10486144 541069312 512 524833 64 1130631712 33556485 3256097089 404246632 1641022344 1048640
is_linear=0
shrinkage=0.05


Tree=43
num_leaves=31
num_cat=9
split_feature=19 17 32 7 16 32 32 4 32 16 15 32 10 32 0 32 16 27 31 28 3 26 6 32 4 20 2 35 35 15
split_gain=58.1741 57.4599 75.9805 69.2959 59.4046 54.7126 54.3363 42.1933 66.5114 37.8117 77.0683 69.0852 37.1081 36.1638 34.14 39.7858 41.8724 34.8793 31.4609 28.6716 26.4028 21.6142 18.768 18.1893 16.6814 26.4846 30.2177 18.0048 10.2267 26.7742
threshold=22.500000000000004 0.15021501366407705 0 0.16566260987401457 0.146696642842126 1 2 7.4204812049056619 3 -0.086314989017901536 -0.029327701915415415 4 -0.080815899591698756 5 8.7003285000000012 6 0.078419906475744414 0.28057627573045807 7 0.0099363894693792129 -0.33395496921627615 1.0439255892066613e-07 0.60839187093627012 8 18.155399952500005 13.761247000000003 21.438002397058828 -0.41259686499340487 -0.91853632949137898 0.031727866642921133
decision_type=2 2 9 2 2 9 9 2 9 2 2 9 2 9 2 9 2 2 9 2 2 2 2 9 2 2 2 2 2 2
left_child=1 6 12 5 -5 -4 7 8 -1 11 -11 -8 22 24 17 21 -17 23 -9 -19 -14 -16 -3 -15 25 27 -27 -2 29 -26
right_child=13 2 3 4 -6 -7 9 18 -10 10 -12 -13 20 14 15 16 -18 19 -20 -21 -22 -23 -24 -25 28 26 -28 -29 -30 -31
leaf_value=0.037720841242811047 0.0093356229437842105 -0.010679637759196661 -0.0082776806241047877 0.010628358799723212 -0.0065601076949966522 0.017174806413859899 -0.012567594380421807 0.017783808584192422 0.0036569281750687779 -0.01290932955377423 -0.002982728724453397 0.0031018646378743963 0.1041251347760009 0.013473663796780517 0.011111785348884273 0.00017376790674509315 -0.026764662863668832 0.010233221259035585 -0.0097971835288149928 -0.0024312214548753751 -0.0013577946752045171 -0.010293297341898426 -0.031072848268396559 -0.012563140834828863 0.071329605787761624 0.030669588464242056 -0.040847133968638288 -0.0032582139966318363 -0.022899882366853641 -0.019340228730576888
leaf_weight=142.00042851269245 328.50076125189662 377.39797538146377 240.9275864996016 857.18612346425653 1215.4253110997379 1596.3852502629161 895.0689709931612 108.88149772211909 2663.4931469894946 2902.8709009438753 5990.0906472727656 3147.5084620192647 5.9641827903687945 78.176950007677078 547.25542175769806 339.05268229544163 251.07400509342551 3882.007668569684 854.8101867698133 505.05240974202752 1110.6309693343937 150.33290771767497 160.92898888513446 296.85482263192534 11.244485974311827 114.85294060781598 16.949985206127167 2085.5647967718542 135.07695866376162 29.509480502456427
leaf_count=844 1889 2504 1336 4674 7007 8898 6116 701 17023 19795 38518 20600 37 458 3238 2082 1462 22801 5457 2914 6151 1016 967 1919 75 638 103 13421 900 188
internal_value=-3.52809e-05 -0.00139374 0.00300663 0.00679845 0.000548661 0.0138856 -0.00285964 0.00242164 0.00552857 -0.00439698 -0.006223 -0.000390933 -0.00595703 0.00341366 0.00556175 -0.0016521 -0.0110993 0.00752412 -0.0065981 0.00877525 -0.000794368 0.00640706 -0.016776 -0.00711138 -0.00137651 -0.000352855 0.0214725 -0.00154447 -0.0162764 0.00567662
internal_weight=31041.1 22269.6 5564.85 3909.92 2072.61 1837.31 16704.7 3769.19 2805.49 12935.5 8892.96 4042.58 1654.92 8771.51 6049.81 1287.72 590.127 4762.09 963.692 4387.06 1116.6 697.588 538.327 375.032 2721.7 2545.87 131.803 2414.07 175.831 40.754
internal_count=193732 140628 31574 21915 11681 10234 109054 24025 17867 85029 58313 26716 9659 53104 35890 7798 3544 28092 6158 25715 6188 4254 3471 2377 17214 16051 741 15310 1163 263
cat_boundaries=0 2 3 5 7 9 11 13 14 16
cat_threshold=1142630702 27543758 4210880 1141516320 312756286 655360 6 52433294 1792 1627471917 293620041 2134338 34635814 1040 1581056 2363952
is_linear=0
shrinkage=0.05


Tree=44
num_leaves=31
num_cat=6
split_feature=13 29 12 14 28 28 8 8 32 7 8 32 7 7 32 16 3 7 32 35 15 32 10 19 6 32 26 5 13 16
split_gain=57.2478 102.161 119.608 316.621 60.6212 66.4205 69.2933 59.9247 76.1905 57.2843 50.6502 46.2453 42.2169 32.1933 30.9399 30.1113 25.736 21.6998 32.337 21.6196 21.0314 20.1642 29.7328 18.6631 17.9492 17.4204 17.181 11.7148 9.65631 8.90289
threshold=0.00075245993823940622 -0.0009483507478256401 0.0010309283664582188 0.00054551049354427492 -0.0039840637445569373 0.00040008503600530481 405759.00000000006 57603242.500000007 0 0.088513463196865982 668808.50000000012 1 0.6253396559116482 0.2208399962685928 2 -0.010233419293583504 1.0594993570673454 0.052175013729743334 3 0.88343038213459224 -0.23534920447715882 4 -0.32967048159865714 12.500000000000002 0.43236151525990058 5 6.1147741590383827e-07 11.005186283550712 0.00040240446274358751 0.27068057185863315
decision_type=2 2 2 2 2 2 2 2 9 2 2 9 2 2 9 2 2 2 9 2 2 9 2 2 2 9 2 2 2 2
left_child=1 17 3 28 12 7 11 9 -9 -6 -5 -7 14 -8 20 23 -16 18 -1 25 -2 22 -19 -14 -23 -4 -20 -21 -3 -17
right_child=4 2 19 10 5 6 13 8 -10 -11 -12 -13 15 -15 16 29 -18 21 26 27 -22 24 -24 -25 -26 -27 -28 -29 -30 -31
leaf_value=-0.021789873871190912 -0.033397735808812973 -0.05277091087509439 -0.0084190184547095828 0.012282999562301312 0.015598003848702052 -0.0044934577296239977 -0.00293313779853927 -0.011953454535891823 0.0030110358214066059 0.0049574354866525876 -0.010915974823089473 0.022255554103580669 -0.009467328023244969 -0.013810821422156087 -0.0045038622485420203 -0.041469327969864848 0.0082488783957491499 0.10489940736026489 0.021443225577436255 0.041969930365493374 -0.009225535133281686 -0.0033077352282954321 0.01139112061066563 0.057228352711263308 0.0025493924390342145 0.0043783773643387728 -0.017817778087384099 0.0057939121468858759 -0.024182988645645085 0.045399107800438321
leaf_weight=54.582185097038746 96.025261059403419 505.32580275461078 412.48836543411016 303.61838461458683 1631.8289046734571 267.40885229408741 2593.195457264781 988.32921706885099 5740.0803368017077 5624.7705327272415 1045.2988254204392 399.37600323557854 12.863748855888842 922.04462292790413 1595.7524549514055 15.896143384277822 526.02848319709301 8.8934355676174146 306.9116191342473 48.018977478146553 1430.8740763291717 3250.5975421741605 192.70989818871021 56.813250795006752 2188.7798085510731 707.70487704128027 30.648149505257607 41.910166248679161 31.372168749570847 3.6214415729045859
leaf_count=350 612 7857 2633 2325 9076 1488 14940 6231 34691 32559 8610 2171 66 5548 9892 106 2797 59 1827 277 8948 21532 1113 258 13038 4032 187 239 249 21
internal_value=-3.408e-05 -0.00336064 -0.0107447 -0.0186179 0.00135226 0.00254537 -0.00298325 0.00419863 0.000799627 0.00735023 -0.00569428 0.0117945 -0.00444658 -0.00578635 -0.00527739 0.0295394 -0.00133593 0.000428285 0.0118015 0.0015235 -0.0106758 -0.000362341 0.0147828 0.044915 -0.00094911 -0.000370074 0.0173642 0.0251106 -0.0510998 -0.0253511
internal_weight=31033.8 9128.86 3095.74 1885.62 21904.9 18167 4182.02 13985 6728.41 7256.6 1348.92 666.785 3737.87 3515.24 3648.68 89.1946 2121.78 6033.12 392.142 1210.12 1526.9 5640.98 201.603 69.677 5439.38 1120.19 337.56 89.9291 536.698 19.5176
internal_count=193732 64328 26222 19041 129404 106704 24147 82557 40922 41635 10935 3659 22700 20488 22249 451 12689 38106 2364 7181 9560 35742 1172 324 34570 6665 2014 516 8106 127
cat_boundaries=0 2 4 6 8 10 12
cat_threshold=1107378948 2097674 2176418338 136332672 2721646601 429146532 2715617792 17042432 4327424 35088 549003661 303038530
is_linear=0
shrinkage=0.05


Tree=45
num_leaves=31
num_cat=7
split_feature=27 32 4 32 28 28 8 35 2 32 33 8 10 5 16 21 35 6 32 35 8 16 32 32 7 16 0 32 15 35
split_gain=54.2552 83.8816 51.9083 46.7054 49.0209 63.3259 48.1712 44.7275 41.1286 43.1598 40.9088 39.7281 38.4156 36.7523 35.4308 33.1384 43.7511 30.2403 46.4339 27.8774 40.2918 27.2942 33.7371 30.5285 25.6579 23.5061 21.6512 17.3376 17.1205 10.5167
threshold=0.60811032277395061 0 18.155399952500005 1 -0.0021188216012030846 0.00040008503600530481 1380194.0000000002 0.027145867461136248 5.6472369900000006 2 3.2425645501268194 -1467064.9999999998 -0.47283939643373091 18.661887235634246 0.2062855134734399 234751.00000000003 1.0642452385978014 0.75582012144905941 3 0.20924906572103305 17325801.500000004 -0.19941494916048272 4 5 0.074149455795699551 -0.007204973418007461 14.941421000000002 6 -0.31640964670054067 -0.29071956813317784
decision_type=2 9 2 9 2 2 2 2 2 9 2 2 2 2 2 2 2 2 9 2 2 2 9 9 2 2 2 9 2 2
left_child=1 8 3 7 6 -6 -5 14 9 11 -9 -1 15 26 -2 16 -4 21 28 20 -10 22 -3 -23 -15 -11 -14 -21 -19 -20
right_child=2 17 12 4 5 -7 -8 10 19 25 -12 -13 13 24 -16 -17 -18 18 29 27 -22 23 -24 -25 -26 -27 -28 -29 -30 -31
leaf_value=0.069045888109830811 0.0036511442577695759 0.026858913783735058 0.015157783664095398 0.0071216929270916263 0.0065382519816458949 -0.0012705098847905711 -0.0064356458335937689 -0.010640616854034892 0.012500865854079791 -0.0022809310092889918 0.049570963610042283 0.017634789064927332 -0.0077313199067358396 0.0098959039936091422 -0.020070276190293283 -0.065280593772108167 0.12791727051849658 0.09080755685610585 -0.022334360438889443 0.0093862689671698959 -0.0095257430503682076 -0.01726602892803708 -0.0064165174879820238 -0.0066877675282327846 -0.0099906167860769959 0.010621376204882836 -0.048895196681385616 -0.022245117672788584 0.013542438304742541 -0.0026091767919203274
leaf_weight=41.592596799135208 1896.8851186521351 117.43243039399385 23.48965048789978 926.8831142783165 9772.5605378225446 3535.6388045363128 2235.3800777234137 1530.966362208128 394.65755017101765 714.6782142072916 28.739109914749861 389.23139141499996 50.09474391490221 193.88267909362912 171.65742729976773 6.5835569351911536 13.573362685739992 7.3056596517562857 133.85186883062124 50.776275675743818 438.07162542641163 800.58343649283051 184.86759662628174 4821.7414929717779 992.47520896047354 697.5675345249474 88.163662184029818 237.67587978765368 384.66450056061149 136.46688520908356
leaf_count=214 11478 691 147 5480 58982 20892 13833 10607 2448 4804 152 2266 339 1244 1005 38 88 40 806 337 2713 6375 1250 31472 6369 4315 606 1582 2298 861
internal_value=-3.45812e-05 -0.0031696 0.00136026 0.00200177 0.00313209 0.00446367 -0.00246189 -0.00312931 0.00381148 0.00841792 -0.00953116 0.0220855 -0.00806302 -0.00958381 0.00168263 0.038091 0.056453 -0.00630744 0.00381577 -0.00372688 0.000913386 -0.00744972 0.00718599 -0.00823665 -0.00674063 0.00406329 -0.0339804 -0.0171228 0.0146098 -0.0119348
internal_weight=31018.1 9551.16 21467 20098.7 16470.5 13308.2 3162.26 3628.25 2964.25 1843.07 1559.71 430.824 1368.26 1324.62 2068.54 43.6466 37.063 6586.91 662.289 1121.18 832.729 5924.62 302.3 5622.32 1186.36 1412.25 138.258 288.452 391.97 270.319
internal_count=193732 62472 131260 122429 99187 79874 19313 23242 18679 11599 10759 2480 8831 8558 12483 273 235 43793 4005 7080 5161 39788 1941 37847 7613 9119 945 1919 2338 1667
cat_boundaries=0 2 4 6 8 10 12 14
cat_threshold=603551744 329306654 38879244 287330377 3674112 2101776 3221619105 525536 1073774786 135266369 396 134217921 8388608 33559050
is_linear=0
shrinkage=0.05


Tree=46
num_leaves=30
num_cat=3
split_feature=14 6 32 8 11 2 26 32 7 4 0 8 32 14 16 28 7 16 17 28 7 10 16 5 16 8 9 8 35
split_gain=53.3341 51.3428 65.3876 46.494 81.1584 61.5372 59.7753 71.0277 53.0026 47.5492 41.7649 35.5016 72.5847 50.6274 35.8747 33.7517 32.3632 30.5464 26.2079 25.0179 23.9142 20.1269 21.4446 18.8349 29.2376 17.2357 10.6354 11.954 10.2248
threshold=0.014114656657624717 0.32041500358696562 0 265980445.50000003 0.071065624359007887 4.1549991800000017 5.1000528426483247e-07 1 0.068112785866343936 0.0079737208333333347 33.485001000000004 577110.00000000012 2 0.068182470102899254 0.21718780332268742 -0.0024839512993509913 0.58091406004854285 -0.17529255650685666 -0.3260160933743102 0.0051345947874389961 0.5447516678438552 -0.44894443001058337 -0.1525649178711411 0.056654712782834855 -0.013294225109783188 2631519.0000000005 -171161.49999999997 81951.500000000015 0.49163232622443237
decision_type=2 2 9 2 2 2 2 9 2 2 2 2 9 2 2 2 2 2 2 2 2 2 2 2 2 2 2 2 2
left_child=1 2 23 6 9 -6 8 -8 -3 -5 11 12 14 17 -2 16 -4 -13 -15 -17 -14 22 -12 24 -1 -25 28 -28 -23
right_child=10 3 15 4 5 -7 7 -9 -10 -11 21 13 20 18 -16 19 -18 -19 -20 -21 -22 26 -24 25 -26 -27 27 -29 -30
leaf_value=0.069797979578397937 0.043185396615747385 0.013919151949320247 -0.0079525948314115909 0.16955035073833458 -0.0027195018778477758 -0.024804939452286515 -0.017604505984029236 0.0034935366627090476 0.004053482338280799 0.019583387445300329 0.15072473563987041 0.0071803308908587483 -0.0022587195065524126 0.06448824714803221 -0.046171410502621898 0.0044859084250155508 0.036113639177158062 -0.0042129585002330288 -0.027219751282509405 -0.0063843909261095998 0.026432808018183408 0.049633918819045733 -0.032083523188805224 -0.0040286063564730626 -0.039385641714970783 -0.014536746609676722 0.041988188950850713 -0.035078529674407936 -0.033893042499512908
leaf_weight=17.313259012997154 156.38350176811218 1593.1677407100797 1242.7213362194598 5.3982404172420493 1608.3138520456851 392.34517197310925 639.27938802912831 1031.0665291920304 9358.030292738229 253.23623774200678 3.2606997936964035 645.00152542442083 908.98284594714642 8.0149056538939458 12.101616449654101 3447.2652390263975 43.11124961078167 6692.7287485823035 278.08749225735664 625.32208174467087 78.932012990117073 8.0173966065049154 3.1578536927700034 580.18398197367787 9.4937030151486379 1191.856163598597 5.1881221756339064 166.94302477687597 6.7473697513341895
leaf_count=132 934 9389 8286 35 9451 2441 4683 6438 54118 1588 20 4079 5725 66 79 22013 214 42947 2562 4031 368 51 20 4037 71 8776 32 1105 41
internal_value=-3.44232e-05 0.00128871 -0.00219115 0.00296243 -0.00364336 -0.00705063 0.00414489 -0.00466564 0.00548873 0.0227135 -0.00328391 -0.00277777 0.00538567 -0.00401602 0.0347073 0.000585994 -0.00647515 -0.00321147 -0.0246506 0.00281684 3.3327e-05 -0.0262726 0.0607852 -0.0104091 0.0311305 -0.0110963 -0.0292624 -0.0327557 0.0114628
internal_weight=31011.7 22038.1 7157.27 14880.8 2259.29 2000.66 12621.5 1670.35 10951.2 258.634 8973.55 8780.23 1156.4 7623.83 168.485 5358.42 1285.83 7337.73 286.102 4072.59 987.915 193.314 6.41855 1798.85 26.807 1772.04 186.896 172.131 14.7648
internal_count=193732 135703 47560 88143 13515 11892 74628 11121 63507 1623 58029 56760 7106 49654 1013 34544 8500 47026 2628 26044 6093 1269 40 13016 203 12813 1229 1137 92
cat_boundaries=0 2 4 6
cat_threshold=3758113160 455083205 2151161898 154456128 537266176 277348392
is_linear=0
shrinkage=0.05


Tree=47
num_leaves=31
num_cat=8
split_feature=19 19 8 32 4 7 32 11 32 32 32 33 27 32 28 7 15 28 15 6 17 16 4 26 15 32 32 15 12 8
split_gain=52.8557 65.5019 68.3245 50.9298 47.7295 47.0443 72.0787 47.1168 50.9601 47.132 41.0475 41.1312 39.6722 38.8513 36.7198 40.7966 44.8712 39.4347 63.1718 37.6507 35.7094 32.5511 26.7332 24.5522 24.3076 23.2358 20.716 19.7393 10.4234 9.54059
threshold=19.500000000000004 7.5000000000000009 18750460.500000004 0 0.60811778761560709 0.093692688522058018 1 0.10087076776673966 2 3 4 1.5241325054015877 0.3429255565033294 5 0.00220505597162694 0.69559217889217828 -0.0085401553841836456 -0.0039840637445569373 -0.18648853953713632 0.21060046662485085 -0.3923835513895213 -0.10135609978353577 0.0079737208333333347 1.0806782294265329e-08 0.014778817801409534 6 7 0.14304305919211274 -0.029926907470687766 -1467064.9999999998
decision_type=2 2 2 9 2 2 9 2 9 9 9 2 2 9 2 2 2 2 2 2 2 2 2 2 2 9 9 2 2 2
left_child=1 5 3 27 -5 6 21 9 -9 -7 11 -4 13 28 17 16 -16 19 -19 -14 -12 -1 -8 25 -17 -15 -25 -3 -2 -30
right_child=12 2 10 4 -6 7 22 8 -10 -11 20 -13 14 23 15 24 -18 18 -20 -21 -22 -23 -24 26 -26 -27 -28 -29 29 -31
leaf_value=0.046851030689776023 -0.054255573284501118 -0.0089299597238099975 -0.0051758513772394849 0.018591604523390714 0.00050594132613300904 0.010142912765364887 0.12609501710915785 0.011561725478643033 -0.0012310414587242034 -0.011632682920046343 0.031490809199036594 0.012252787342823932 -0.012846073338872308 0.024846258010597734 -0.011341361480149303 0.087383206622062823 0.0038966500832797752 0.021612127609828856 0.0052500493989662486 0.0030784154665677282 -0.010876563718113814 0.017365431600423229 2.8520156462041702e-05 -0.022961144136015292 -0.043057689897580395 -0.010911258136469315 -0.006715864991040878 -0.036623305988719566 0.07206704618829339 0.01902281504960579
leaf_weight=111.49799322336912 4.5689526200294486 828.71204716339707 1792.1042658872902 394.48734874278307 4847.8954097032547 304.10677650943398 4.2241689264774314 1180.4627102948725 2249.8325033336878 1232.7358743064106 50.3446199670434 417.35627818480134 518.10426143929362 93.45949624851346 916.769117500633 19.093822047114376 1021.3330409750342 653.96456191688776 6022.7306145131588 1308.8809995502234 4105.5681819841266 583.17274409532547 939.097995813936 258.28894696012139 4.3933020569384089 75.298498872667551 856.15845670551062 69.762818157672882 9.0720795392990095 129.21742984652519
leaf_count=694 26 6178 11372 2356 29752 2036 26 7050 13957 8765 300 2254 3388 582 5626 86 5854 3897 36400 7750 26557 3553 6017 1758 29 521 5662 476 46 764
internal_value=-3.42699e-05 -0.00166276 -0.00379006 -2.7424e-05 0.00186333 0.00236509 0.00971327 -5.80896e-05 0.00320143 -0.00733347 -0.00741998 -0.00187518 0.00258299 -0.00524056 0.00364908 -0.00251751 -0.0033113 0.00507155 0.00685267 -0.00143752 -0.0103384 0.0217844 0.000586821 -0.00799359 0.062984 0.00971727 -0.0107472 -0.0109583 0.0187362 0.0225026
internal_weight=31002.7 19111.4 12506.2 6140.86 5242.38 6605.13 1637.99 4967.14 3430.3 1536.84 6365.37 2209.46 11891.3 1426.06 10465.3 1961.59 1938.1 8503.68 6676.7 1826.99 4155.91 694.671 943.322 1283.21 23.4871 168.758 1114.45 898.475 142.858 138.29
internal_count=193732 121343 79245 38762 32108 42098 10290 31808 21007 10801 40483 13626 72389 9359 63030 11595 11480 51435 40297 11138 26857 4247 6043 8523 115 1103 7420 6654 836 810
cat_boundaries=0 2 4 6 8 10 12 14 16
cat_threshold=4268300 134218825 2718488743 558848 3302761024 44308498 34052096 311692288 562043488 436473980 2109442 10523160 1619558496 1572866 46432812 1090
is_linear=0
shrinkage=0.05


Tree=48
num_leaves=22
num_cat=4
split_feature=10 17 4 8 32 32 10 32 33 6 32 6 15 8 27 4 26 16 27 26 30
split_gain=50.6654 68.8005 52.853 63.897 78.2233 77.4709 43.4953 40.8537 25.459 24.8689 23.1248 47.7712 17.4595 20.1089 15.8189 15.7275 9.93009 25.3807 6.93242 11.9899 4.77839
threshold=-0.59603370143990964 -0.47394196762568691 18.155399952500005 57603242.500000007 0 1 -0.54154512869908134 2 0.17838650963853175 0.1690959969408862 3 0.26896726044793579 -0.29418798727746281 6108254.5000000009 1.3168326694102532 0.60811778761560709 2.4546974048291116e-07 -0.36066060784443521 1.0599670458113204 7.0335885862307183e-08 0.042407797649502761
decision_type=2 2 2 2 9 9 2 9 2 2 9 2 2 2 2 2 2 2 2 2 2
left_child=10 8 3 5 -5 -3 9 -8 12 -4 11 18 13 -2 -14 -12 20 -18 19 -1 -17
right_child=1 2 6 4 -6 -7 7 -9 -10 -11 15 -13 14 -15 -16 16 17 -19 -20 -21 -22
leaf_value=-0.056045193193485582 0.026979407371890186 0.0075178344800138465 0.018021360151311151 -0.0088155601709286029 0.00031009941647107669 0.00025238590449028724 0.0033028576836157627 -0.012474596564510373 0.15014033523497852 0.18889426522616495 0.032507021633820889 0.14787689923044675 -0.043967846243079325 0.092312542698588768 0.058520387584890435 -0.058725275449632165 0.10647629357183253 -0.046384246391602393 -0.060794768936980152 0.073935058742455526 -0.010470299894601012
leaf_weight=3.4784983545541781 26.726633511483669 5224.3091589063406 4.1831420958042127 3334.0835650451481 7891.4996075667441 12284.429303556681 563.92976648360491 1497.1615184061229 5.7928611785173407 4.3370917737483978 6.4098866730928412 5.716085046529769 9.8212713748216611 21.057070538401604 6.1056774109601966 75.095003195106983 3.5122209042310706 11.971218343824146 6.6497062146663666 3.6211098432540894 5.5064135789871207
leaf_count=19 153 30638 24 21955 48701 77683 3515 10078 27 25 33 28 60 116 37 455 21 77 32 22 33
internal_value=-3.39971e-05 9.30585e-05 -1.90591e-05 0.000536776 -0.00240787 0.00242471 -0.00773623 -0.00820227 0.0497835 0.105002 -0.0321973 0.0174368 0.0406586 0.0557701 -0.00467846 -0.0394736 -0.0483837 -0.0117098 -0.0241098 0.0102504 -0.0554287
internal_weight=30995.4 30873.4 30803.9 28734.3 11225.6 17508.7 2069.61 2061.09 69.5035 8.52023 121.96 19.4654 63.7107 47.7837 15.9269 102.495 96.0849 15.4834 13.7493 7.09961 80.6014
internal_count=193732 193012 192619 178977 70656 108321 13642 13593 393 49 720 101 366 269 97 619 586 98 73 41 488
cat_boundaries=0 2 4 6 8
cat_threshold=1108427021 19923498 2611969 329259566 32768 1097728 92536832 8912896
is_linear=0
shrinkage=0.05


Tree=49
num_leaves=31
num_cat=8
split_feature=13 29 12 14 14 28 32 7 32 30 27 32 7 32 32 28 32 12 4 7 11 25 32 25 6 35 32 7 15 4
split_gain=48.9497 93.9794 116.404 292.846 50.4287 42.0862 41.9281 33.5869 62.9829 35.1537 32.6445 32.3097 30.7543 28.366 26.7066 25.7211 35.3434 25.1813 23.3467 22.0732 34.8228 28.5087 26.4394 24.3764 22.7409 19.7672 16.8969 16.6612 15.4267 9.89591
threshold=0.00086010577473041329 -0.00038398644533181023 0.0008528760867969851 0.00054551049354427492 0.0053006602028329297 -1.0000000180025095e-35 0 0.069049824911151053 1 0.0048806024715304383 0.49614218218896416 2 0.16775934485013425 3 4 1.0000000180025095e-35 5 0.066295678088794566 0.64099850000000014 0.13569159613695239 0.32075128987728713 4.626932039029844e-08 6 2.4208817509942393e-06 0.42410698071149405 0.99423254213120371 7 0.69559217889217828 0.32548890125894775 14.965099995000001
decision_type=2 2 2 2 2 2 9 2 9 2 2 9 2 9 9 2 9 2 2 2 2 2 9 2 2 2 9 2 2 2
left_child=1 19 3 -3 7 13 -5 8 9 -2 11 -7 -12 18 -10 17 -17 -9 -6 20 24 -22 28 -24 -1 26 -4 -15 -21 -27
right_child=4 2 25 6 5 10 -8 15 14 -11 12 -13 -14 27 -16 16 -18 -19 -20 22 21 -23 23 -25 -26 29 -28 -29 -30 -31
leaf_value=-0.0022448908318978638 0.047319265478032807 -0.051722877931882606 -0.005209759234917768 -0.01434773403999366 0.019110849176728999 -0.011924391567953127 0.0038513457449415632 0.0031353146648227109 -0.014350632721212784 0.014271194305320601 0.0045628542935030377 0.001841807977712916 -0.0015739741353186416 -0.01328630331500757 0.0081844824216794915 0.0063112942510726274 -0.010986482955462847 0.01575638857856726 -0.0037979473201275485 0.0068316746341349436 0.0062805828835419356 0.032481776125107525 -0.0063756115771630949 0.017243315989559794 0.0077704878327358902 0.043621397948886934 0.0069112880119985261 0.02977547111866001 -0.015950215262300654 0.0065550428486775576
leaf_weight=1602.6532801762223 163.86160435527563 484.94605711102486 691.51204700395465 677.32597225904465 126.51071860641241 940.60135043412447 583.96933392435312 6565.6998607963324 143.50312687456608 158.10980974137783 4556.6605875566602 774.17092540115118 3698.677832365036 1159.953179910779 959.37094012647867 489.96347560733557 717.72644044458866 420.52024794369936 919.8180138245225 838.6292366720736 262.40804197266698 171.78261017799377 2236.5070389695466 114.85160955786705 876.89195770025253 39.332571461796761 477.22655230760574 22.906244747340679 81.53214456140995 33.211061216890812
leaf_count=10585 858 7760 4301 5701 753 6066 4732 38083 803 806 27079 4727 22447 7260 5333 2647 4053 2156 5693 5212 1515 977 14489 753 5267 212 2684 120 466 194
internal_value=-3.32424e-05 -0.00309793 -0.0103801 -0.0187012 0.00125522 -0.000879266 -0.00600493 0.00396235 0.0110476 0.0301539 0.000509393 -0.00576814 0.00181334 -0.00709009 0.00514967 0.00273028 -0.00400743 0.00389501 -0.00101833 0.000419398 0.00358439 0.0166468 -0.00239946 -0.00519984 0.00129705 0.00132613 -0.00024586 -0.012348 0.00476131 0.0266521
internal_weight=30990.8 9172.78 2987.52 1746.24 21818.1 12199.3 1261.3 9618.76 1424.85 321.971 9970.11 1714.77 8255.34 2229.19 1102.87 8193.91 1207.69 6986.22 1046.33 6185.26 2913.74 434.191 3271.52 2351.36 2479.55 1241.28 1168.74 1182.86 920.161 72.5436
internal_count=193732 64848 25584 18193 128884 74145 10433 54739 7800 1664 60319 10793 49526 13826 6136 46939 6700 40239 6446 39264 18344 2492 20920 15242 15852 7391 6985 7380 5678 406
cat_boundaries=0 2 4 6 8 10 12 14 16
cat_threshold=2742600557 185598272 42746026 33604194 3288843151 52969640 1623267622 2659788 2686521344 2359432 3312261952 11538752 31975808 8685884 3786998157 319835202
is_linear=0
shrinkage=0.05


end of trees

feature_importances:
industry=358
OBV=163
BB_Width=96
EMA_Cross=85
Lower_Shadow=78
SMA_Cross=70
Price_vs_SMA200=61
Body_Size=56
Upper_Shadow=45
Day_Of_Month=45
SMA_200=43
Dist_From_High=39
BB_PctB=35
Overnight_Gap=34
Intraday_Return=34
Z_Score=29
SMA_50=27
Amihud_SMA_10=27
Dist_From_Low=23
PCA_Momentum_0=23
EMA_50=21
PCA_Momentum_2=21
Volume_Acceleration=18
Close=13
Close_Lag1=11
Amihud_Illiquidity=7
feat_sector_rel_strength=6
Volume_Lag1=5
PCA_Momentum_1=5
Volume=4
sector=4
OBV_Slope=3

parameters:
[boosting: gbdt]
[objective: binary]
[metric: binary_logloss]
[tree_learner: serial]
[device_type: cpu]
[data_sample_strategy: bagging]
[data: ]
[valid: ]
[num_iterations: 500]
[learning_rate: 0.05]
[num_leaves: 31]
[num_threads: 8]
[seed: 42]
[deterministic: 0]
[force_col_wise: 0]
[force_row_wise: 0]
[histogram_pool_size: -1]
[max_depth: 5]
[min_data_in_leaf: 20]
[min_sum_hessian_in_leaf: 0.001]
[bagging_fraction: 1]
[pos_bagging_fraction: 1]
[neg_bagging_fraction: 1]
[bagging_freq: 0]
[bagging_seed: 400]
[bagging_by_query: 0]
[feature_fraction: 1]
[feature_fraction_bynode: 1]
[feature_fraction_seed: 30056]
[extra_trees: 0]
[extra_seed: 12879]
[early_stopping_round: 0]
[early_stopping_min_delta: 0]
[first_metric_only: 0]
[max_delta_step: 0]
[lambda_l1: 0]
[lambda_l2: 0]
[linear_lambda: 0]
[min_gain_to_split: 0]
[drop_rate: 0.1]
[max_drop: 50]
[skip_drop: 0.5]
[xgboost_dart_mode: 0]
[uniform_drop: 0]
[drop_seed: 17869]
[top_rate: 0.2]
[other_rate: 0.1]
[min_data_per_group: 100]
[max_cat_threshold: 32]
[cat_l2: 10]
[cat_smooth: 10]
[max_cat_to_onehot: 4]
[top_k: 20]
[monotone_constraints: ]
[monotone_constraints_method: basic]
[monotone_penalty: 0]
[feature_contri: ]
[forcedsplits_filename: ]
[refit_decay_rate: 0.9]
[cegb_tradeoff: 1]
[cegb_penalty_split: 0]
[cegb_penalty_feature_lazy: ]
[cegb_penalty_feature_coupled: ]
[path_smooth: 0]
[interaction_constraints: ]
[verbosity: -1]
[saved_feature_importance_type: 0]
[use_quantized_grad: 0]
[num_grad_quant_bins: 4]
[quant_train_renew_leaf: 0]
[stochastic_rounding: 1]
[linear_tree: 0]
[max_bin: 255]
[max_bin_by_feature: ]
[min_data_in_bin: 3]
[bin_construct_sample_cnt: 200000]
[data_random_seed: 175]
[is_enable_sparse: 1]
[enable_bundle: 1]
[use_missing: 1]
[zero_as_missing: 0]
[feature_pre_filter: 1]
[pre_partition: 0]
[two_round: 0]
[header: 0]
[label_column: ]
[weight_column: ]
[group_column: ]
[ignore_column: ]
[categorical_feature: 31,32]
[forcedbins_filename: ]
[precise_float_parser: 0]
[parser_config_file: ]
[objective_seed: 16083]
[num_class: 1]
[is_unbalance: 0]
[scale_pos_weight: 1]
[sigmoid: 1]
[boost_from_average: 1]
[reg_sqrt: 0]
[alpha: 0.9]
[fair_c: 1]
[poisson_max_delta_step: 0.7]
[tweedie_variance_power: 1.5]
[lambdarank_truncation_level: 30]
[lambdarank_norm: 1]
[label_gain: ]
[lambdarank_position_bias_regularization: 0]
[eval_at: ]
[multi_error_top_k: 1]
[auc_mu_weights: ]
[num_machines: 1]
[local_listen_port: 12400]
[time_out: 120]
[machine_list_filename: ]
[machines: ]
[gpu_platform_id: -1]
[gpu_device_id: -1]
[gpu_use_dp: 0]
[num_gpu: 1]

end of parameters

pandas_categorical:[["Commercial Services", "Communications", "Consumer Durables", "Consumer Non-Durables", "Consumer Services", "Distribution Services", "Electronic Technology", "Energy Minerals", "Finance", "Health Services", "Health Technology", "Industrial Services", "Miscellaneous", "Non-Energy Minerals", "Process Industries", "Producer Manufacturing", "Retail Trade", "Technology Services", "Transportation", "Unknown", "Utilities"], ["Agricultural Commodities/Milling", "Aluminum", "Apparel/Footwear", "Apparel/Footwear Retail", "Broadcasting", "Building Products", "Chemicals: Agricultural", "Chemicals: Specialty", "Construction Materials", "Containers/Packaging", "Contract Drilling", "Electric Utilities", "Electrical Products", "Electronic Components", "Electronics Distributors", "Engineering & Construction", "Finance/Rental/Leasing", "Financial Conglomerates", "Food Retail", "Food: Meat/Fish/Dairy", "Food: Specialty/Candy", "Gas Distributors", "Home Furnishings", "Homebuilding", "Hospital/Nursing Management", "Hotels/Resorts/Cruise lines", "Household/Personal Care", "Industrial Machinery", "Industrial Specialties", "Information Technology Services", "Investment Banks/Brokers", "Investment Managers", "Investment Trusts/Mutual Funds", "Major Banks", "Major Telecommunications", "Medical Distributors", "Medical/Nursing Services", "Metal Fabrication", "Miscellaneous Commercial Services", "Movies/Entertainment", "Multi-Line Insurance", "Oil Refining/Marketing", "Oilfield Services/Equipment", "Other Consumer Services", "Other Transportation", "Packaged Software", "Pharmaceuticals: Major", "Pharmaceuticals: Other", "Property/Casualty Insurance", "Publishing: Books/Magazines", "Pulp & Paper", "Real Estate Development", "Regional Banks", "Specialty Stores", "Specialty Telecommunications", "Steel", "Textiles", "Tobacco", "Unknown", "Wholesale Distributors", "Wireless Telecommunications"]]
